"","X","yearSeason","slugSeason","slugLeague","typeSeason","dateGame","idGame","numberGameTeamSeason","nameTeam","idTeam","isB2B","isB2BFirst","isB2BSecond","locationGame","slugMatchup","slugTeam","countDaysRestTeam","countDaysNextGameTeam","slugOpponent","slugTeamWinner","slugTeamLoser","outcomeGame","namePlayer","numberGamePlayerSeason","countDaysRestPlayer","countDaysNextGamePlayer","idPlayer","isWin","fgm","fga","pctFG","fg3m","fg3a","pctFG3","pctFT","hasVideo","fg2m","fg2a","pctFG2","minutes","ftm","fta","oreb","dreb","treb","ast","stl","blk","tov","pf","pts","plusminus","fpts","urlTeamSeasonLogo","urlPlayerStats","urlPlayerThumbnail","urlPlayerHeadshot","urlPlayerActionPhoto","urlPlayerPhoto"
"1",47,2024,"2023-24","NBA","Regular Season","2023-10-25",22300065,1,"Boston Celtics",1610612738,FALSE,FALSE,FALSE,"A","BOS @ NYK","BOS",120,1,"NYK","BOS","NYK","W","Al Horford",1,120,120,201143,TRUE,3,4,0.75,2,3,0.666666666666667,NA,TRUE,1,1,1,26,0,0,3,4,7,2,0,0,3,2,8,-7,16.4,"https://stats.nba.com/media/img/teams/logos/season/2023-24/BOS_logo.svg","https://stats.nba.com/player/201143","https://stats.nba.com/media/players/230x185/201143.png","https://ak-static.cms.nba.com/wp-content/uploads/headshots/nba/latest/260x190/201143.png","https://stats.nba.com/media/players/700/201143.png","https://ak-static.cms.nba.com/wp-content/uploads/headshots/nba/latest/260x190/201143.png"
"2",88,2024,"2023-24","NBA","Regular Season","2023-10-25",22300065,1,"Boston Celtics",1610612738,FALSE,FALSE,FALSE,"A","BOS @ NYK","BOS",120,1,"NYK","BOS","NYK","W","Derrick White",1,120,120,1628401,TRUE,4,6,0.667,1,3,0.333333333333333,0.75,TRUE,3,3,1,32,3,4,0,6,6,2,2,1,1,3,12,7,30.2,"https://stats.nba.com/media/img/teams/logos/season/2023-24/BOS_logo.svg","https://stats.nba.com/player/1628401","https://ak-static.cms.nba.com/wp-content/uploads/headshots/nba/latest/260x190/1628401.png","https://ak-static.cms.nba.com/wp-content/uploads/headshots/nba/latest/260x190/1628401.png","https://stats.nba.com/media/players/700/1628401.png","https://ak-static.cms.nba.com/wp-content/uploads/headshots/nba/latest/260x190/1628401.png"
"3",89,2024,"2023-24","NBA","Regular Season","2023-10-25",22300065,1,"Boston Celtics",1610612738,FALSE,FALSE,FALSE,"A","BOS @ NYK","BOS",120,1,"NYK","BOS","NYK","W","Sam Hauser",1,120,120,1630573,TRUE,0,4,0,0,4,0,NA,TRUE,0,0,0,14,0,0,0,2,2,0,1,1,0,1,0,5,8.4,"https://stats.nba.com/media/img/teams/logos/season/2023-24/BOS_logo.svg","https://stats.nba.com/player/1630573","https://ak-static.cms.nba.com/wp-content/uploads/headshots/nba/latest/260x190/1630573.png","https://ak-static.cms.nba.com/wp-content/uploads/headshots/nba/latest/260x190/1630573.png","https://stats.nba.com/media/players/700/1630573.png","https://stats.nba.com/media/img/league/nba-headshot-fallback.png"
"4",197,2024,"2023-24","NBA","Regular Season","2023-10-25",22300065,1,"Boston Celtics",1610612738,FALSE,FALSE,FALSE,"A","BOS @ NYK","BOS",120,1,"NYK","BOS","NYK","W","Jaylen Brown",1,120,120,1627759,TRUE,4,11,0.364,0,4,0,0.75,TRUE,4,7,0.571428571428571,38,3,4,0,6,6,5,1,0,2,5,11,8,26.7,"https://stats.nba.com/media/img/teams/logos/season/2023-24/BOS_logo.svg","https://stats.nba.com/player/1627759","https://stats.nba.com/media/players/230x185/1627759.png","https://ak-static.cms.nba.com/wp-content/uploads/headshots/nba/latest/260x190/1627759.png","https://stats.nba.com/media/players/700/1627759.png","https://ak-static.cms.nba.com/wp-content/uploads/headshots/nba/latest/260x190/1627759.png"
"5",198,2024,"2023-24","NBA","Regular Season","2023-10-25",22300065,1,"Boston Celtics",1610612738,FALSE,FALSE,FALSE,"A","BOS @ NYK","BOS",120,1,"NYK","BOS","NYK","W","Jayson Tatum",1,120,120,1628369,TRUE,13,22,0.591,3,8,0.375,0.833,TRUE,10,14,0.714285714285714,39,5,6,0,11,11,4,2,1,4,3,34,0,58.2,"https://stats.nba.com/media/img/teams/logos/season/2023-24/BOS_logo.svg","https://stats.nba.com/player/1628369","https://ak-static.cms.nba.com/wp-content/uploads/headshots/nba/latest/260x190/1628369.png","https://ak-static.cms.nba.com/wp-content/uploads/headshots/nba/latest/260x190/1628369.png","https://stats.nba.com/media/players/700/1628369.png","https://ak-static.cms.nba.com/wp-content/uploads/headshots/nba/latest/260x190/1628369.png"
"6",244,2024,"2023-24","NBA","Regular Season","2023-10-25",22300065,1,"Boston Celtics",1610612738,FALSE,FALSE,FALSE,"A","BOS @ NYK","BOS",120,1,"NYK","BOS","NYK","W","Kristaps Porziņģis",1,120,120,204001,TRUE,8,15,0.533,5,9,0.555555555555556,0.9,TRUE,3,6,0.5,38,9,10,1,7,8,0,0,4,1,4,30,13,50.6,"https://stats.nba.com/media/img/teams/logos/season/2023-24/BOS_logo.svg","https://stats.nba.com/player/204001","https://stats.nba.com/media/players/230x185/204001.png","https://ak-static.cms.nba.com/wp-content/uploads/headshots/nba/latest/260x190/204001.png","https://stats.nba.com/media/players/700/204001.png","https://ak-static.cms.nba.com/wp-content/uploads/headshots/nba/latest/260x190/204001.png"
"7",245,2024,"2023-24","NBA","Regular Season","2023-10-25",22300065,1,"Boston Celtics",1610612738,FALSE,FALSE,FALSE,"A","BOS @ NYK","BOS",120,1,"NYK","BOS","NYK","W","Luke Kornet",1,120,120,1628436,TRUE,0,1,0,0,0,0,NA,TRUE,0,1,0,8,0,0,1,0,1,2,0,1,0,0,0,-1,7.2,"https://stats.nba.com/media/img/teams/logos/season/2023-24/BOS_logo.svg","https://stats.nba.com/player/1628436","https://ak-static.cms.nba.com/wp-content/uploads/headshots/nba/latest/260x190/1628436.png","https://ak-static.cms.nba.com/wp-content/uploads/headshots/nba/latest/260x190/1628436.png","https://stats.nba.com/media/players/700/1628436.png","https://ak-static.cms.nba.com/wp-content/uploads/headshots/nba/latest/260x190/1628436.png"
"8",246,2024,"2023-24","NBA","Regular Season","2023-10-25",22300065,1,"Boston Celtics",1610612738,FALSE,FALSE,FALSE,"A","BOS @ NYK","BOS",120,1,"NYK","BOS","NYK","W","Payton Pritchard",1,120,120,1630202,TRUE,1,4,0.25,0,3,0,1,TRUE,1,1,1,11,2,2,0,1,1,1,0,0,0,1,4,-8,6.7,"https://stats.nba.com/media/img/teams/logos/season/2023-24/BOS_logo.svg","https://stats.nba.com/player/1630202","https://ak-static.cms.nba.com/wp-content/uploads/headshots/nba/latest/260x190/1630202.png","https://ak-static.cms.nba.com/wp-content/uploads/headshots/nba/latest/260x190/1630202.png","https://stats.nba.com/media/players/700/1630202.png","https://stats.nba.com/media/img/league/nba-headshot-fallback.png"
"9",303,2024,"2023-24","NBA","Regular Season","2023-10-25",22300065,1,"Boston Celtics",1610612738,FALSE,FALSE,FALSE,"A","BOS @ NYK","BOS",120,1,"NYK","BOS","NYK","W","Jrue Holiday",1,120,120,201950,TRUE,4,10,0.4,1,5,0.2,NA,TRUE,3,5,0.6,35,0,0,2,2,4,2,0,3,2,3,9,3,23.8,"https://stats.nba.com/media/img/teams/logos/season/2023-24/BOS_logo.svg","https://stats.nba.com/player/201950","https://stats.nba.com/media/players/230x185/201950.png","https://ak-static.cms.nba.com/wp-content/uploads/headshots/nba/latest/260x190/201950.png","https://stats.nba.com/media/players/700/201950.png","https://ak-static.cms.nba.com/wp-content/uploads/headshots/nba/latest/260x190/201950.png"
"10",395,2024,"2023-24","NBA","Regular Season","2023-10-27",22300080,2,"Boston Celtics",1610612738,FALSE,FALSE,FALSE,"H","BOS vs. MIA","BOS",1,2,"MIA","BOS","MIA","W","Jrue Holiday",2,1,2,201950,TRUE,7,13,0.538,1,4,0.25,1,TRUE,6,9,0.666666666666667,36,2,2,2,8,10,7,0,1,1,2,17,4,41.5,"https://stats.nba.com/media/img/teams/logos/season/2023-24/BOS_logo.svg","https://stats.nba.com/player/201950","https://stats.nba.com/media/players/230x185/201950.png","https://ak-static.cms.nba.com/wp-content/uploads/headshots/nba/latest/260x190/201950.png","https://stats.nba.com/media/players/700/201950.png","https://ak-static.cms.nba.com/wp-content/uploads/headshots/nba/latest/260x190/201950.png"
"11",396,2024,"2023-24","NBA","Regular Season","2023-10-27",22300080,2,"Boston Celtics",1610612738,FALSE,FALSE,FALSE,"H","BOS vs. MIA","BOS",1,2,"MIA","BOS","MIA","W","Sam Hauser",2,1,2,1630573,TRUE,1,2,0.5,1,2,0.5,NA,TRUE,0,0,0,10,0,0,0,1,1,0,0,0,0,1,3,6,4.2,"https://stats.nba.com/media/img/teams/logos/season/2023-24/BOS_logo.svg","https://stats.nba.com/player/1630573","https://ak-static.cms.nba.com/wp-content/uploads/headshots/nba/latest/260x190/1630573.png","https://ak-static.cms.nba.com/wp-content/uploads/headshots/nba/latest/260x190/1630573.png","https://stats.nba.com/media/players/700/1630573.png","https://stats.nba.com/media/img/league/nba-headshot-fallback.png"
"12",439,2024,"2023-24","NBA","Regular Season","2023-10-27",22300080,2,"Boston Celtics",1610612738,FALSE,FALSE,FALSE,"H","BOS vs. MIA","BOS",1,2,"MIA","BOS","MIA","W","Al Horford",2,1,2,201143,TRUE,0,6,0,0,2,0,NA,TRUE,0,4,0,25,0,0,3,7,10,2,0,1,3,1,0,7,15,"https://stats.nba.com/media/img/teams/logos/season/2023-24/BOS_logo.svg","https://stats.nba.com/player/201143","https://stats.nba.com/media/players/230x185/201143.png","https://ak-static.cms.nba.com/wp-content/uploads/headshots/nba/latest/260x190/201143.png","https://stats.nba.com/media/players/700/201143.png","https://ak-static.cms.nba.com/wp-content/uploads/headshots/nba/latest/260x190/201143.png"
"13",440,2024,"2023-24","NBA","Regular Season","2023-10-27",22300080,2,"Boston Celtics",1610612738,FALSE,FALSE,FALSE,"H","BOS vs. MIA","BOS",1,2,"MIA","BOS","MIA","W","Kristaps Porziņģis",2,1,2,204001,TRUE,6,12,0.5,2,6,0.333333333333333,0.75,TRUE,4,6,0.666666666666667,30,3,4,3,6,9,1,3,1,1,6,17,-12,40.3,"https://stats.nba.com/media/img/teams/logos/season/2023-24/BOS_logo.svg","https://stats.nba.com/player/204001","https://stats.nba.com/media/players/230x185/204001.png","https://ak-static.cms.nba.com/wp-content/uploads/headshots/nba/latest/260x190/204001.png","https://stats.nba.com/media/players/700/204001.png","https://ak-static.cms.nba.com/wp-content/uploads/headshots/nba/latest/260x190/204001.png"
"14",441,2024,"2023-24","NBA","Regular Season","2023-10-27",22300080,2,"Boston Celtics",1610612738,FALSE,FALSE,FALSE,"H","BOS vs. MIA","BOS",1,2,"MIA","BOS","MIA","W","Jayson Tatum",2,1,2,1628369,TRUE,9,22,0.409,3,10,0.3,0.333,TRUE,6,12,0.5,41,1,3,0,8,8,5,1,0,2,4,22,13,40.1,"https://stats.nba.com/media/img/teams/logos/season/2023-24/BOS_logo.svg","https://stats.nba.com/player/1628369","https://ak-static.cms.nba.com/wp-content/uploads/headshots/nba/latest/260x190/1628369.png","https://ak-static.cms.nba.com/wp-content/uploads/headshots/nba/latest/260x190/1628369.png","https://stats.nba.com/media/players/700/1628369.png","https://ak-static.cms.nba.com/wp-content/uploads/headshots/nba/latest/260x190/1628369.png"
"15",442,2024,"2023-24","NBA","Regular Season","2023-10-27",22300080,2,"Boston Celtics",1610612738,FALSE,FALSE,FALSE,"H","BOS vs. MIA","BOS",1,2,"MIA","BOS","MIA","W","Oshae Brissett",1,120,120,1629052,TRUE,1,2,0.5,0,0,0,NA,TRUE,1,2,0.5,14,0,0,3,2,5,0,0,0,2,1,2,7,6,"https://stats.nba.com/media/img/teams/logos/season/2023-24/BOS_logo.svg","https://stats.nba.com/player/1629052","https://ak-static.cms.nba.com/wp-content/uploads/headshots/nba/latest/260x190/1629052.png","https://ak-static.cms.nba.com/wp-content/uploads/headshots/nba/latest/260x190/1629052.png","https://stats.nba.com/media/players/700/1629052.png","https://stats.nba.com/media/img/league/nba-headshot-fallback.png"
"16",487,2024,"2023-24","NBA","Regular Season","2023-10-27",22300080,2,"Boston Celtics",1610612738,FALSE,FALSE,FALSE,"H","BOS vs. MIA","BOS",1,2,"MIA","BOS","MIA","W","Jaylen Brown",2,1,2,1627759,TRUE,11,22,0.5,3,7,0.428571428571429,0.5,TRUE,8,15,0.533333333333333,34,2,4,2,4,6,1,2,0,4,1,27,3,37.7,"https://stats.nba.com/media/img/teams/logos/season/2023-24/BOS_logo.svg","https://stats.nba.com/player/1627759","https://stats.nba.com/media/players/230x185/1627759.png","https://ak-static.cms.nba.com/wp-content/uploads/headshots/nba/latest/260x190/1627759.png","https://stats.nba.com/media/players/700/1627759.png","https://ak-static.cms.nba.com/wp-content/uploads/headshots/nba/latest/260x190/1627759.png"
"17",488,2024,"2023-24","NBA","Regular Season","2023-10-27",22300080,2,"Boston Celtics",1610612738,FALSE,FALSE,FALSE,"H","BOS vs. MIA","BOS",1,2,"MIA","BOS","MIA","W","Derrick White",2,1,2,1628401,TRUE,9,15,0.6,5,7,0.714285714285714,0.833,TRUE,4,8,0.5,36,5,6,3,3,6,3,1,3,2,1,28,4,49.7,"https://stats.nba.com/media/img/teams/logos/season/2023-24/BOS_logo.svg","https://stats.nba.com/player/1628401","https://ak-static.cms.nba.com/wp-content/uploads/headshots/nba/latest/260x190/1628401.png","https://ak-static.cms.nba.com/wp-content/uploads/headshots/nba/latest/260x190/1628401.png","https://stats.nba.com/media/players/700/1628401.png","https://ak-static.cms.nba.com/wp-content/uploads/headshots/nba/latest/260x190/1628401.png"
"18",489,2024,"2023-24","NBA","Regular Season","2023-10-27",22300080,2,"Boston Celtics",1610612738,FALSE,FALSE,FALSE,"H","BOS vs. MIA","BOS",1,2,"MIA","BOS","MIA","W","Payton Pritchard",2,1,2,1630202,TRUE,1,1,1,1,1,1,NA,TRUE,0,0,0,13,0,0,0,0,0,1,0,0,0,2,3,8,4.5,"https://stats.nba.com/media/img/teams/logos/season/2023-24/BOS_logo.svg","https://stats.nba.com/player/1630202","https://ak-static.cms.nba.com/wp-content/uploads/headshots/nba/latest/260x190/1630202.png","https://ak-static.cms.nba.com/wp-content/uploads/headshots/nba/latest/260x190/1630202.png","https://stats.nba.com/media/players/700/1630202.png","https://stats.nba.com/media/img/league/nba-headshot-fallback.png"
"19",881,2024,"2023-24","NBA","Regular Season","2023-10-30",22300103,3,"Boston Celtics",1610612738,FALSE,FALSE,FALSE,"A","BOS @ WAS","BOS",2,1,"WAS","BOS","WAS","W","Derrick White",3,2,1,1628401,TRUE,2,3,0.667,1,2,0.5,NA,TRUE,1,1,1,24,0,0,1,0,1,8,2,1,2,1,5,27,25.2,"https://stats.nba.com/media/img/teams/logos/season/2023-24/BOS_logo.svg","https://stats.nba.com/player/1628401","https://ak-static.cms.nba.com/wp-content/uploads/headshots/nba/latest/260x190/1628401.png","https://ak-static.cms.nba.com/wp-content/uploads/headshots/nba/latest/260x190/1628401.png","https://stats.nba.com/media/players/700/1628401.png","https://ak-static.cms.nba.com/wp-content/uploads/headshots/nba/latest/260x190/1628401.png"
"20",923,2024,"2023-24","NBA","Regular Season","2023-10-30",22300103,3,"Boston Celtics",1610612738,FALSE,FALSE,FALSE,"A","BOS @ WAS","BOS",2,1,"WAS","BOS","WAS","W","Jayson Tatum",3,2,1,1628369,TRUE,14,21,0.667,4,9,0.444444444444444,1,TRUE,10,12,0.833333333333333,28,1,1,0,6,6,3,0,0,2,2,33,27,42.7,"https://stats.nba.com/media/img/teams/logos/season/2023-24/BOS_logo.svg","https://stats.nba.com/player/1628369","https://ak-static.cms.nba.com/wp-content/uploads/headshots/nba/latest/260x190/1628369.png","https://ak-static.cms.nba.com/wp-content/uploads/headshots/nba/latest/260x190/1628369.png","https://stats.nba.com/media/players/700/1628369.png","https://ak-static.cms.nba.com/wp-content/uploads/headshots/nba/latest/260x190/1628369.png"
"21",924,2024,"2023-24","NBA","Regular Season","2023-10-30",22300103,3,"Boston Celtics",1610612738,FALSE,FALSE,FALSE,"A","BOS @ WAS","BOS",2,1,"WAS","BOS","WAS","W","Oshae Brissett",2,2,1,1629052,TRUE,0,4,0,0,2,0,NA,TRUE,0,2,0,10,0,0,1,1,2,1,1,0,0,2,0,-10,6.9,"https://stats.nba.com/media/img/teams/logos/season/2023-24/BOS_logo.svg","https://stats.nba.com/player/1629052","https://ak-static.cms.nba.com/wp-content/uploads/headshots/nba/latest/260x190/1629052.png","https://ak-static.cms.nba.com/wp-content/uploads/headshots/nba/latest/260x190/1629052.png","https://stats.nba.com/media/players/700/1629052.png","https://stats.nba.com/media/img/league/nba-headshot-fallback.png"
"22",961,2024,"2023-24","NBA","Regular Season","2023-10-30",22300103,3,"Boston Celtics",1610612738,FALSE,FALSE,FALSE,"A","BOS @ WAS","BOS",2,1,"WAS","BOS","WAS","W","Jrue Holiday",3,2,1,201950,TRUE,4,7,0.571,1,3,0.333333333333333,1,TRUE,3,4,0.75,27,2,2,1,4,5,3,1,2,1,1,11,28,29.5,"https://stats.nba.com/media/img/teams/logos/season/2023-24/BOS_logo.svg","https://stats.nba.com/player/201950","https://stats.nba.com/media/players/230x185/201950.png","https://ak-static.cms.nba.com/wp-content/uploads/headshots/nba/latest/260x190/201950.png","https://stats.nba.com/media/players/700/201950.png","https://ak-static.cms.nba.com/wp-content/uploads/headshots/nba/latest/260x190/201950.png"
"23",962,2024,"2023-24","NBA","Regular Season","2023-10-30",22300103,3,"Boston Celtics",1610612738,FALSE,FALSE,FALSE,"A","BOS @ WAS","BOS",2,1,"WAS","BOS","WAS","W","Lamar Stevens",1,120,120,1630205,TRUE,2,2,1,1,1,1,NA,TRUE,1,1,1,6,0,0,2,0,2,0,0,0,3,1,5,-4,4.4,"https://stats.nba.com/media/img/teams/logos/season/2023-24/BOS_logo.svg","https://stats.nba.com/player/1630205","https://ak-static.cms.nba.com/wp-content/uploads/headshots/nba/latest/260x190/1630205.png","https://ak-static.cms.nba.com/wp-content/uploads/headshots/nba/latest/260x190/1630205.png","https://stats.nba.com/media/players/700/1630205.png","https://stats.nba.com/media/img/league/nba-headshot-fallback.png"
"24",963,2024,"2023-24","NBA","Regular Season","2023-10-30",22300103,3,"Boston Celtics",1610612738,FALSE,FALSE,FALSE,"A","BOS @ WAS","BOS",2,1,"WAS","BOS","WAS","W","Sam Hauser",3,2,1,1630573,TRUE,3,10,0.3,2,9,0.222222222222222,NA,TRUE,1,1,1,25,0,0,3,5,8,1,0,1,1,3,8,-10,21.1,"https://stats.nba.com/media/img/teams/logos/season/2023-24/BOS_logo.svg","https://stats.nba.com/player/1630573","https://ak-static.cms.nba.com/wp-content/uploads/headshots/nba/latest/260x190/1630573.png","https://ak-static.cms.nba.com/wp-content/uploads/headshots/nba/latest/260x190/1630573.png","https://stats.nba.com/media/players/700/1630573.png","https://stats.nba.com/media/img/league/nba-headshot-fallback.png"
"25",1004,2024,"2023-24","NBA","Regular Season","2023-10-30",22300103,3,"Boston Celtics",1610612738,FALSE,FALSE,FALSE,"A","BOS @ WAS","BOS",2,1,"WAS","BOS","WAS","W","Kristaps Porziņģis",3,2,1,204001,TRUE,7,9,0.778,1,2,0.5,NA,TRUE,6,7,0.857142857142857,24,0,0,0,6,6,3,0,1,2,2,15,30,27.7,"https://stats.nba.com/media/img/teams/logos/season/2023-24/BOS_logo.svg","https://stats.nba.com/player/204001","https://stats.nba.com/media/players/230x185/204001.png","https://ak-static.cms.nba.com/wp-content/uploads/headshots/nba/latest/260x190/204001.png","https://stats.nba.com/media/players/700/204001.png","https://ak-static.cms.nba.com/wp-content/uploads/headshots/nba/latest/260x190/204001.png"
"26",1005,2024,"2023-24","NBA","Regular Season","2023-10-30",22300103,3,"Boston Celtics",1610612738,FALSE,FALSE,FALSE,"A","BOS @ WAS","BOS",2,1,"WAS","BOS","WAS","W","Jaylen Brown",3,2,1,1627759,TRUE,13,24,0.542,8,13,0.615384615384615,0.5,TRUE,5,11,0.454545454545455,32,2,4,0,6,6,2,3,1,0,3,36,32,58.2,"https://stats.nba.com/media/img/teams/logos/season/2023-24/BOS_logo.svg","https://stats.nba.com/player/1627759","https://stats.nba.com/media/players/230x185/1627759.png","https://ak-static.cms.nba.com/wp-content/uploads/headshots/nba/latest/260x190/1627759.png","https://stats.nba.com/media/players/700/1627759.png","https://ak-static.cms.nba.com/wp-content/uploads/headshots/nba/latest/260x190/1627759.png"
"27",1054,2024,"2023-24","NBA","Regular Season","2023-10-30",22300103,3,"Boston Celtics",1610612738,FALSE,FALSE,FALSE,"A","BOS @ WAS","BOS",2,1,"WAS","BOS","WAS","W","Al Horford",3,2,1,201143,TRUE,4,9,0.444,0,3,0,NA,TRUE,4,6,0.666666666666667,16,0,0,4,1,5,1,2,0,0,1,8,4,21.5,"https://stats.nba.com/media/img/teams/logos/season/2023-24/BOS_logo.svg","https://stats.nba.com/player/201143","https://stats.nba.com/media/players/230x185/201143.png","https://ak-static.cms.nba.com/wp-content/uploads/headshots/nba/latest/260x190/201143.png","https://stats.nba.com/media/players/700/201143.png","https://ak-static.cms.nba.com/wp-content/uploads/headshots/nba/latest/260x190/201143.png"
"28",1055,2024,"2023-24","NBA","Regular Season","2023-10-30",22300103,3,"Boston Celtics",1610612738,FALSE,FALSE,FALSE,"A","BOS @ WAS","BOS",2,1,"WAS","BOS","WAS","W","Luke Kornet",2,4,1,1628436,TRUE,0,0,NA,0,0,0,NA,TRUE,0,0,0,11,0,0,0,1,1,1,0,0,1,1,0,-11,1.7,"https://stats.nba.com/media/img/teams/logos/season/2023-24/BOS_logo.svg","https://stats.nba.com/player/1628436","https://ak-static.cms.nba.com/wp-content/uploads/headshots/nba/latest/260x190/1628436.png","https://ak-static.cms.nba.com/wp-content/uploads/headshots/nba/latest/260x190/1628436.png","https://stats.nba.com/media/players/700/1628436.png","https://ak-static.cms.nba.com/wp-content/uploads/headshots/nba/latest/260x190/1628436.png"
"29",1056,2024,"2023-24","NBA","Regular Season","2023-10-30",22300103,3,"Boston Celtics",1610612738,FALSE,FALSE,FALSE,"A","BOS @ WAS","BOS",2,1,"WAS","BOS","WAS","W","Svi Mykhailiuk",1,120,120,1629004,TRUE,1,2,0.5,1,2,0.5,NA,TRUE,0,0,0,5,0,0,0,0,0,1,1,0,0,0,3,1,7.5,"https://stats.nba.com/media/img/teams/logos/season/2023-24/BOS_logo.svg","https://stats.nba.com/player/1629004","https://ak-static.cms.nba.com/wp-content/uploads/headshots/nba/latest/260x190/1629004.png","https://ak-static.cms.nba.com/wp-content/uploads/headshots/nba/latest/260x190/1629004.png","https://stats.nba.com/media/players/700/1629004.png","https://ak-static.cms.nba.com/wp-content/uploads/headshots/nba/latest/260x190/1629004.png"
"30",1057,2024,"2023-24","NBA","Regular Season","2023-10-30",22300103,3,"Boston Celtics",1610612738,FALSE,FALSE,FALSE,"A","BOS @ WAS","BOS",2,1,"WAS","BOS","WAS","W","Payton Pritchard",3,2,1,1630202,TRUE,0,8,0,0,6,0,NA,TRUE,0,2,0,25,0,0,1,6,7,6,1,0,4,3,0,-2,16.4,"https://stats.nba.com/media/img/teams/logos/season/2023-24/BOS_logo.svg","https://stats.nba.com/player/1630202","https://ak-static.cms.nba.com/wp-content/uploads/headshots/nba/latest/260x190/1630202.png","https://ak-static.cms.nba.com/wp-content/uploads/headshots/nba/latest/260x190/1630202.png","https://stats.nba.com/media/players/700/1630202.png","https://stats.nba.com/media/img/league/nba-headshot-fallback.png"
"31",1110,2024,"2023-24","NBA","Regular Season","2023-10-30",22300103,3,"Boston Celtics",1610612738,FALSE,FALSE,FALSE,"A","BOS @ WAS","BOS",2,1,"WAS","BOS","WAS","W","Dalano Banton",1,120,120,1630625,TRUE,1,3,0.333,0,1,0,NA,TRUE,1,2,0.5,10,0,0,2,0,2,1,0,0,1,1,2,-17,4.9,"https://stats.nba.com/media/img/teams/logos/season/2023-24/BOS_logo.svg","https://stats.nba.com/player/1630625","https://ak-static.cms.nba.com/wp-content/uploads/headshots/nba/latest/260x190/1630625.png","https://ak-static.cms.nba.com/wp-content/uploads/headshots/nba/latest/260x190/1630625.png","https://stats.nba.com/media/players/700/1630625.png","https://stats.nba.com/media/img/league/nba-headshot-fallback.png"
"32",1194,2024,"2023-24","NBA","Regular Season","2023-11-01",22300118,4,"Boston Celtics",1610612738,FALSE,FALSE,FALSE,"H","BOS vs. IND","BOS",1,2,"IND","BOS","IND","W","Jaylen Brown",4,1,2,1627759,TRUE,7,15,0.467,0,1,0,1,TRUE,7,14,0.5,25,2,2,1,6,7,1,0,0,2,3,16,22,23.9,"https://stats.nba.com/media/img/teams/logos/season/2023-24/BOS_logo.svg","https://stats.nba.com/player/1627759","https://stats.nba.com/media/players/230x185/1627759.png","https://ak-static.cms.nba.com/wp-content/uploads/headshots/nba/latest/260x190/1627759.png","https://stats.nba.com/media/players/700/1627759.png","https://ak-static.cms.nba.com/wp-content/uploads/headshots/nba/latest/260x190/1627759.png"
"33",1195,2024,"2023-24","NBA","Regular Season","2023-11-01",22300118,4,"Boston Celtics",1610612738,FALSE,FALSE,FALSE,"H","BOS vs. IND","BOS",1,2,"IND","BOS","IND","W","Derrick White",4,1,6,1628401,TRUE,7,10,0.7,4,7,0.571428571428571,NA,TRUE,3,3,1,27,0,0,1,2,3,4,0,0,2,3,18,34,25.6,"https://stats.nba.com/media/img/teams/logos/season/2023-24/BOS_logo.svg","https://stats.nba.com/player/1628401","https://ak-static.cms.nba.com/wp-content/uploads/headshots/nba/latest/260x190/1628401.png","https://ak-static.cms.nba.com/wp-content/uploads/headshots/nba/latest/260x190/1628401.png","https://stats.nba.com/media/players/700/1628401.png","https://ak-static.cms.nba.com/wp-content/uploads/headshots/nba/latest/260x190/1628401.png"
"34",1196,2024,"2023-24","NBA","Regular Season","2023-11-01",22300118,4,"Boston Celtics",1610612738,FALSE,FALSE,FALSE,"H","BOS vs. IND","BOS",1,2,"IND","BOS","IND","W","Payton Pritchard",4,1,2,1630202,TRUE,6,10,0.6,2,3,0.666666666666667,1,TRUE,4,7,0.571428571428571,26,1,1,1,3,4,9,0,0,0,2,15,32,33.3,"https://stats.nba.com/media/img/teams/logos/season/2023-24/BOS_logo.svg","https://stats.nba.com/player/1630202","https://ak-static.cms.nba.com/wp-content/uploads/headshots/nba/latest/260x190/1630202.png","https://ak-static.cms.nba.com/wp-content/uploads/headshots/nba/latest/260x190/1630202.png","https://stats.nba.com/media/players/700/1630202.png","https://stats.nba.com/media/img/league/nba-headshot-fallback.png"
"35",1197,2024,"2023-24","NBA","Regular Season","2023-11-01",22300118,4,"Boston Celtics",1610612738,FALSE,FALSE,FALSE,"H","BOS vs. IND","BOS",1,2,"IND","BOS","IND","W","Sam Hauser",4,1,2,1630573,TRUE,5,7,0.714,5,6,0.833333333333333,1,TRUE,0,1,0,19,2,2,0,3,3,0,1,0,1,3,17,23,22.6,"https://stats.nba.com/media/img/teams/logos/season/2023-24/BOS_logo.svg","https://stats.nba.com/player/1630573","https://ak-static.cms.nba.com/wp-content/uploads/headshots/nba/latest/260x190/1630573.png","https://ak-static.cms.nba.com/wp-content/uploads/headshots/nba/latest/260x190/1630573.png","https://stats.nba.com/media/players/700/1630573.png","https://stats.nba.com/media/img/league/nba-headshot-fallback.png"
"36",1250,2024,"2023-24","NBA","Regular Season","2023-11-01",22300118,4,"Boston Celtics",1610612738,FALSE,FALSE,FALSE,"H","BOS vs. IND","BOS",1,2,"IND","BOS","IND","W","Jrue Holiday",4,1,2,201950,TRUE,6,9,0.667,3,4,0.75,NA,TRUE,3,5,0.6,25,0,0,0,7,7,4,0,1,1,0,15,20,31.4,"https://stats.nba.com/media/img/teams/logos/season/2023-24/BOS_logo.svg","https://stats.nba.com/player/201950","https://stats.nba.com/media/players/230x185/201950.png","https://ak-static.cms.nba.com/wp-content/uploads/headshots/nba/latest/260x190/201950.png","https://stats.nba.com/media/players/700/201950.png","https://ak-static.cms.nba.com/wp-content/uploads/headshots/nba/latest/260x190/201950.png"
"37",1251,2024,"2023-24","NBA","Regular Season","2023-11-01",22300118,4,"Boston Celtics",1610612738,FALSE,FALSE,FALSE,"H","BOS vs. IND","BOS",1,2,"IND","BOS","IND","W","Lamar Stevens",2,1,4,1630205,TRUE,2,4,0.5,0,0,0,NA,TRUE,2,4,0.5,7,0,0,2,0,2,2,0,0,0,2,4,6,9.4,"https://stats.nba.com/media/img/teams/logos/season/2023-24/BOS_logo.svg","https://stats.nba.com/player/1630205","https://ak-static.cms.nba.com/wp-content/uploads/headshots/nba/latest/260x190/1630205.png","https://ak-static.cms.nba.com/wp-content/uploads/headshots/nba/latest/260x190/1630205.png","https://stats.nba.com/media/players/700/1630205.png","https://stats.nba.com/media/img/league/nba-headshot-fallback.png"
"38",1305,2024,"2023-24","NBA","Regular Season","2023-11-01",22300118,4,"Boston Celtics",1610612738,FALSE,FALSE,FALSE,"H","BOS vs. IND","BOS",1,2,"IND","BOS","IND","W","Luke Kornet",3,1,2,1628436,TRUE,1,1,1,0,0,0,NA,TRUE,1,1,1,6,0,0,1,1,2,0,0,0,0,0,2,7,4.4,"https://stats.nba.com/media/img/teams/logos/season/2023-24/BOS_logo.svg","https://stats.nba.com/player/1628436","https://ak-static.cms.nba.com/wp-content/uploads/headshots/nba/latest/260x190/1628436.png","https://ak-static.cms.nba.com/wp-content/uploads/headshots/nba/latest/260x190/1628436.png","https://stats.nba.com/media/players/700/1628436.png","https://ak-static.cms.nba.com/wp-content/uploads/headshots/nba/latest/260x190/1628436.png"
"39",1306,2024,"2023-24","NBA","Regular Season","2023-11-01",22300118,4,"Boston Celtics",1610612738,FALSE,FALSE,FALSE,"H","BOS vs. IND","BOS",1,2,"IND","BOS","IND","W","Dalano Banton",2,1,8,1630625,TRUE,4,4,1,0,0,0,1,TRUE,4,4,1,8,3,3,0,3,3,1,1,0,0,2,11,3,19.1,"https://stats.nba.com/media/img/teams/logos/season/2023-24/BOS_logo.svg","https://stats.nba.com/player/1630625","https://ak-static.cms.nba.com/wp-content/uploads/headshots/nba/latest/260x190/1630625.png","https://ak-static.cms.nba.com/wp-content/uploads/headshots/nba/latest/260x190/1630625.png","https://stats.nba.com/media/players/700/1630625.png","https://stats.nba.com/media/img/league/nba-headshot-fallback.png"
"40",1358,2024,"2023-24","NBA","Regular Season","2023-11-01",22300118,4,"Boston Celtics",1610612738,FALSE,FALSE,FALSE,"H","BOS vs. IND","BOS",1,2,"IND","BOS","IND","W","Jayson Tatum",4,1,2,1628369,TRUE,9,15,0.6,3,5,0.6,0.9,TRUE,6,10,0.6,27,9,10,2,10,12,4,0,0,2,1,30,36,48.4,"https://stats.nba.com/media/img/teams/logos/season/2023-24/BOS_logo.svg","https://stats.nba.com/player/1628369","https://ak-static.cms.nba.com/wp-content/uploads/headshots/nba/latest/260x190/1628369.png","https://ak-static.cms.nba.com/wp-content/uploads/headshots/nba/latest/260x190/1628369.png","https://stats.nba.com/media/players/700/1628369.png","https://ak-static.cms.nba.com/wp-content/uploads/headshots/nba/latest/260x190/1628369.png"
"41",1359,2024,"2023-24","NBA","Regular Season","2023-11-01",22300118,4,"Boston Celtics",1610612738,FALSE,FALSE,FALSE,"H","BOS vs. IND","BOS",1,2,"IND","BOS","IND","W","Svi Mykhailiuk",2,1,4,1629004,TRUE,2,6,0.333,1,4,0.25,NA,TRUE,1,2,0.5,11,0,0,0,3,3,0,0,0,0,0,5,17,8.6,"https://stats.nba.com/media/img/teams/logos/season/2023-24/BOS_logo.svg","https://stats.nba.com/player/1629004","https://ak-static.cms.nba.com/wp-content/uploads/headshots/nba/latest/260x190/1629004.png","https://ak-static.cms.nba.com/wp-content/uploads/headshots/nba/latest/260x190/1629004.png","https://stats.nba.com/media/players/700/1629004.png","https://ak-static.cms.nba.com/wp-content/uploads/headshots/nba/latest/260x190/1629004.png"
"42",1360,2024,"2023-24","NBA","Regular Season","2023-11-01",22300118,4,"Boston Celtics",1610612738,FALSE,FALSE,FALSE,"H","BOS vs. IND","BOS",1,2,"IND","BOS","IND","W","Oshae Brissett",3,1,2,1629052,TRUE,1,4,0.25,0,1,0,1,TRUE,1,3,0.333333333333333,20,2,2,0,1,1,0,2,0,0,0,4,21,11.2,"https://stats.nba.com/media/img/teams/logos/season/2023-24/BOS_logo.svg","https://stats.nba.com/player/1629052","https://ak-static.cms.nba.com/wp-content/uploads/headshots/nba/latest/260x190/1629052.png","https://ak-static.cms.nba.com/wp-content/uploads/headshots/nba/latest/260x190/1629052.png","https://stats.nba.com/media/players/700/1629052.png","https://stats.nba.com/media/img/league/nba-headshot-fallback.png"
"43",1410,2024,"2023-24","NBA","Regular Season","2023-11-01",22300118,4,"Boston Celtics",1610612738,FALSE,FALSE,FALSE,"H","BOS vs. IND","BOS",1,2,"IND","BOS","IND","W","Al Horford",4,1,2,201143,TRUE,1,3,0.333,1,1,1,1,TRUE,0,2,0,11,2,2,2,2,4,0,1,1,1,0,5,7,14.8,"https://stats.nba.com/media/img/teams/logos/season/2023-24/BOS_logo.svg","https://stats.nba.com/player/201143","https://stats.nba.com/media/players/230x185/201143.png","https://ak-static.cms.nba.com/wp-content/uploads/headshots/nba/latest/260x190/201143.png","https://stats.nba.com/media/players/700/201143.png","https://ak-static.cms.nba.com/wp-content/uploads/headshots/nba/latest/260x190/201143.png"
"44",1411,2024,"2023-24","NBA","Regular Season","2023-11-01",22300118,4,"Boston Celtics",1610612738,FALSE,FALSE,FALSE,"H","BOS vs. IND","BOS",1,2,"IND","BOS","IND","W","Kristaps Porziņģis",4,1,2,204001,TRUE,3,7,0.429,1,3,0.333333333333333,1,TRUE,2,4,0.5,27,6,6,1,5,6,2,0,0,2,3,13,27,21.2,"https://stats.nba.com/media/img/teams/logos/season/2023-24/BOS_logo.svg","https://stats.nba.com/player/204001","https://stats.nba.com/media/players/230x185/204001.png","https://ak-static.cms.nba.com/wp-content/uploads/headshots/nba/latest/260x190/204001.png","https://stats.nba.com/media/players/700/204001.png","https://ak-static.cms.nba.com/wp-content/uploads/headshots/nba/latest/260x190/204001.png"
"45",1695,2024,"2023-24","NBA","Regular Season","2023-11-04",22300136,5,"Boston Celtics",1610612738,FALSE,FALSE,FALSE,"A","BOS @ BKN","BOS",2,1,"BKN","BOS","BKN","W","Jrue Holiday",5,2,1,201950,TRUE,6,15,0.4,4,9,0.444444444444444,1,TRUE,2,6,0.333333333333333,40,2,2,4,5,9,10,0,1,3,1,18,14,43.8,"https://stats.nba.com/media/img/teams/logos/season/2023-24/BOS_logo.svg","https://stats.nba.com/player/201950","https://stats.nba.com/media/players/230x185/201950.png","https://ak-static.cms.nba.com/wp-content/uploads/headshots/nba/latest/260x190/201950.png","https://stats.nba.com/media/players/700/201950.png","https://ak-static.cms.nba.com/wp-content/uploads/headshots/nba/latest/260x190/201950.png"
"46",1696,2024,"2023-24","NBA","Regular Season","2023-11-04",22300136,5,"Boston Celtics",1610612738,FALSE,FALSE,FALSE,"A","BOS @ BKN","BOS",2,1,"BKN","BOS","BKN","W","Sam Hauser",5,2,1,1630573,TRUE,2,3,0.667,1,2,0.5,NA,TRUE,1,1,1,19,0,0,0,1,1,0,2,0,1,3,5,-5,11.2,"https://stats.nba.com/media/img/teams/logos/season/2023-24/BOS_logo.svg","https://stats.nba.com/player/1630573","https://ak-static.cms.nba.com/wp-content/uploads/headshots/nba/latest/260x190/1630573.png","https://ak-static.cms.nba.com/wp-content/uploads/headshots/nba/latest/260x190/1630573.png","https://stats.nba.com/media/players/700/1630573.png","https://stats.nba.com/media/img/league/nba-headshot-fallback.png"
"47",1734,2024,"2023-24","NBA","Regular Season","2023-11-04",22300136,5,"Boston Celtics",1610612738,FALSE,FALSE,FALSE,"A","BOS @ BKN","BOS",2,1,"BKN","BOS","BKN","W","Al Horford",5,2,1,201143,TRUE,4,7,0.571,0,3,0,NA,TRUE,4,4,1,30,0,0,2,5,7,3,1,1,0,1,8,29,26.9,"https://stats.nba.com/media/img/teams/logos/season/2023-24/BOS_logo.svg","https://stats.nba.com/player/201143","https://stats.nba.com/media/players/230x185/201143.png","https://ak-static.cms.nba.com/wp-content/uploads/headshots/nba/latest/260x190/201143.png","https://stats.nba.com/media/players/700/201143.png","https://ak-static.cms.nba.com/wp-content/uploads/headshots/nba/latest/260x190/201143.png"
"48",1735,2024,"2023-24","NBA","Regular Season","2023-11-04",22300136,5,"Boston Celtics",1610612738,FALSE,FALSE,FALSE,"A","BOS @ BKN","BOS",2,1,"BKN","BOS","BKN","W","Jayson Tatum",5,2,1,1628369,TRUE,10,20,0.5,6,10,0.6,1,TRUE,4,10,0.4,41,6,6,1,10,11,1,0,0,3,1,32,18,43.7,"https://stats.nba.com/media/img/teams/logos/season/2023-24/BOS_logo.svg","https://stats.nba.com/player/1628369","https://ak-static.cms.nba.com/wp-content/uploads/headshots/nba/latest/260x190/1628369.png","https://ak-static.cms.nba.com/wp-content/uploads/headshots/nba/latest/260x190/1628369.png","https://stats.nba.com/media/players/700/1628369.png","https://ak-static.cms.nba.com/wp-content/uploads/headshots/nba/latest/260x190/1628369.png"
"49",1771,2024,"2023-24","NBA","Regular Season","2023-11-04",22300136,5,"Boston Celtics",1610612738,FALSE,FALSE,FALSE,"A","BOS @ BKN","BOS",2,1,"BKN","BOS","BKN","W","Payton Pritchard",5,2,1,1630202,TRUE,0,4,0,0,4,0,NA,TRUE,0,0,0,19,0,0,0,0,0,2,0,0,1,2,0,-10,2,"https://stats.nba.com/media/img/teams/logos/season/2023-24/BOS_logo.svg","https://stats.nba.com/player/1630202","https://ak-static.cms.nba.com/wp-content/uploads/headshots/nba/latest/260x190/1630202.png","https://ak-static.cms.nba.com/wp-content/uploads/headshots/nba/latest/260x190/1630202.png","https://stats.nba.com/media/players/700/1630202.png","https://stats.nba.com/media/img/league/nba-headshot-fallback.png"
"50",1809,2024,"2023-24","NBA","Regular Season","2023-11-04",22300136,5,"Boston Celtics",1610612738,FALSE,FALSE,FALSE,"A","BOS @ BKN","BOS",2,1,"BKN","BOS","BKN","W","Kristaps Porziņģis",5,2,1,204001,TRUE,8,10,0.8,1,2,0.5,0.625,TRUE,7,8,0.875,30,5,8,2,5,7,1,0,3,1,2,22,4,39.9,"https://stats.nba.com/media/img/teams/logos/season/2023-24/BOS_logo.svg","https://stats.nba.com/player/204001","https://stats.nba.com/media/players/230x185/204001.png","https://ak-static.cms.nba.com/wp-content/uploads/headshots/nba/latest/260x190/204001.png","https://stats.nba.com/media/players/700/204001.png","https://ak-static.cms.nba.com/wp-content/uploads/headshots/nba/latest/260x190/204001.png"
"51",1839,2024,"2023-24","NBA","Regular Season","2023-11-04",22300136,5,"Boston Celtics",1610612738,FALSE,FALSE,FALSE,"A","BOS @ BKN","BOS",2,1,"BKN","BOS","BKN","W","Jaylen Brown",5,2,1,1627759,TRUE,7,22,0.318,2,11,0.181818181818182,0.875,TRUE,5,11,0.454545454545455,35,7,8,0,5,5,4,0,1,2,4,23,6,36,"https://stats.nba.com/media/img/teams/logos/season/2023-24/BOS_logo.svg","https://stats.nba.com/player/1627759","https://stats.nba.com/media/players/230x185/1627759.png","https://ak-static.cms.nba.com/wp-content/uploads/headshots/nba/latest/260x190/1627759.png","https://stats.nba.com/media/players/700/1627759.png","https://ak-static.cms.nba.com/wp-content/uploads/headshots/nba/latest/260x190/1627759.png"
"52",1840,2024,"2023-24","NBA","Regular Season","2023-11-04",22300136,5,"Boston Celtics",1610612738,FALSE,FALSE,FALSE,"A","BOS @ BKN","BOS",2,1,"BKN","BOS","BKN","W","Luke Kornet",4,2,1,1628436,TRUE,5,5,1,0,0,0,1,TRUE,5,5,1,15,1,1,0,7,7,0,1,0,0,3,11,7,22.4,"https://stats.nba.com/media/img/teams/logos/season/2023-24/BOS_logo.svg","https://stats.nba.com/player/1628436","https://ak-static.cms.nba.com/wp-content/uploads/headshots/nba/latest/260x190/1628436.png","https://ak-static.cms.nba.com/wp-content/uploads/headshots/nba/latest/260x190/1628436.png","https://stats.nba.com/media/players/700/1628436.png","https://ak-static.cms.nba.com/wp-content/uploads/headshots/nba/latest/260x190/1628436.png"
"53",1871,2024,"2023-24","NBA","Regular Season","2023-11-04",22300136,5,"Boston Celtics",1610612738,FALSE,FALSE,FALSE,"A","BOS @ BKN","BOS",2,1,"BKN","BOS","BKN","W","Oshae Brissett",4,2,5,1629052,TRUE,1,4,0.25,1,4,0.25,1,TRUE,0,0,0,11,2,2,1,2,3,1,0,0,0,0,5,-13,10.1,"https://stats.nba.com/media/img/teams/logos/season/2023-24/BOS_logo.svg","https://stats.nba.com/player/1629052","https://ak-static.cms.nba.com/wp-content/uploads/headshots/nba/latest/260x190/1629052.png","https://ak-static.cms.nba.com/wp-content/uploads/headshots/nba/latest/260x190/1629052.png","https://stats.nba.com/media/players/700/1629052.png","https://stats.nba.com/media/img/league/nba-headshot-fallback.png"
"54",1990,2024,"2023-24","NBA","Regular Season","2023-11-06",22300154,6,"Boston Celtics",1610612738,FALSE,FALSE,FALSE,"A","BOS @ MIN","BOS",1,1,"MIN","MIN","BOS","L","Jayson Tatum",6,1,1,1628369,FALSE,12,22,0.545,2,8,0.25,0.75,TRUE,10,14,0.714285714285714,43,6,8,0,5,5,2,5,0,6,2,32,3,50,"https://stats.nba.com/media/img/teams/logos/season/2023-24/BOS_logo.svg","https://stats.nba.com/player/1628369","https://ak-static.cms.nba.com/wp-content/uploads/headshots/nba/latest/260x190/1628369.png","https://ak-static.cms.nba.com/wp-content/uploads/headshots/nba/latest/260x190/1628369.png","https://stats.nba.com/media/players/700/1628369.png","https://ak-static.cms.nba.com/wp-content/uploads/headshots/nba/latest/260x190/1628369.png"
"55",1991,2024,"2023-24","NBA","Regular Season","2023-11-06",22300154,6,"Boston Celtics",1610612738,FALSE,FALSE,FALSE,"A","BOS @ MIN","BOS",1,1,"MIN","MIN","BOS","L","Svi Mykhailiuk",3,4,3,1629004,FALSE,0,0,NA,0,0,0,NA,TRUE,0,0,0,4,0,0,0,0,0,0,0,0,0,0,0,-2,0,"https://stats.nba.com/media/img/teams/logos/season/2023-24/BOS_logo.svg","https://stats.nba.com/player/1629004","https://ak-static.cms.nba.com/wp-content/uploads/headshots/nba/latest/260x190/1629004.png","https://ak-static.cms.nba.com/wp-content/uploads/headshots/nba/latest/260x190/1629004.png","https://stats.nba.com/media/players/700/1629004.png","https://ak-static.cms.nba.com/wp-content/uploads/headshots/nba/latest/260x190/1629004.png"
"56",2025,2024,"2023-24","NBA","Regular Season","2023-11-06",22300154,6,"Boston Celtics",1610612738,FALSE,FALSE,FALSE,"A","BOS @ MIN","BOS",1,1,"MIN","MIN","BOS","L","Luke Kornet",5,1,1,1628436,FALSE,1,2,0.5,0,0,0,0.75,TRUE,1,2,0.5,16,3,4,1,0,1,0,2,0,0,2,5,4,12.2,"https://stats.nba.com/media/img/teams/logos/season/2023-24/BOS_logo.svg","https://stats.nba.com/player/1628436","https://ak-static.cms.nba.com/wp-content/uploads/headshots/nba/latest/260x190/1628436.png","https://ak-static.cms.nba.com/wp-content/uploads/headshots/nba/latest/260x190/1628436.png","https://stats.nba.com/media/players/700/1628436.png","https://ak-static.cms.nba.com/wp-content/uploads/headshots/nba/latest/260x190/1628436.png"
"57",2128,2024,"2023-24","NBA","Regular Season","2023-11-06",22300154,6,"Boston Celtics",1610612738,FALSE,FALSE,FALSE,"A","BOS @ MIN","BOS",1,1,"MIN","MIN","BOS","L","Al Horford",6,1,1,201143,FALSE,1,5,0.2,1,4,0.25,NA,TRUE,0,1,0,36,0,0,2,3,5,4,1,0,2,4,3,7,16,"https://stats.nba.com/media/img/teams/logos/season/2023-24/BOS_logo.svg","https://stats.nba.com/player/201143","https://stats.nba.com/media/players/230x185/201143.png","https://ak-static.cms.nba.com/wp-content/uploads/headshots/nba/latest/260x190/201143.png","https://stats.nba.com/media/players/700/201143.png","https://ak-static.cms.nba.com/wp-content/uploads/headshots/nba/latest/260x190/201143.png"
"58",2129,2024,"2023-24","NBA","Regular Season","2023-11-06",22300154,6,"Boston Celtics",1610612738,FALSE,FALSE,FALSE,"A","BOS @ MIN","BOS",1,1,"MIN","MIN","BOS","L","Kristaps Porziņģis",6,1,1,204001,FALSE,5,14,0.357,2,6,0.333333333333333,0.8,TRUE,3,8,0.375,36,8,10,1,4,5,1,1,1,1,5,20,-7,32.5,"https://stats.nba.com/media/img/teams/logos/season/2023-24/BOS_logo.svg","https://stats.nba.com/player/204001","https://stats.nba.com/media/players/230x185/204001.png","https://ak-static.cms.nba.com/wp-content/uploads/headshots/nba/latest/260x190/204001.png","https://stats.nba.com/media/players/700/204001.png","https://ak-static.cms.nba.com/wp-content/uploads/headshots/nba/latest/260x190/204001.png"
"59",2130,2024,"2023-24","NBA","Regular Season","2023-11-06",22300154,6,"Boston Celtics",1610612738,FALSE,FALSE,FALSE,"A","BOS @ MIN","BOS",1,1,"MIN","MIN","BOS","L","Payton Pritchard",6,1,1,1630202,FALSE,0,3,0,0,1,0,NA,TRUE,0,2,0,20,0,0,3,3,6,3,0,0,0,2,0,13,11.7,"https://stats.nba.com/media/img/teams/logos/season/2023-24/BOS_logo.svg","https://stats.nba.com/player/1630202","https://ak-static.cms.nba.com/wp-content/uploads/headshots/nba/latest/260x190/1630202.png","https://ak-static.cms.nba.com/wp-content/uploads/headshots/nba/latest/260x190/1630202.png","https://stats.nba.com/media/players/700/1630202.png","https://stats.nba.com/media/img/league/nba-headshot-fallback.png"
"60",2131,2024,"2023-24","NBA","Regular Season","2023-11-06",22300154,6,"Boston Celtics",1610612738,FALSE,FALSE,FALSE,"A","BOS @ MIN","BOS",1,1,"MIN","MIN","BOS","L","Lamar Stevens",3,4,12,1630205,FALSE,0,1,0,0,0,0,NA,TRUE,0,1,0,4,0,0,0,1,1,0,1,0,0,0,0,-5,4.2,"https://stats.nba.com/media/img/teams/logos/season/2023-24/BOS_logo.svg","https://stats.nba.com/player/1630205","https://ak-static.cms.nba.com/wp-content/uploads/headshots/nba/latest/260x190/1630205.png","https://ak-static.cms.nba.com/wp-content/uploads/headshots/nba/latest/260x190/1630205.png","https://stats.nba.com/media/players/700/1630205.png","https://stats.nba.com/media/img/league/nba-headshot-fallback.png"
"61",2184,2024,"2023-24","NBA","Regular Season","2023-11-06",22300154,6,"Boston Celtics",1610612738,FALSE,FALSE,FALSE,"A","BOS @ MIN","BOS",1,1,"MIN","MIN","BOS","L","Jrue Holiday",6,1,1,201950,FALSE,4,16,0.25,0,4,0,0.667,TRUE,4,12,0.333333333333333,42,4,6,3,8,11,6,1,0,3,3,12,-19,34.2,"https://stats.nba.com/media/img/teams/logos/season/2023-24/BOS_logo.svg","https://stats.nba.com/player/201950","https://stats.nba.com/media/players/230x185/201950.png","https://ak-static.cms.nba.com/wp-content/uploads/headshots/nba/latest/260x190/201950.png","https://stats.nba.com/media/players/700/201950.png","https://ak-static.cms.nba.com/wp-content/uploads/headshots/nba/latest/260x190/201950.png"
"62",2185,2024,"2023-24","NBA","Regular Season","2023-11-06",22300154,6,"Boston Celtics",1610612738,FALSE,FALSE,FALSE,"A","BOS @ MIN","BOS",1,1,"MIN","MIN","BOS","L","Jaylen Brown",6,1,1,1627759,FALSE,10,21,0.476,3,8,0.375,0.75,TRUE,7,13,0.538461538461538,39,3,4,0,7,7,4,1,0,3,5,26,-16,40.4,"https://stats.nba.com/media/img/teams/logos/season/2023-24/BOS_logo.svg","https://stats.nba.com/player/1627759","https://stats.nba.com/media/players/230x185/1627759.png","https://ak-static.cms.nba.com/wp-content/uploads/headshots/nba/latest/260x190/1627759.png","https://stats.nba.com/media/players/700/1627759.png","https://ak-static.cms.nba.com/wp-content/uploads/headshots/nba/latest/260x190/1627759.png"
"63",2239,2024,"2023-24","NBA","Regular Season","2023-11-06",22300154,6,"Boston Celtics",1610612738,FALSE,FALSE,FALSE,"A","BOS @ MIN","BOS",1,1,"MIN","MIN","BOS","L","Sam Hauser",6,1,1,1630573,FALSE,3,8,0.375,3,8,0.375,1,TRUE,0,0,0,25,2,2,1,3,4,0,1,1,1,3,11,-3,20.8,"https://stats.nba.com/media/img/teams/logos/season/2023-24/BOS_logo.svg","https://stats.nba.com/player/1630573","https://ak-static.cms.nba.com/wp-content/uploads/headshots/nba/latest/260x190/1630573.png","https://ak-static.cms.nba.com/wp-content/uploads/headshots/nba/latest/260x190/1630573.png","https://stats.nba.com/media/players/700/1630573.png","https://stats.nba.com/media/img/league/nba-headshot-fallback.png"
"64",2257,2024,"2023-24","NBA","Regular Season","2023-11-08",22300159,7,"Boston Celtics",1610612738,FALSE,TRUE,FALSE,"A","BOS @ PHI","BOS",1,1,"PHI","PHI","BOS","L","Jaylen Brown",7,1,1,1627759,FALSE,4,13,0.308,2,7,0.285714285714286,0.5,TRUE,2,6,0.333333333333333,36,1,2,0,2,2,2,1,1,4,2,11,-3,18.4,"https://stats.nba.com/media/img/teams/logos/season/2023-24/BOS_logo.svg","https://stats.nba.com/player/1627759","https://stats.nba.com/media/players/230x185/1627759.png","https://ak-static.cms.nba.com/wp-content/uploads/headshots/nba/latest/260x190/1627759.png","https://stats.nba.com/media/players/700/1627759.png","https://ak-static.cms.nba.com/wp-content/uploads/headshots/nba/latest/260x190/1627759.png"
"65",2258,2024,"2023-24","NBA","Regular Season","2023-11-08",22300159,7,"Boston Celtics",1610612738,FALSE,TRUE,FALSE,"A","BOS @ PHI","BOS",1,1,"PHI","PHI","BOS","L","Derrick White",5,6,1,1628401,FALSE,6,18,0.333,3,11,0.272727272727273,1,TRUE,3,7,0.428571428571429,38,4,4,1,3,4,5,2,1,2,3,19,2,38.3,"https://stats.nba.com/media/img/teams/logos/season/2023-24/BOS_logo.svg","https://stats.nba.com/player/1628401","https://ak-static.cms.nba.com/wp-content/uploads/headshots/nba/latest/260x190/1628401.png","https://ak-static.cms.nba.com/wp-content/uploads/headshots/nba/latest/260x190/1628401.png","https://stats.nba.com/media/players/700/1628401.png","https://ak-static.cms.nba.com/wp-content/uploads/headshots/nba/latest/260x190/1628401.png"
"66",2319,2024,"2023-24","NBA","Regular Season","2023-11-08",22300159,7,"Boston Celtics",1610612738,FALSE,TRUE,FALSE,"A","BOS @ PHI","BOS",1,1,"PHI","PHI","BOS","L","Al Horford",7,1,2,201143,FALSE,1,6,0.167,1,6,0.166666666666667,NA,TRUE,0,0,0,26,0,0,0,5,5,3,0,2,1,1,3,-23,18.5,"https://stats.nba.com/media/img/teams/logos/season/2023-24/BOS_logo.svg","https://stats.nba.com/player/201143","https://stats.nba.com/media/players/230x185/201143.png","https://ak-static.cms.nba.com/wp-content/uploads/headshots/nba/latest/260x190/201143.png","https://stats.nba.com/media/players/700/201143.png","https://ak-static.cms.nba.com/wp-content/uploads/headshots/nba/latest/260x190/201143.png"
"67",2320,2024,"2023-24","NBA","Regular Season","2023-11-08",22300159,7,"Boston Celtics",1610612738,FALSE,TRUE,FALSE,"A","BOS @ PHI","BOS",1,1,"PHI","PHI","BOS","L","Kristaps Porziņģis",7,1,1,204001,FALSE,10,19,0.526,2,6,0.333333333333333,0.875,TRUE,8,13,0.615384615384615,31,7,8,4,2,6,3,0,1,0,4,29,8,43.7,"https://stats.nba.com/media/img/teams/logos/season/2023-24/BOS_logo.svg","https://stats.nba.com/player/204001","https://stats.nba.com/media/players/230x185/204001.png","https://ak-static.cms.nba.com/wp-content/uploads/headshots/nba/latest/260x190/204001.png","https://stats.nba.com/media/players/700/204001.png","https://ak-static.cms.nba.com/wp-content/uploads/headshots/nba/latest/260x190/204001.png"
"68",2321,2024,"2023-24","NBA","Regular Season","2023-11-08",22300159,7,"Boston Celtics",1610612738,FALSE,TRUE,FALSE,"A","BOS @ PHI","BOS",1,1,"PHI","PHI","BOS","L","Jayson Tatum",7,1,1,1628369,FALSE,6,14,0.429,2,6,0.333333333333333,0.667,TRUE,4,8,0.5,37,2,3,1,14,15,6,3,0,2,2,16,-1,50,"https://stats.nba.com/media/img/teams/logos/season/2023-24/BOS_logo.svg","https://stats.nba.com/player/1628369","https://ak-static.cms.nba.com/wp-content/uploads/headshots/nba/latest/260x190/1628369.png","https://ak-static.cms.nba.com/wp-content/uploads/headshots/nba/latest/260x190/1628369.png","https://stats.nba.com/media/players/700/1628369.png","https://ak-static.cms.nba.com/wp-content/uploads/headshots/nba/latest/260x190/1628369.png"
"69",2425,2024,"2023-24","NBA","Regular Season","2023-11-08",22300159,7,"Boston Celtics",1610612738,FALSE,TRUE,FALSE,"A","BOS @ PHI","BOS",1,1,"PHI","PHI","BOS","L","Luke Kornet",6,1,1,1628436,FALSE,0,0,NA,0,0,0,NA,TRUE,0,0,0,3,0,0,0,0,0,0,0,0,0,0,0,-3,0,"https://stats.nba.com/media/img/teams/logos/season/2023-24/BOS_logo.svg","https://stats.nba.com/player/1628436","https://ak-static.cms.nba.com/wp-content/uploads/headshots/nba/latest/260x190/1628436.png","https://ak-static.cms.nba.com/wp-content/uploads/headshots/nba/latest/260x190/1628436.png","https://stats.nba.com/media/players/700/1628436.png","https://ak-static.cms.nba.com/wp-content/uploads/headshots/nba/latest/260x190/1628436.png"
"70",2426,2024,"2023-24","NBA","Regular Season","2023-11-08",22300159,7,"Boston Celtics",1610612738,FALSE,TRUE,FALSE,"A","BOS @ PHI","BOS",1,1,"PHI","PHI","BOS","L","Payton Pritchard",7,1,1,1630202,FALSE,0,4,0,0,2,0,NA,TRUE,0,2,0,16,0,0,2,0,2,4,0,0,1,0,0,-2,7.4,"https://stats.nba.com/media/img/teams/logos/season/2023-24/BOS_logo.svg","https://stats.nba.com/player/1630202","https://ak-static.cms.nba.com/wp-content/uploads/headshots/nba/latest/260x190/1630202.png","https://ak-static.cms.nba.com/wp-content/uploads/headshots/nba/latest/260x190/1630202.png","https://stats.nba.com/media/players/700/1630202.png","https://stats.nba.com/media/img/league/nba-headshot-fallback.png"
"71",2427,2024,"2023-24","NBA","Regular Season","2023-11-08",22300159,7,"Boston Celtics",1610612738,FALSE,TRUE,FALSE,"A","BOS @ PHI","BOS",1,1,"PHI","PHI","BOS","L","Sam Hauser",7,1,1,1630573,FALSE,5,8,0.625,3,6,0.5,NA,TRUE,2,2,1,19,0,0,0,4,4,0,1,1,0,0,13,-6,23.8,"https://stats.nba.com/media/img/teams/logos/season/2023-24/BOS_logo.svg","https://stats.nba.com/player/1630573","https://ak-static.cms.nba.com/wp-content/uploads/headshots/nba/latest/260x190/1630573.png","https://ak-static.cms.nba.com/wp-content/uploads/headshots/nba/latest/260x190/1630573.png","https://stats.nba.com/media/players/700/1630573.png","https://stats.nba.com/media/img/league/nba-headshot-fallback.png"
"72",2482,2024,"2023-24","NBA","Regular Season","2023-11-08",22300159,7,"Boston Celtics",1610612738,FALSE,TRUE,FALSE,"A","BOS @ PHI","BOS",1,1,"PHI","PHI","BOS","L","Jrue Holiday",7,1,1,201950,FALSE,4,9,0.444,2,3,0.666666666666667,1,TRUE,2,6,0.333333333333333,35,2,2,1,4,5,5,1,0,2,1,12,13,26.5,"https://stats.nba.com/media/img/teams/logos/season/2023-24/BOS_logo.svg","https://stats.nba.com/player/201950","https://stats.nba.com/media/players/230x185/201950.png","https://ak-static.cms.nba.com/wp-content/uploads/headshots/nba/latest/260x190/201950.png","https://stats.nba.com/media/players/700/201950.png","https://ak-static.cms.nba.com/wp-content/uploads/headshots/nba/latest/260x190/201950.png"
"73",2599,2024,"2023-24","NBA","Regular Season","2023-11-10",22300010,8,"Boston Celtics",1610612738,TRUE,FALSE,FALSE,"H","BOS vs. BKN","BOS",1,0,"BKN","BOS","BKN","W","Jayson Tatum",8,1,0,1628369,TRUE,6,17,0.353,4,11,0.363636363636364,0.778,TRUE,2,6,0.333333333333333,33,7,9,1,9,10,3,0,0,2,1,23,28,37.5,"https://stats.nba.com/media/img/teams/logos/season/2023-24/BOS_logo.svg","https://stats.nba.com/player/1628369","https://ak-static.cms.nba.com/wp-content/uploads/headshots/nba/latest/260x190/1628369.png","https://ak-static.cms.nba.com/wp-content/uploads/headshots/nba/latest/260x190/1628369.png","https://stats.nba.com/media/players/700/1628369.png","https://ak-static.cms.nba.com/wp-content/uploads/headshots/nba/latest/260x190/1628369.png"
"74",2600,2024,"2023-24","NBA","Regular Season","2023-11-10",22300010,8,"Boston Celtics",1610612738,TRUE,FALSE,FALSE,"H","BOS vs. BKN","BOS",1,0,"BKN","BOS","BKN","W","Svi Mykhailiuk",4,3,0,1629004,TRUE,0,1,0,0,1,0,NA,TRUE,0,0,0,9,0,0,0,1,1,0,0,0,2,1,0,-5,-0.8,"https://stats.nba.com/media/img/teams/logos/season/2023-24/BOS_logo.svg","https://stats.nba.com/player/1629004","https://ak-static.cms.nba.com/wp-content/uploads/headshots/nba/latest/260x190/1629004.png","https://ak-static.cms.nba.com/wp-content/uploads/headshots/nba/latest/260x190/1629004.png","https://stats.nba.com/media/players/700/1629004.png","https://ak-static.cms.nba.com/wp-content/uploads/headshots/nba/latest/260x190/1629004.png"
"75",2601,2024,"2023-24","NBA","Regular Season","2023-11-10",22300010,8,"Boston Celtics",1610612738,TRUE,FALSE,FALSE,"H","BOS vs. BKN","BOS",1,0,"BKN","BOS","BKN","W","Payton Pritchard",8,1,0,1630202,TRUE,5,10,0.5,2,7,0.285714285714286,0.5,TRUE,3,3,1,30,1,2,4,1,5,3,1,0,0,1,13,9,26.5,"https://stats.nba.com/media/img/teams/logos/season/2023-24/BOS_logo.svg","https://stats.nba.com/player/1630202","https://ak-static.cms.nba.com/wp-content/uploads/headshots/nba/latest/260x190/1630202.png","https://ak-static.cms.nba.com/wp-content/uploads/headshots/nba/latest/260x190/1630202.png","https://stats.nba.com/media/players/700/1630202.png","https://stats.nba.com/media/img/league/nba-headshot-fallback.png"
"76",2635,2024,"2023-24","NBA","Regular Season","2023-11-10",22300010,8,"Boston Celtics",1610612738,TRUE,FALSE,FALSE,"H","BOS vs. BKN","BOS",1,0,"BKN","BOS","BKN","W","Jaylen Brown",8,1,0,1627759,TRUE,10,19,0.526,5,9,0.555555555555556,0.6,TRUE,5,10,0.5,29,3,5,0,3,3,5,1,0,3,0,28,6,39.1,"https://stats.nba.com/media/img/teams/logos/season/2023-24/BOS_logo.svg","https://stats.nba.com/player/1627759","https://stats.nba.com/media/players/230x185/1627759.png","https://ak-static.cms.nba.com/wp-content/uploads/headshots/nba/latest/260x190/1627759.png","https://stats.nba.com/media/players/700/1627759.png","https://ak-static.cms.nba.com/wp-content/uploads/headshots/nba/latest/260x190/1627759.png"
"77",2636,2024,"2023-24","NBA","Regular Season","2023-11-10",22300010,8,"Boston Celtics",1610612738,TRUE,FALSE,FALSE,"H","BOS vs. BKN","BOS",1,0,"BKN","BOS","BKN","W","Luke Kornet",7,1,0,1628436,TRUE,3,5,0.6,0,0,0,1,TRUE,3,5,0.6,18,1,1,6,3,9,1,0,1,0,1,7,-2,22.3,"https://stats.nba.com/media/img/teams/logos/season/2023-24/BOS_logo.svg","https://stats.nba.com/player/1628436","https://ak-static.cms.nba.com/wp-content/uploads/headshots/nba/latest/260x190/1628436.png","https://ak-static.cms.nba.com/wp-content/uploads/headshots/nba/latest/260x190/1628436.png","https://stats.nba.com/media/players/700/1628436.png","https://ak-static.cms.nba.com/wp-content/uploads/headshots/nba/latest/260x190/1628436.png"
"78",2692,2024,"2023-24","NBA","Regular Season","2023-11-10",22300010,8,"Boston Celtics",1610612738,TRUE,FALSE,FALSE,"H","BOS vs. BKN","BOS",1,0,"BKN","BOS","BKN","W","Jrue Holiday",8,1,0,201950,TRUE,6,14,0.429,1,5,0.2,NA,TRUE,5,9,0.555555555555556,33,0,0,3,9,12,9,2,0,0,2,13,26,46.9,"https://stats.nba.com/media/img/teams/logos/season/2023-24/BOS_logo.svg","https://stats.nba.com/player/201950","https://stats.nba.com/media/players/230x185/201950.png","https://ak-static.cms.nba.com/wp-content/uploads/headshots/nba/latest/260x190/201950.png","https://stats.nba.com/media/players/700/201950.png","https://ak-static.cms.nba.com/wp-content/uploads/headshots/nba/latest/260x190/201950.png"
"79",2693,2024,"2023-24","NBA","Regular Season","2023-11-10",22300010,8,"Boston Celtics",1610612738,TRUE,FALSE,FALSE,"H","BOS vs. BKN","BOS",1,0,"BKN","BOS","BKN","W","Derrick White",6,1,0,1628401,TRUE,4,10,0.4,2,5,0.4,0.5,TRUE,2,5,0.4,27,1,2,0,4,4,5,0,1,0,2,11,1,26.3,"https://stats.nba.com/media/img/teams/logos/season/2023-24/BOS_logo.svg","https://stats.nba.com/player/1628401","https://ak-static.cms.nba.com/wp-content/uploads/headshots/nba/latest/260x190/1628401.png","https://ak-static.cms.nba.com/wp-content/uploads/headshots/nba/latest/260x190/1628401.png","https://stats.nba.com/media/players/700/1628401.png","https://ak-static.cms.nba.com/wp-content/uploads/headshots/nba/latest/260x190/1628401.png"
"80",2734,2024,"2023-24","NBA","Regular Season","2023-11-10",22300010,8,"Boston Celtics",1610612738,TRUE,FALSE,FALSE,"H","BOS vs. BKN","BOS",1,0,"BKN","BOS","BKN","W","Kristaps Porziņģis",8,1,0,204001,TRUE,2,4,0.5,0,2,0,1,TRUE,2,2,1,25,5,5,0,2,2,2,0,1,0,2,9,20,17.4,"https://stats.nba.com/media/img/teams/logos/season/2023-24/BOS_logo.svg","https://stats.nba.com/player/204001","https://stats.nba.com/media/players/230x185/204001.png","https://ak-static.cms.nba.com/wp-content/uploads/headshots/nba/latest/260x190/204001.png","https://stats.nba.com/media/players/700/204001.png","https://ak-static.cms.nba.com/wp-content/uploads/headshots/nba/latest/260x190/204001.png"
"81",2735,2024,"2023-24","NBA","Regular Season","2023-11-10",22300010,8,"Boston Celtics",1610612738,TRUE,FALSE,FALSE,"H","BOS vs. BKN","BOS",1,0,"BKN","BOS","BKN","W","Sam Hauser",8,1,0,1630573,TRUE,5,10,0.5,5,10,0.5,NA,TRUE,0,0,0,25,0,0,1,1,2,1,0,0,0,1,15,-1,18.9,"https://stats.nba.com/media/img/teams/logos/season/2023-24/BOS_logo.svg","https://stats.nba.com/player/1630573","https://ak-static.cms.nba.com/wp-content/uploads/headshots/nba/latest/260x190/1630573.png","https://ak-static.cms.nba.com/wp-content/uploads/headshots/nba/latest/260x190/1630573.png","https://stats.nba.com/media/players/700/1630573.png","https://stats.nba.com/media/img/league/nba-headshot-fallback.png"
"82",2770,2024,"2023-24","NBA","Regular Season","2023-11-10",22300010,8,"Boston Celtics",1610612738,TRUE,FALSE,FALSE,"H","BOS vs. BKN","BOS",1,0,"BKN","BOS","BKN","W","Oshae Brissett",5,5,0,1629052,TRUE,0,3,0,0,2,0,0.5,TRUE,0,1,0,8,2,4,1,2,3,0,1,0,0,2,2,-6,8.6,"https://stats.nba.com/media/img/teams/logos/season/2023-24/BOS_logo.svg","https://stats.nba.com/player/1629052","https://ak-static.cms.nba.com/wp-content/uploads/headshots/nba/latest/260x190/1629052.png","https://ak-static.cms.nba.com/wp-content/uploads/headshots/nba/latest/260x190/1629052.png","https://stats.nba.com/media/players/700/1629052.png","https://stats.nba.com/media/img/league/nba-headshot-fallback.png"
"83",2771,2024,"2023-24","NBA","Regular Season","2023-11-10",22300010,8,"Boston Celtics",1610612738,TRUE,FALSE,FALSE,"H","BOS vs. BKN","BOS",1,0,"BKN","BOS","BKN","W","Dalano Banton",3,8,0,1630625,TRUE,0,1,0,0,0,0,NA,TRUE,0,1,0,4,0,0,1,0,1,0,0,0,0,0,0,-6,1.2,"https://stats.nba.com/media/img/teams/logos/season/2023-24/BOS_logo.svg","https://stats.nba.com/player/1630625","https://ak-static.cms.nba.com/wp-content/uploads/headshots/nba/latest/260x190/1630625.png","https://ak-static.cms.nba.com/wp-content/uploads/headshots/nba/latest/260x190/1630625.png","https://stats.nba.com/media/players/700/1630625.png","https://stats.nba.com/media/img/league/nba-headshot-fallback.png"
"84",2786,2024,"2023-24","NBA","Regular Season","2023-11-11",22300174,9,"Boston Celtics",1610612738,TRUE,FALSE,TRUE,"H","BOS vs. TOR","BOS",0,1,"TOR","BOS","TOR","W","Kristaps Porziņģis",9,0,1,204001,TRUE,9,14,0.643,3,7,0.428571428571429,0,TRUE,6,7,0.857142857142857,28,0,1,0,7,7,3,0,0,3,1,21,12,30.9,"https://stats.nba.com/media/img/teams/logos/season/2023-24/BOS_logo.svg","https://stats.nba.com/player/204001","https://stats.nba.com/media/players/230x185/204001.png","https://ak-static.cms.nba.com/wp-content/uploads/headshots/nba/latest/260x190/204001.png","https://stats.nba.com/media/players/700/204001.png","https://ak-static.cms.nba.com/wp-content/uploads/headshots/nba/latest/260x190/204001.png"
"85",2787,2024,"2023-24","NBA","Regular Season","2023-11-11",22300174,9,"Boston Celtics",1610612738,TRUE,FALSE,TRUE,"H","BOS vs. TOR","BOS",0,1,"TOR","BOS","TOR","W","Jaylen Brown",9,0,1,1627759,TRUE,12,20,0.6,3,8,0.375,0.667,TRUE,9,12,0.75,32,2,3,1,4,5,2,0,0,2,1,29,9,36,"https://stats.nba.com/media/img/teams/logos/season/2023-24/BOS_logo.svg","https://stats.nba.com/player/1627759","https://stats.nba.com/media/players/230x185/1627759.png","https://ak-static.cms.nba.com/wp-content/uploads/headshots/nba/latest/260x190/1627759.png","https://stats.nba.com/media/players/700/1627759.png","https://ak-static.cms.nba.com/wp-content/uploads/headshots/nba/latest/260x190/1627759.png"
"86",2788,2024,"2023-24","NBA","Regular Season","2023-11-11",22300174,9,"Boston Celtics",1610612738,TRUE,FALSE,TRUE,"H","BOS vs. TOR","BOS",0,1,"TOR","BOS","TOR","W","Dalano Banton",4,0,3,1630625,TRUE,0,1,0,0,1,0,NA,TRUE,0,0,0,6,0,0,0,0,0,0,0,0,0,0,0,-2,0,"https://stats.nba.com/media/img/teams/logos/season/2023-24/BOS_logo.svg","https://stats.nba.com/player/1630625","https://ak-static.cms.nba.com/wp-content/uploads/headshots/nba/latest/260x190/1630625.png","https://ak-static.cms.nba.com/wp-content/uploads/headshots/nba/latest/260x190/1630625.png","https://stats.nba.com/media/players/700/1630625.png","https://stats.nba.com/media/img/league/nba-headshot-fallback.png"
"87",2799,2024,"2023-24","NBA","Regular Season","2023-11-11",22300174,9,"Boston Celtics",1610612738,TRUE,FALSE,TRUE,"H","BOS vs. TOR","BOS",0,1,"TOR","BOS","TOR","W","Al Horford",8,2,1,201143,TRUE,3,5,0.6,1,3,0.333333333333333,NA,TRUE,2,2,1,24,0,0,1,6,7,4,0,0,0,2,7,11,21.4,"https://stats.nba.com/media/img/teams/logos/season/2023-24/BOS_logo.svg","https://stats.nba.com/player/201143","https://stats.nba.com/media/players/230x185/201143.png","https://ak-static.cms.nba.com/wp-content/uploads/headshots/nba/latest/260x190/201143.png","https://stats.nba.com/media/players/700/201143.png","https://ak-static.cms.nba.com/wp-content/uploads/headshots/nba/latest/260x190/201143.png"
"88",2800,2024,"2023-24","NBA","Regular Season","2023-11-11",22300174,9,"Boston Celtics",1610612738,TRUE,FALSE,TRUE,"H","BOS vs. TOR","BOS",0,1,"TOR","BOS","TOR","W","Oshae Brissett",6,0,8,1629052,TRUE,0,0,NA,0,0,0,NA,TRUE,0,0,0,5,0,0,0,0,0,0,0,0,0,0,0,-7,0,"https://stats.nba.com/media/img/teams/logos/season/2023-24/BOS_logo.svg","https://stats.nba.com/player/1629052","https://ak-static.cms.nba.com/wp-content/uploads/headshots/nba/latest/260x190/1629052.png","https://ak-static.cms.nba.com/wp-content/uploads/headshots/nba/latest/260x190/1629052.png","https://stats.nba.com/media/players/700/1629052.png","https://stats.nba.com/media/img/league/nba-headshot-fallback.png"
"89",2816,2024,"2023-24","NBA","Regular Season","2023-11-11",22300174,9,"Boston Celtics",1610612738,TRUE,FALSE,TRUE,"H","BOS vs. TOR","BOS",0,1,"TOR","BOS","TOR","W","Jrue Holiday",9,0,1,201950,TRUE,4,9,0.444,0,2,0,NA,TRUE,4,7,0.571428571428571,30,0,0,0,3,3,7,1,2,4,2,8,22,27.1,"https://stats.nba.com/media/img/teams/logos/season/2023-24/BOS_logo.svg","https://stats.nba.com/player/201950","https://stats.nba.com/media/players/230x185/201950.png","https://ak-static.cms.nba.com/wp-content/uploads/headshots/nba/latest/260x190/201950.png","https://stats.nba.com/media/players/700/201950.png","https://ak-static.cms.nba.com/wp-content/uploads/headshots/nba/latest/260x190/201950.png"
"90",2817,2024,"2023-24","NBA","Regular Season","2023-11-11",22300174,9,"Boston Celtics",1610612738,TRUE,FALSE,TRUE,"H","BOS vs. TOR","BOS",0,1,"TOR","BOS","TOR","W","Jayson Tatum",9,0,1,1628369,TRUE,10,18,0.556,3,9,0.333333333333333,0.667,TRUE,7,9,0.777777777777778,34,4,6,0,5,5,4,0,1,1,2,27,42,41,"https://stats.nba.com/media/img/teams/logos/season/2023-24/BOS_logo.svg","https://stats.nba.com/player/1628369","https://ak-static.cms.nba.com/wp-content/uploads/headshots/nba/latest/260x190/1628369.png","https://ak-static.cms.nba.com/wp-content/uploads/headshots/nba/latest/260x190/1628369.png","https://stats.nba.com/media/players/700/1628369.png","https://ak-static.cms.nba.com/wp-content/uploads/headshots/nba/latest/260x190/1628369.png"
"91",2818,2024,"2023-24","NBA","Regular Season","2023-11-11",22300174,9,"Boston Celtics",1610612738,TRUE,FALSE,TRUE,"H","BOS vs. TOR","BOS",0,1,"TOR","BOS","TOR","W","Derrick White",7,0,1,1628401,TRUE,2,5,0.4,0,3,0,0,TRUE,2,2,1,26,0,1,0,4,4,5,0,1,0,2,4,20,19.3,"https://stats.nba.com/media/img/teams/logos/season/2023-24/BOS_logo.svg","https://stats.nba.com/player/1628401","https://ak-static.cms.nba.com/wp-content/uploads/headshots/nba/latest/260x190/1628401.png","https://ak-static.cms.nba.com/wp-content/uploads/headshots/nba/latest/260x190/1628401.png","https://stats.nba.com/media/players/700/1628401.png","https://ak-static.cms.nba.com/wp-content/uploads/headshots/nba/latest/260x190/1628401.png"
"92",2819,2024,"2023-24","NBA","Regular Season","2023-11-11",22300174,9,"Boston Celtics",1610612738,TRUE,FALSE,TRUE,"H","BOS vs. TOR","BOS",0,1,"TOR","BOS","TOR","W","Svi Mykhailiuk",5,0,3,1629004,TRUE,0,2,0,0,2,0,NA,TRUE,0,0,0,5,0,0,0,0,0,0,0,0,1,0,0,-7,-1,"https://stats.nba.com/media/img/teams/logos/season/2023-24/BOS_logo.svg","https://stats.nba.com/player/1629004","https://ak-static.cms.nba.com/wp-content/uploads/headshots/nba/latest/260x190/1629004.png","https://ak-static.cms.nba.com/wp-content/uploads/headshots/nba/latest/260x190/1629004.png","https://stats.nba.com/media/players/700/1629004.png","https://ak-static.cms.nba.com/wp-content/uploads/headshots/nba/latest/260x190/1629004.png"
"93",2831,2024,"2023-24","NBA","Regular Season","2023-11-11",22300174,9,"Boston Celtics",1610612738,TRUE,FALSE,TRUE,"H","BOS vs. TOR","BOS",0,1,"TOR","BOS","TOR","W","Luke Kornet",8,0,3,1628436,TRUE,1,1,1,0,0,0,NA,TRUE,1,1,1,9,0,0,0,5,5,1,0,0,0,1,2,3,9.5,"https://stats.nba.com/media/img/teams/logos/season/2023-24/BOS_logo.svg","https://stats.nba.com/player/1628436","https://ak-static.cms.nba.com/wp-content/uploads/headshots/nba/latest/260x190/1628436.png","https://ak-static.cms.nba.com/wp-content/uploads/headshots/nba/latest/260x190/1628436.png","https://stats.nba.com/media/players/700/1628436.png","https://ak-static.cms.nba.com/wp-content/uploads/headshots/nba/latest/260x190/1628436.png"
"94",2859,2024,"2023-24","NBA","Regular Season","2023-11-11",22300174,9,"Boston Celtics",1610612738,TRUE,FALSE,TRUE,"H","BOS vs. TOR","BOS",0,1,"TOR","BOS","TOR","W","Payton Pritchard",9,0,1,1630202,TRUE,2,5,0.4,1,3,0.333333333333333,1,TRUE,1,2,0.5,25,2,2,3,3,6,4,0,0,1,1,7,14,19.2,"https://stats.nba.com/media/img/teams/logos/season/2023-24/BOS_logo.svg","https://stats.nba.com/player/1630202","https://ak-static.cms.nba.com/wp-content/uploads/headshots/nba/latest/260x190/1630202.png","https://ak-static.cms.nba.com/wp-content/uploads/headshots/nba/latest/260x190/1630202.png","https://stats.nba.com/media/players/700/1630202.png","https://stats.nba.com/media/img/league/nba-headshot-fallback.png"
"95",2860,2024,"2023-24","NBA","Regular Season","2023-11-11",22300174,9,"Boston Celtics",1610612738,TRUE,FALSE,TRUE,"H","BOS vs. TOR","BOS",0,1,"TOR","BOS","TOR","W","Sam Hauser",9,0,1,1630573,TRUE,4,6,0.667,4,6,0.666666666666667,NA,TRUE,0,0,0,18,0,0,0,4,4,0,0,0,0,2,12,-2,16.8,"https://stats.nba.com/media/img/teams/logos/season/2023-24/BOS_logo.svg","https://stats.nba.com/player/1630573","https://ak-static.cms.nba.com/wp-content/uploads/headshots/nba/latest/260x190/1630573.png","https://ak-static.cms.nba.com/wp-content/uploads/headshots/nba/latest/260x190/1630573.png","https://stats.nba.com/media/players/700/1630573.png","https://stats.nba.com/media/img/league/nba-headshot-fallback.png"
"96",3127,2024,"2023-24","NBA","Regular Season","2023-11-13",22300188,10,"Boston Celtics",1610612738,FALSE,FALSE,FALSE,"H","BOS vs. NYK","BOS",1,1,"NYK","BOS","NYK","W","Al Horford",9,1,1,201143,TRUE,1,2,0.5,0,1,0,NA,TRUE,1,1,1,22,0,0,0,4,4,0,0,0,1,2,2,2,5.8,"https://stats.nba.com/media/img/teams/logos/season/2023-24/BOS_logo.svg","https://stats.nba.com/player/201143","https://stats.nba.com/media/players/230x185/201143.png","https://ak-static.cms.nba.com/wp-content/uploads/headshots/nba/latest/260x190/201143.png","https://stats.nba.com/media/players/700/201143.png","https://ak-static.cms.nba.com/wp-content/uploads/headshots/nba/latest/260x190/201143.png"
"97",3128,2024,"2023-24","NBA","Regular Season","2023-11-13",22300188,10,"Boston Celtics",1610612738,FALSE,FALSE,FALSE,"H","BOS vs. NYK","BOS",1,1,"NYK","BOS","NYK","W","Payton Pritchard",10,1,1,1630202,TRUE,2,3,0.667,1,1,1,NA,TRUE,1,2,0.5,19,0,0,0,3,3,3,0,0,0,3,5,5,13.1,"https://stats.nba.com/media/img/teams/logos/season/2023-24/BOS_logo.svg","https://stats.nba.com/player/1630202","https://ak-static.cms.nba.com/wp-content/uploads/headshots/nba/latest/260x190/1630202.png","https://ak-static.cms.nba.com/wp-content/uploads/headshots/nba/latest/260x190/1630202.png","https://stats.nba.com/media/players/700/1630202.png","https://stats.nba.com/media/img/league/nba-headshot-fallback.png"
"98",3136,2024,"2023-24","NBA","Regular Season","2023-11-13",22300188,10,"Boston Celtics",1610612738,FALSE,FALSE,FALSE,"H","BOS vs. NYK","BOS",1,1,"NYK","BOS","NYK","W","Sam Hauser",10,1,1,1630573,TRUE,4,6,0.667,4,6,0.666666666666667,NA,TRUE,0,0,0,21,0,0,0,4,4,2,0,0,0,0,12,6,19.8,"https://stats.nba.com/media/img/teams/logos/season/2023-24/BOS_logo.svg","https://stats.nba.com/player/1630573","https://ak-static.cms.nba.com/wp-content/uploads/headshots/nba/latest/260x190/1630573.png","https://ak-static.cms.nba.com/wp-content/uploads/headshots/nba/latest/260x190/1630573.png","https://stats.nba.com/media/players/700/1630573.png","https://stats.nba.com/media/img/league/nba-headshot-fallback.png"
"99",3152,2024,"2023-24","NBA","Regular Season","2023-11-13",22300188,10,"Boston Celtics",1610612738,FALSE,FALSE,FALSE,"H","BOS vs. NYK","BOS",1,1,"NYK","BOS","NYK","W","Jrue Holiday",10,1,1,201950,TRUE,5,9,0.556,3,5,0.6,1,TRUE,2,4,0.5,37,1,1,4,3,7,2,0,0,2,2,14,5,23.4,"https://stats.nba.com/media/img/teams/logos/season/2023-24/BOS_logo.svg","https://stats.nba.com/player/201950","https://stats.nba.com/media/players/230x185/201950.png","https://ak-static.cms.nba.com/wp-content/uploads/headshots/nba/latest/260x190/201950.png","https://stats.nba.com/media/players/700/201950.png","https://ak-static.cms.nba.com/wp-content/uploads/headshots/nba/latest/260x190/201950.png"
"100",3153,2024,"2023-24","NBA","Regular Season","2023-11-13",22300188,10,"Boston Celtics",1610612738,FALSE,FALSE,FALSE,"H","BOS vs. NYK","BOS",1,1,"NYK","BOS","NYK","W","Jayson Tatum",10,1,1,1628369,TRUE,13,23,0.565,5,12,0.416666666666667,0.8,TRUE,8,11,0.727272727272727,39,4,5,1,5,6,7,1,0,3,5,35,12,52.7,"https://stats.nba.com/media/img/teams/logos/season/2023-24/BOS_logo.svg","https://stats.nba.com/player/1628369","https://ak-static.cms.nba.com/wp-content/uploads/headshots/nba/latest/260x190/1628369.png","https://ak-static.cms.nba.com/wp-content/uploads/headshots/nba/latest/260x190/1628369.png","https://stats.nba.com/media/players/700/1628369.png","https://ak-static.cms.nba.com/wp-content/uploads/headshots/nba/latest/260x190/1628369.png"
"101",3154,2024,"2023-24","NBA","Regular Season","2023-11-13",22300188,10,"Boston Celtics",1610612738,FALSE,FALSE,FALSE,"H","BOS vs. NYK","BOS",1,1,"NYK","BOS","NYK","W","Derrick White",8,1,1,1628401,TRUE,1,7,0.143,1,3,0.333333333333333,NA,TRUE,0,4,0,31,0,0,1,1,2,4,1,1,1,2,3,14,16.4,"https://stats.nba.com/media/img/teams/logos/season/2023-24/BOS_logo.svg","https://stats.nba.com/player/1628401","https://ak-static.cms.nba.com/wp-content/uploads/headshots/nba/latest/260x190/1628401.png","https://ak-static.cms.nba.com/wp-content/uploads/headshots/nba/latest/260x190/1628401.png","https://stats.nba.com/media/players/700/1628401.png","https://ak-static.cms.nba.com/wp-content/uploads/headshots/nba/latest/260x190/1628401.png"
"102",3167,2024,"2023-24","NBA","Regular Season","2023-11-13",22300188,10,"Boston Celtics",1610612738,FALSE,FALSE,FALSE,"H","BOS vs. NYK","BOS",1,1,"NYK","BOS","NYK","W","Kristaps Porziņģis",10,1,3,204001,TRUE,7,11,0.636,3,6,0.5,1,TRUE,4,5,0.8,33,4,4,1,5,6,3,0,1,1,5,21,19,34.7,"https://stats.nba.com/media/img/teams/logos/season/2023-24/BOS_logo.svg","https://stats.nba.com/player/204001","https://stats.nba.com/media/players/230x185/204001.png","https://ak-static.cms.nba.com/wp-content/uploads/headshots/nba/latest/260x190/204001.png","https://stats.nba.com/media/players/700/204001.png","https://ak-static.cms.nba.com/wp-content/uploads/headshots/nba/latest/260x190/204001.png"
"103",3168,2024,"2023-24","NBA","Regular Season","2023-11-13",22300188,10,"Boston Celtics",1610612738,FALSE,FALSE,FALSE,"H","BOS vs. NYK","BOS",1,1,"NYK","BOS","NYK","W","Jaylen Brown",10,1,3,1627759,TRUE,7,18,0.389,2,9,0.222222222222222,1,TRUE,5,9,0.555555555555556,36,6,6,1,4,5,6,1,1,3,3,22,17,40,"https://stats.nba.com/media/img/teams/logos/season/2023-24/BOS_logo.svg","https://stats.nba.com/player/1627759","https://stats.nba.com/media/players/230x185/1627759.png","https://ak-static.cms.nba.com/wp-content/uploads/headshots/nba/latest/260x190/1627759.png","https://stats.nba.com/media/players/700/1627759.png","https://ak-static.cms.nba.com/wp-content/uploads/headshots/nba/latest/260x190/1627759.png"
"104",3406,2024,"2023-24","NBA","Regular Season","2023-11-15",22300194,11,"Boston Celtics",1610612738,FALSE,FALSE,FALSE,"A","BOS @ PHI","BOS",1,1,"PHI","BOS","PHI","W","Derrick White",9,1,1,1628401,TRUE,7,12,0.583,4,8,0.5,0.9,TRUE,3,4,0.75,36,9,10,0,3,3,5,1,0,2,3,27,3,39.1,"https://stats.nba.com/media/img/teams/logos/season/2023-24/BOS_logo.svg","https://stats.nba.com/player/1628401","https://ak-static.cms.nba.com/wp-content/uploads/headshots/nba/latest/260x190/1628401.png","https://ak-static.cms.nba.com/wp-content/uploads/headshots/nba/latest/260x190/1628401.png","https://stats.nba.com/media/players/700/1628401.png","https://ak-static.cms.nba.com/wp-content/uploads/headshots/nba/latest/260x190/1628401.png"
"105",3407,2024,"2023-24","NBA","Regular Season","2023-11-15",22300194,11,"Boston Celtics",1610612738,FALSE,FALSE,FALSE,"A","BOS @ PHI","BOS",1,1,"PHI","BOS","PHI","W","Luke Kornet",9,3,4,1628436,TRUE,4,4,1,0,0,0,0.5,TRUE,4,4,1,19,1,2,3,3,6,1,1,0,2,2,9,-4,18.7,"https://stats.nba.com/media/img/teams/logos/season/2023-24/BOS_logo.svg","https://stats.nba.com/player/1628436","https://ak-static.cms.nba.com/wp-content/uploads/headshots/nba/latest/260x190/1628436.png","https://ak-static.cms.nba.com/wp-content/uploads/headshots/nba/latest/260x190/1628436.png","https://stats.nba.com/media/players/700/1628436.png","https://ak-static.cms.nba.com/wp-content/uploads/headshots/nba/latest/260x190/1628436.png"
"106",3408,2024,"2023-24","NBA","Regular Season","2023-11-15",22300194,11,"Boston Celtics",1610612738,FALSE,FALSE,FALSE,"A","BOS @ PHI","BOS",1,1,"PHI","BOS","PHI","W","Svi Mykhailiuk",6,3,4,1629004,TRUE,2,4,0.5,1,3,0.333333333333333,NA,TRUE,1,1,1,15,0,0,1,0,1,0,1,0,1,3,5,0,8.2,"https://stats.nba.com/media/img/teams/logos/season/2023-24/BOS_logo.svg","https://stats.nba.com/player/1629004","https://ak-static.cms.nba.com/wp-content/uploads/headshots/nba/latest/260x190/1629004.png","https://ak-static.cms.nba.com/wp-content/uploads/headshots/nba/latest/260x190/1629004.png","https://stats.nba.com/media/players/700/1629004.png","https://ak-static.cms.nba.com/wp-content/uploads/headshots/nba/latest/260x190/1629004.png"
"107",3409,2024,"2023-24","NBA","Regular Season","2023-11-15",22300194,11,"Boston Celtics",1610612738,FALSE,FALSE,FALSE,"A","BOS @ PHI","BOS",1,1,"PHI","BOS","PHI","W","Dalano Banton",5,3,8,1630625,TRUE,1,4,0.25,0,1,0,NA,TRUE,1,3,0.333333333333333,8,0,0,1,4,5,0,1,0,0,2,2,8,11,"https://stats.nba.com/media/img/teams/logos/season/2023-24/BOS_logo.svg","https://stats.nba.com/player/1630625","https://ak-static.cms.nba.com/wp-content/uploads/headshots/nba/latest/260x190/1630625.png","https://ak-static.cms.nba.com/wp-content/uploads/headshots/nba/latest/260x190/1630625.png","https://stats.nba.com/media/players/700/1630625.png","https://stats.nba.com/media/img/league/nba-headshot-fallback.png"
"108",3488,2024,"2023-24","NBA","Regular Season","2023-11-15",22300194,11,"Boston Celtics",1610612738,FALSE,FALSE,FALSE,"A","BOS @ PHI","BOS",1,1,"PHI","BOS","PHI","W","Payton Pritchard",11,1,1,1630202,TRUE,2,5,0.4,1,3,0.333333333333333,NA,TRUE,1,2,0.5,23,0,0,1,1,2,3,0,0,0,0,5,7,11.9,"https://stats.nba.com/media/img/teams/logos/season/2023-24/BOS_logo.svg","https://stats.nba.com/player/1630202","https://ak-static.cms.nba.com/wp-content/uploads/headshots/nba/latest/260x190/1630202.png","https://ak-static.cms.nba.com/wp-content/uploads/headshots/nba/latest/260x190/1630202.png","https://stats.nba.com/media/players/700/1630202.png","https://stats.nba.com/media/img/league/nba-headshot-fallback.png"
"109",3489,2024,"2023-24","NBA","Regular Season","2023-11-15",22300194,11,"Boston Celtics",1610612738,FALSE,FALSE,FALSE,"A","BOS @ PHI","BOS",1,1,"PHI","BOS","PHI","W","Sam Hauser",11,1,1,1630573,TRUE,3,9,0.333,2,8,0.25,NA,TRUE,1,1,1,35,0,0,1,1,2,2,0,1,0,2,8,4,16.4,"https://stats.nba.com/media/img/teams/logos/season/2023-24/BOS_logo.svg","https://stats.nba.com/player/1630573","https://ak-static.cms.nba.com/wp-content/uploads/headshots/nba/latest/260x190/1630573.png","https://ak-static.cms.nba.com/wp-content/uploads/headshots/nba/latest/260x190/1630573.png","https://stats.nba.com/media/players/700/1630573.png","https://stats.nba.com/media/img/league/nba-headshot-fallback.png"
"110",3526,2024,"2023-24","NBA","Regular Season","2023-11-15",22300194,11,"Boston Celtics",1610612738,FALSE,FALSE,FALSE,"A","BOS @ PHI","BOS",1,1,"PHI","BOS","PHI","W","Al Horford",10,1,1,201143,TRUE,5,9,0.556,4,8,0.5,NA,TRUE,1,1,1,29,0,0,1,7,8,3,0,5,0,2,14,14,43.1,"https://stats.nba.com/media/img/teams/logos/season/2023-24/BOS_logo.svg","https://stats.nba.com/player/201143","https://stats.nba.com/media/players/230x185/201143.png","https://ak-static.cms.nba.com/wp-content/uploads/headshots/nba/latest/260x190/201143.png","https://stats.nba.com/media/players/700/201143.png","https://ak-static.cms.nba.com/wp-content/uploads/headshots/nba/latest/260x190/201143.png"
"111",3527,2024,"2023-24","NBA","Regular Season","2023-11-15",22300194,11,"Boston Celtics",1610612738,FALSE,FALSE,FALSE,"A","BOS @ PHI","BOS",1,1,"PHI","BOS","PHI","W","Jrue Holiday",11,1,1,201950,TRUE,8,18,0.444,2,9,0.222222222222222,0,TRUE,6,9,0.666666666666667,35,0,1,2,8,10,3,1,2,1,0,18,16,42.5,"https://stats.nba.com/media/img/teams/logos/season/2023-24/BOS_logo.svg","https://stats.nba.com/player/201950","https://stats.nba.com/media/players/230x185/201950.png","https://ak-static.cms.nba.com/wp-content/uploads/headshots/nba/latest/260x190/201950.png","https://stats.nba.com/media/players/700/201950.png","https://ak-static.cms.nba.com/wp-content/uploads/headshots/nba/latest/260x190/201950.png"
"112",3528,2024,"2023-24","NBA","Regular Season","2023-11-15",22300194,11,"Boston Celtics",1610612738,FALSE,FALSE,FALSE,"A","BOS @ PHI","BOS",1,1,"PHI","BOS","PHI","W","Jayson Tatum",11,1,1,1628369,TRUE,10,23,0.435,4,10,0.4,0.833,TRUE,6,13,0.461538461538462,39,5,6,2,6,8,6,2,0,3,1,29,2,50.6,"https://stats.nba.com/media/img/teams/logos/season/2023-24/BOS_logo.svg","https://stats.nba.com/player/1628369","https://ak-static.cms.nba.com/wp-content/uploads/headshots/nba/latest/260x190/1628369.png","https://ak-static.cms.nba.com/wp-content/uploads/headshots/nba/latest/260x190/1628369.png","https://stats.nba.com/media/players/700/1628369.png","https://ak-static.cms.nba.com/wp-content/uploads/headshots/nba/latest/260x190/1628369.png"
"113",3637,2024,"2023-24","NBA","Regular Season","2023-11-17",22300031,12,"Boston Celtics",1610612738,FALSE,TRUE,FALSE,"A","BOS @ TOR","BOS",1,1,"TOR","BOS","TOR","W","Jrue Holiday",12,1,1,201950,TRUE,5,14,0.357,2,4,0.5,1,TRUE,3,10,0.3,35,2,2,2,6,8,5,0,0,1,2,14,-2,30.1,"https://stats.nba.com/media/img/teams/logos/season/2023-24/BOS_logo.svg","https://stats.nba.com/player/201950","https://stats.nba.com/media/players/230x185/201950.png","https://ak-static.cms.nba.com/wp-content/uploads/headshots/nba/latest/260x190/201950.png","https://stats.nba.com/media/players/700/201950.png","https://ak-static.cms.nba.com/wp-content/uploads/headshots/nba/latest/260x190/201950.png"
"114",3638,2024,"2023-24","NBA","Regular Season","2023-11-17",22300031,12,"Boston Celtics",1610612738,FALSE,TRUE,FALSE,"A","BOS @ TOR","BOS",1,1,"TOR","BOS","TOR","W","Jaylen Brown",11,3,1,1627759,TRUE,9,14,0.643,3,5,0.6,0.667,TRUE,6,9,0.666666666666667,36,2,3,0,3,3,4,1,1,3,2,23,4,35.6,"https://stats.nba.com/media/img/teams/logos/season/2023-24/BOS_logo.svg","https://stats.nba.com/player/1627759","https://stats.nba.com/media/players/230x185/1627759.png","https://ak-static.cms.nba.com/wp-content/uploads/headshots/nba/latest/260x190/1627759.png","https://stats.nba.com/media/players/700/1627759.png","https://ak-static.cms.nba.com/wp-content/uploads/headshots/nba/latest/260x190/1627759.png"
"115",3639,2024,"2023-24","NBA","Regular Season","2023-11-17",22300031,12,"Boston Celtics",1610612738,FALSE,TRUE,FALSE,"A","BOS @ TOR","BOS",1,1,"TOR","BOS","TOR","W","Jayson Tatum",12,1,1,1628369,TRUE,8,22,0.364,1,11,0.0909090909090909,NA,TRUE,7,11,0.636363636363636,37,0,0,1,6,7,2,1,0,3,3,17,-4,28.4,"https://stats.nba.com/media/img/teams/logos/season/2023-24/BOS_logo.svg","https://stats.nba.com/player/1628369","https://ak-static.cms.nba.com/wp-content/uploads/headshots/nba/latest/260x190/1628369.png","https://ak-static.cms.nba.com/wp-content/uploads/headshots/nba/latest/260x190/1628369.png","https://stats.nba.com/media/players/700/1628369.png","https://ak-static.cms.nba.com/wp-content/uploads/headshots/nba/latest/260x190/1628369.png"
"116",3640,2024,"2023-24","NBA","Regular Season","2023-11-17",22300031,12,"Boston Celtics",1610612738,FALSE,TRUE,FALSE,"A","BOS @ TOR","BOS",1,1,"TOR","BOS","TOR","W","Sam Hauser",12,1,1,1630573,TRUE,4,7,0.571,3,6,0.5,NA,TRUE,1,1,1,23,0,0,1,2,3,3,1,0,0,0,11,8,22.1,"https://stats.nba.com/media/img/teams/logos/season/2023-24/BOS_logo.svg","https://stats.nba.com/player/1630573","https://ak-static.cms.nba.com/wp-content/uploads/headshots/nba/latest/260x190/1630573.png","https://ak-static.cms.nba.com/wp-content/uploads/headshots/nba/latest/260x190/1630573.png","https://stats.nba.com/media/players/700/1630573.png","https://stats.nba.com/media/img/league/nba-headshot-fallback.png"
"117",3720,2024,"2023-24","NBA","Regular Season","2023-11-17",22300031,12,"Boston Celtics",1610612738,FALSE,TRUE,FALSE,"A","BOS @ TOR","BOS",1,1,"TOR","BOS","TOR","W","Derrick White",10,1,1,1628401,TRUE,4,10,0.4,3,8,0.375,1,TRUE,1,2,0.5,34,2,2,0,4,4,5,0,0,1,1,13,-1,24.3,"https://stats.nba.com/media/img/teams/logos/season/2023-24/BOS_logo.svg","https://stats.nba.com/player/1628401","https://ak-static.cms.nba.com/wp-content/uploads/headshots/nba/latest/260x190/1628401.png","https://ak-static.cms.nba.com/wp-content/uploads/headshots/nba/latest/260x190/1628401.png","https://stats.nba.com/media/players/700/1628401.png","https://ak-static.cms.nba.com/wp-content/uploads/headshots/nba/latest/260x190/1628401.png"
"118",3721,2024,"2023-24","NBA","Regular Season","2023-11-17",22300031,12,"Boston Celtics",1610612738,FALSE,TRUE,FALSE,"A","BOS @ TOR","BOS",1,1,"TOR","BOS","TOR","W","Payton Pritchard",12,1,1,1630202,TRUE,2,7,0.286,1,5,0.2,NA,TRUE,1,2,0.5,17,0,0,1,2,3,3,1,0,0,1,5,11,16.1,"https://stats.nba.com/media/img/teams/logos/season/2023-24/BOS_logo.svg","https://stats.nba.com/player/1630202","https://ak-static.cms.nba.com/wp-content/uploads/headshots/nba/latest/260x190/1630202.png","https://ak-static.cms.nba.com/wp-content/uploads/headshots/nba/latest/260x190/1630202.png","https://stats.nba.com/media/players/700/1630202.png","https://stats.nba.com/media/img/league/nba-headshot-fallback.png"
"119",3771,2024,"2023-24","NBA","Regular Season","2023-11-17",22300031,12,"Boston Celtics",1610612738,FALSE,TRUE,FALSE,"A","BOS @ TOR","BOS",1,1,"TOR","BOS","TOR","W","Al Horford",11,1,1,201143,TRUE,4,5,0.8,3,4,0.75,NA,TRUE,1,1,1,23,0,0,1,3,4,2,0,0,0,1,11,-3,18.8,"https://stats.nba.com/media/img/teams/logos/season/2023-24/BOS_logo.svg","https://stats.nba.com/player/201143","https://stats.nba.com/media/players/230x185/201143.png","https://ak-static.cms.nba.com/wp-content/uploads/headshots/nba/latest/260x190/201143.png","https://stats.nba.com/media/players/700/201143.png","https://ak-static.cms.nba.com/wp-content/uploads/headshots/nba/latest/260x190/201143.png"
"120",3813,2024,"2023-24","NBA","Regular Season","2023-11-17",22300031,12,"Boston Celtics",1610612738,FALSE,TRUE,FALSE,"A","BOS @ TOR","BOS",1,1,"TOR","BOS","TOR","W","Kristaps Porziņģis",11,3,1,204001,TRUE,6,13,0.462,0,3,0,1,TRUE,6,10,0.6,35,2,2,2,10,12,5,1,3,2,3,14,2,45.9,"https://stats.nba.com/media/img/teams/logos/season/2023-24/BOS_logo.svg","https://stats.nba.com/player/204001","https://stats.nba.com/media/players/230x185/204001.png","https://ak-static.cms.nba.com/wp-content/uploads/headshots/nba/latest/260x190/204001.png","https://stats.nba.com/media/players/700/204001.png","https://ak-static.cms.nba.com/wp-content/uploads/headshots/nba/latest/260x190/204001.png"
"121",3981,2024,"2023-24","NBA","Regular Season","2023-11-19",22300213,13,"Boston Celtics",1610612738,TRUE,FALSE,FALSE,"A","BOS @ MEM","BOS",1,0,"MEM","BOS","MEM","W","Neemias Queta",1,120,120,1629674,TRUE,0,1,0,0,0,0,NA,TRUE,0,1,0,5,0,0,0,2,2,0,0,0,0,1,0,-3,2.4,"https://stats.nba.com/media/img/teams/logos/season/2023-24/BOS_logo.svg","https://stats.nba.com/player/1629674","https://ak-static.cms.nba.com/wp-content/uploads/headshots/nba/latest/260x190/1629674.png","https://ak-static.cms.nba.com/wp-content/uploads/headshots/nba/latest/260x190/1629674.png","https://stats.nba.com/media/players/700/1629674.png","https://stats.nba.com/media/img/league/nba-headshot-fallback.png"
"122",4021,2024,"2023-24","NBA","Regular Season","2023-11-19",22300213,13,"Boston Celtics",1610612738,TRUE,FALSE,FALSE,"A","BOS @ MEM","BOS",1,0,"MEM","BOS","MEM","W","Al Horford",12,1,2,201143,TRUE,2,5,0.4,1,3,0.333333333333333,NA,TRUE,1,2,0.5,22,0,0,2,1,3,2,0,0,0,2,5,2,11.6,"https://stats.nba.com/media/img/teams/logos/season/2023-24/BOS_logo.svg","https://stats.nba.com/player/201143","https://stats.nba.com/media/players/230x185/201143.png","https://ak-static.cms.nba.com/wp-content/uploads/headshots/nba/latest/260x190/201143.png","https://stats.nba.com/media/players/700/201143.png","https://ak-static.cms.nba.com/wp-content/uploads/headshots/nba/latest/260x190/201143.png"
"123",4022,2024,"2023-24","NBA","Regular Season","2023-11-19",22300213,13,"Boston Celtics",1610612738,TRUE,FALSE,FALSE,"A","BOS @ MEM","BOS",1,0,"MEM","BOS","MEM","W","Kristaps Porziņģis",12,1,0,204001,TRUE,9,13,0.692,0,3,0,0.889,TRUE,9,10,0.9,34,8,9,2,6,8,1,1,6,2,4,26,4,56.1,"https://stats.nba.com/media/img/teams/logos/season/2023-24/BOS_logo.svg","https://stats.nba.com/player/204001","https://stats.nba.com/media/players/230x185/204001.png","https://ak-static.cms.nba.com/wp-content/uploads/headshots/nba/latest/260x190/204001.png","https://stats.nba.com/media/players/700/204001.png","https://ak-static.cms.nba.com/wp-content/uploads/headshots/nba/latest/260x190/204001.png"
"124",4023,2024,"2023-24","NBA","Regular Season","2023-11-19",22300213,13,"Boston Celtics",1610612738,TRUE,FALSE,FALSE,"A","BOS @ MEM","BOS",1,0,"MEM","BOS","MEM","W","Sam Hauser",13,1,0,1630573,TRUE,5,8,0.625,5,7,0.714285714285714,NA,TRUE,0,1,0,22,0,0,0,4,4,0,2,0,0,0,15,17,25.8,"https://stats.nba.com/media/img/teams/logos/season/2023-24/BOS_logo.svg","https://stats.nba.com/player/1630573","https://ak-static.cms.nba.com/wp-content/uploads/headshots/nba/latest/260x190/1630573.png","https://ak-static.cms.nba.com/wp-content/uploads/headshots/nba/latest/260x190/1630573.png","https://stats.nba.com/media/players/700/1630573.png","https://stats.nba.com/media/img/league/nba-headshot-fallback.png"
"125",4060,2024,"2023-24","NBA","Regular Season","2023-11-19",22300213,13,"Boston Celtics",1610612738,TRUE,FALSE,FALSE,"A","BOS @ MEM","BOS",1,0,"MEM","BOS","MEM","W","Jaylen Brown",12,1,0,1627759,TRUE,5,16,0.313,1,7,0.142857142857143,0.5,TRUE,4,9,0.444444444444444,34,1,2,0,6,6,3,2,2,2,4,12,1,33.7,"https://stats.nba.com/media/img/teams/logos/season/2023-24/BOS_logo.svg","https://stats.nba.com/player/1627759","https://stats.nba.com/media/players/230x185/1627759.png","https://ak-static.cms.nba.com/wp-content/uploads/headshots/nba/latest/260x190/1627759.png","https://stats.nba.com/media/players/700/1627759.png","https://ak-static.cms.nba.com/wp-content/uploads/headshots/nba/latest/260x190/1627759.png"
"126",4061,2024,"2023-24","NBA","Regular Season","2023-11-19",22300213,13,"Boston Celtics",1610612738,TRUE,FALSE,FALSE,"A","BOS @ MEM","BOS",1,0,"MEM","BOS","MEM","W","Jayson Tatum",13,1,0,1628369,TRUE,7,13,0.538,1,1,1,0.833,TRUE,6,12,0.5,35,5,6,2,7,9,5,1,1,8,4,20,-1,36.3,"https://stats.nba.com/media/img/teams/logos/season/2023-24/BOS_logo.svg","https://stats.nba.com/player/1628369","https://ak-static.cms.nba.com/wp-content/uploads/headshots/nba/latest/260x190/1628369.png","https://ak-static.cms.nba.com/wp-content/uploads/headshots/nba/latest/260x190/1628369.png","https://stats.nba.com/media/players/700/1628369.png","https://ak-static.cms.nba.com/wp-content/uploads/headshots/nba/latest/260x190/1628369.png"
"127",4062,2024,"2023-24","NBA","Regular Season","2023-11-19",22300213,13,"Boston Celtics",1610612738,TRUE,FALSE,FALSE,"A","BOS @ MEM","BOS",1,0,"MEM","BOS","MEM","W","Lamar Stevens",4,12,4,1630205,TRUE,0,0,NA,0,0,0,NA,TRUE,0,0,0,3,0,0,0,1,1,0,0,0,0,1,0,-2,1.2,"https://stats.nba.com/media/img/teams/logos/season/2023-24/BOS_logo.svg","https://stats.nba.com/player/1630205","https://ak-static.cms.nba.com/wp-content/uploads/headshots/nba/latest/260x190/1630205.png","https://ak-static.cms.nba.com/wp-content/uploads/headshots/nba/latest/260x190/1630205.png","https://stats.nba.com/media/players/700/1630205.png","https://stats.nba.com/media/img/league/nba-headshot-fallback.png"
"128",4148,2024,"2023-24","NBA","Regular Season","2023-11-19",22300213,13,"Boston Celtics",1610612738,TRUE,FALSE,FALSE,"A","BOS @ MEM","BOS",1,0,"MEM","BOS","MEM","W","Jrue Holiday",13,1,0,201950,TRUE,2,7,0.286,1,3,0.333333333333333,1,TRUE,1,4,0.25,37,2,2,2,4,6,4,0,0,2,1,7,-9,18.2,"https://stats.nba.com/media/img/teams/logos/season/2023-24/BOS_logo.svg","https://stats.nba.com/player/201950","https://stats.nba.com/media/players/230x185/201950.png","https://ak-static.cms.nba.com/wp-content/uploads/headshots/nba/latest/260x190/201950.png","https://stats.nba.com/media/players/700/201950.png","https://ak-static.cms.nba.com/wp-content/uploads/headshots/nba/latest/260x190/201950.png"
"129",4149,2024,"2023-24","NBA","Regular Season","2023-11-19",22300213,13,"Boston Celtics",1610612738,TRUE,FALSE,FALSE,"A","BOS @ MEM","BOS",1,0,"MEM","BOS","MEM","W","Payton Pritchard",13,1,0,1630202,TRUE,2,5,0.4,1,2,0.5,0.5,TRUE,1,3,0.333333333333333,15,2,4,0,3,3,1,0,0,1,0,7,0,11.1,"https://stats.nba.com/media/img/teams/logos/season/2023-24/BOS_logo.svg","https://stats.nba.com/player/1630202","https://ak-static.cms.nba.com/wp-content/uploads/headshots/nba/latest/260x190/1630202.png","https://ak-static.cms.nba.com/wp-content/uploads/headshots/nba/latest/260x190/1630202.png","https://stats.nba.com/media/players/700/1630202.png","https://stats.nba.com/media/img/league/nba-headshot-fallback.png"
"130",4179,2024,"2023-24","NBA","Regular Season","2023-11-19",22300213,13,"Boston Celtics",1610612738,TRUE,FALSE,FALSE,"A","BOS @ MEM","BOS",1,0,"MEM","BOS","MEM","W","Derrick White",11,1,2,1628401,TRUE,3,9,0.333,2,5,0.4,1,TRUE,1,4,0.25,34,2,2,1,2,3,4,0,1,2,2,10,1,20.6,"https://stats.nba.com/media/img/teams/logos/season/2023-24/BOS_logo.svg","https://stats.nba.com/player/1628401","https://ak-static.cms.nba.com/wp-content/uploads/headshots/nba/latest/260x190/1628401.png","https://ak-static.cms.nba.com/wp-content/uploads/headshots/nba/latest/260x190/1628401.png","https://stats.nba.com/media/players/700/1628401.png","https://ak-static.cms.nba.com/wp-content/uploads/headshots/nba/latest/260x190/1628401.png"
"131",4189,2024,"2023-24","NBA","Regular Season","2023-11-20",22300217,14,"Boston Celtics",1610612738,TRUE,FALSE,TRUE,"A","BOS @ CHA","BOS",0,1,"CHA","CHA","BOS","L","Jrue Holiday",14,0,1,201950,FALSE,5,11,0.455,1,3,0.333333333333333,0,TRUE,4,8,0.5,37,0,2,3,3,6,5,1,2,7,1,11,-4,27.7,"https://stats.nba.com/media/img/teams/logos/season/2023-24/BOS_logo.svg","https://stats.nba.com/player/201950","https://stats.nba.com/media/players/230x185/201950.png","https://ak-static.cms.nba.com/wp-content/uploads/headshots/nba/latest/260x190/201950.png","https://stats.nba.com/media/players/700/201950.png","https://ak-static.cms.nba.com/wp-content/uploads/headshots/nba/latest/260x190/201950.png"
"132",4190,2024,"2023-24","NBA","Regular Season","2023-11-20",22300217,14,"Boston Celtics",1610612738,TRUE,FALSE,TRUE,"A","BOS @ CHA","BOS",0,1,"CHA","CHA","BOS","L","Kristaps Porziņģis",13,0,1,204001,FALSE,5,14,0.357,1,8,0.125,0.6,TRUE,4,6,0.666666666666667,34,6,10,3,5,8,0,2,3,0,2,17,-26,41.6,"https://stats.nba.com/media/img/teams/logos/season/2023-24/BOS_logo.svg","https://stats.nba.com/player/204001","https://stats.nba.com/media/players/230x185/204001.png","https://ak-static.cms.nba.com/wp-content/uploads/headshots/nba/latest/260x190/204001.png","https://stats.nba.com/media/players/700/204001.png","https://ak-static.cms.nba.com/wp-content/uploads/headshots/nba/latest/260x190/204001.png"
"133",4191,2024,"2023-24","NBA","Regular Season","2023-11-20",22300217,14,"Boston Celtics",1610612738,TRUE,FALSE,TRUE,"A","BOS @ CHA","BOS",0,1,"CHA","CHA","BOS","L","Jaylen Brown",13,0,1,1627759,FALSE,5,17,0.294,0,5,0,0.75,TRUE,5,12,0.416666666666667,34,3,4,1,3,4,3,0,0,2,5,13,-23,20.3,"https://stats.nba.com/media/img/teams/logos/season/2023-24/BOS_logo.svg","https://stats.nba.com/player/1627759","https://stats.nba.com/media/players/230x185/1627759.png","https://ak-static.cms.nba.com/wp-content/uploads/headshots/nba/latest/260x190/1627759.png","https://stats.nba.com/media/players/700/1627759.png","https://ak-static.cms.nba.com/wp-content/uploads/headshots/nba/latest/260x190/1627759.png"
"134",4220,2024,"2023-24","NBA","Regular Season","2023-11-20",22300217,14,"Boston Celtics",1610612738,TRUE,FALSE,TRUE,"A","BOS @ CHA","BOS",0,1,"CHA","CHA","BOS","L","Jayson Tatum",14,0,1,1628369,FALSE,15,28,0.536,7,15,0.466666666666667,0.8,TRUE,8,13,0.615384615384615,44,8,10,0,13,13,6,0,2,3,1,45,-5,72.6,"https://stats.nba.com/media/img/teams/logos/season/2023-24/BOS_logo.svg","https://stats.nba.com/player/1628369","https://ak-static.cms.nba.com/wp-content/uploads/headshots/nba/latest/260x190/1628369.png","https://ak-static.cms.nba.com/wp-content/uploads/headshots/nba/latest/260x190/1628369.png","https://stats.nba.com/media/players/700/1628369.png","https://ak-static.cms.nba.com/wp-content/uploads/headshots/nba/latest/260x190/1628369.png"
"135",4253,2024,"2023-24","NBA","Regular Season","2023-11-20",22300217,14,"Boston Celtics",1610612738,TRUE,FALSE,TRUE,"A","BOS @ CHA","BOS",0,1,"CHA","CHA","BOS","L","Luke Kornet",10,4,3,1628436,FALSE,2,2,1,0,0,0,NA,TRUE,2,2,1,19,0,0,0,3,3,0,0,1,0,0,4,25,10.6,"https://stats.nba.com/media/img/teams/logos/season/2023-24/BOS_logo.svg","https://stats.nba.com/player/1628436","https://ak-static.cms.nba.com/wp-content/uploads/headshots/nba/latest/260x190/1628436.png","https://ak-static.cms.nba.com/wp-content/uploads/headshots/nba/latest/260x190/1628436.png","https://stats.nba.com/media/players/700/1628436.png","https://ak-static.cms.nba.com/wp-content/uploads/headshots/nba/latest/260x190/1628436.png"
"136",4285,2024,"2023-24","NBA","Regular Season","2023-11-20",22300217,14,"Boston Celtics",1610612738,TRUE,FALSE,TRUE,"A","BOS @ CHA","BOS",0,1,"CHA","CHA","BOS","L","Svi Mykhailiuk",7,4,7,1629004,FALSE,1,2,0.5,1,2,0.5,NA,TRUE,0,0,0,9,0,0,0,0,0,0,1,0,0,0,3,7,6,"https://stats.nba.com/media/img/teams/logos/season/2023-24/BOS_logo.svg","https://stats.nba.com/player/1629004","https://ak-static.cms.nba.com/wp-content/uploads/headshots/nba/latest/260x190/1629004.png","https://ak-static.cms.nba.com/wp-content/uploads/headshots/nba/latest/260x190/1629004.png","https://stats.nba.com/media/players/700/1629004.png","https://ak-static.cms.nba.com/wp-content/uploads/headshots/nba/latest/260x190/1629004.png"
"137",4286,2024,"2023-24","NBA","Regular Season","2023-11-20",22300217,14,"Boston Celtics",1610612738,TRUE,FALSE,TRUE,"A","BOS @ CHA","BOS",0,1,"CHA","CHA","BOS","L","Payton Pritchard",14,0,1,1630202,FALSE,8,14,0.571,5,8,0.625,NA,TRUE,3,6,0.5,33,0,0,2,4,6,3,2,0,0,1,21,16,38.7,"https://stats.nba.com/media/img/teams/logos/season/2023-24/BOS_logo.svg","https://stats.nba.com/player/1630202","https://ak-static.cms.nba.com/wp-content/uploads/headshots/nba/latest/260x190/1630202.png","https://ak-static.cms.nba.com/wp-content/uploads/headshots/nba/latest/260x190/1630202.png","https://stats.nba.com/media/players/700/1630202.png","https://stats.nba.com/media/img/league/nba-headshot-fallback.png"
"138",4315,2024,"2023-24","NBA","Regular Season","2023-11-20",22300217,14,"Boston Celtics",1610612738,TRUE,FALSE,TRUE,"A","BOS @ CHA","BOS",0,1,"CHA","CHA","BOS","L","Oshae Brissett",7,8,3,1629052,FALSE,0,0,NA,0,0,0,0.5,TRUE,0,0,0,17,1,2,2,5,7,1,0,0,0,2,1,17,10.9,"https://stats.nba.com/media/img/teams/logos/season/2023-24/BOS_logo.svg","https://stats.nba.com/player/1629052","https://ak-static.cms.nba.com/wp-content/uploads/headshots/nba/latest/260x190/1629052.png","https://ak-static.cms.nba.com/wp-content/uploads/headshots/nba/latest/260x190/1629052.png","https://stats.nba.com/media/players/700/1629052.png","https://stats.nba.com/media/img/league/nba-headshot-fallback.png"
"139",4316,2024,"2023-24","NBA","Regular Season","2023-11-20",22300217,14,"Boston Celtics",1610612738,TRUE,FALSE,TRUE,"A","BOS @ CHA","BOS",0,1,"CHA","CHA","BOS","L","Sam Hauser",14,0,1,1630573,FALSE,1,9,0.111,1,9,0.111111111111111,NA,TRUE,0,0,0,37,0,0,0,1,1,1,0,0,1,3,3,-22,4.7,"https://stats.nba.com/media/img/teams/logos/season/2023-24/BOS_logo.svg","https://stats.nba.com/player/1630573","https://ak-static.cms.nba.com/wp-content/uploads/headshots/nba/latest/260x190/1630573.png","https://ak-static.cms.nba.com/wp-content/uploads/headshots/nba/latest/260x190/1630573.png","https://stats.nba.com/media/players/700/1630573.png","https://stats.nba.com/media/img/league/nba-headshot-fallback.png"
"140",4530,2024,"2023-24","NBA","Regular Season","2023-11-22",22300228,15,"Boston Celtics",1610612738,FALSE,FALSE,FALSE,"H","BOS vs. MIL","BOS",1,1,"MIL","BOS","MIL","W","Al Horford",13,2,1,201143,TRUE,4,7,0.571,2,3,0.666666666666667,1,TRUE,2,4,0.5,31,1,1,1,7,8,6,0,1,0,1,11,5,32.6,"https://stats.nba.com/media/img/teams/logos/season/2023-24/BOS_logo.svg","https://stats.nba.com/player/201143","https://stats.nba.com/media/players/230x185/201143.png","https://ak-static.cms.nba.com/wp-content/uploads/headshots/nba/latest/260x190/201143.png","https://stats.nba.com/media/players/700/201143.png","https://ak-static.cms.nba.com/wp-content/uploads/headshots/nba/latest/260x190/201143.png"
"141",4531,2024,"2023-24","NBA","Regular Season","2023-11-22",22300228,15,"Boston Celtics",1610612738,FALSE,FALSE,FALSE,"H","BOS vs. MIL","BOS",1,1,"MIL","BOS","MIL","W","Derrick White",12,2,1,1628401,TRUE,5,9,0.556,3,6,0.5,NA,TRUE,2,3,0.666666666666667,35,0,0,0,4,4,5,1,1,6,1,13,-3,25.3,"https://stats.nba.com/media/img/teams/logos/season/2023-24/BOS_logo.svg","https://stats.nba.com/player/1628401","https://ak-static.cms.nba.com/wp-content/uploads/headshots/nba/latest/260x190/1628401.png","https://ak-static.cms.nba.com/wp-content/uploads/headshots/nba/latest/260x190/1628401.png","https://stats.nba.com/media/players/700/1628401.png","https://ak-static.cms.nba.com/wp-content/uploads/headshots/nba/latest/260x190/1628401.png"
"142",4584,2024,"2023-24","NBA","Regular Season","2023-11-22",22300228,15,"Boston Celtics",1610612738,FALSE,FALSE,FALSE,"H","BOS vs. MIL","BOS",1,1,"MIL","BOS","MIL","W","Jrue Holiday",15,1,5,201950,TRUE,1,8,0.125,1,5,0.2,1,TRUE,0,3,0,35,2,2,1,7,8,1,1,1,2,3,5,-1,20.1,"https://stats.nba.com/media/img/teams/logos/season/2023-24/BOS_logo.svg","https://stats.nba.com/player/201950","https://stats.nba.com/media/players/230x185/201950.png","https://ak-static.cms.nba.com/wp-content/uploads/headshots/nba/latest/260x190/201950.png","https://stats.nba.com/media/players/700/201950.png","https://ak-static.cms.nba.com/wp-content/uploads/headshots/nba/latest/260x190/201950.png"
"143",4585,2024,"2023-24","NBA","Regular Season","2023-11-22",22300228,15,"Boston Celtics",1610612738,FALSE,FALSE,FALSE,"H","BOS vs. MIL","BOS",1,1,"MIL","BOS","MIL","W","Sam Hauser",15,1,1,1630573,TRUE,4,5,0.8,2,3,0.666666666666667,NA,TRUE,2,2,1,20,0,0,1,1,2,1,0,1,1,2,10,10,15.9,"https://stats.nba.com/media/img/teams/logos/season/2023-24/BOS_logo.svg","https://stats.nba.com/player/1630573","https://ak-static.cms.nba.com/wp-content/uploads/headshots/nba/latest/260x190/1630573.png","https://ak-static.cms.nba.com/wp-content/uploads/headshots/nba/latest/260x190/1630573.png","https://stats.nba.com/media/players/700/1630573.png","https://stats.nba.com/media/img/league/nba-headshot-fallback.png"
"144",4640,2024,"2023-24","NBA","Regular Season","2023-11-22",22300228,15,"Boston Celtics",1610612738,FALSE,FALSE,FALSE,"H","BOS vs. MIL","BOS",1,1,"MIL","BOS","MIL","W","Kristaps Porziņģis",14,1,1,204001,TRUE,9,15,0.6,2,7,0.285714285714286,0.5,TRUE,7,8,0.875,27,1,2,1,5,6,1,0,0,1,5,21,3,28.7,"https://stats.nba.com/media/img/teams/logos/season/2023-24/BOS_logo.svg","https://stats.nba.com/player/204001","https://stats.nba.com/media/players/230x185/204001.png","https://ak-static.cms.nba.com/wp-content/uploads/headshots/nba/latest/260x190/204001.png","https://stats.nba.com/media/players/700/204001.png","https://ak-static.cms.nba.com/wp-content/uploads/headshots/nba/latest/260x190/204001.png"
"145",4641,2024,"2023-24","NBA","Regular Season","2023-11-22",22300228,15,"Boston Celtics",1610612738,FALSE,FALSE,FALSE,"H","BOS vs. MIL","BOS",1,1,"MIL","BOS","MIL","W","Jayson Tatum",15,1,1,1628369,TRUE,7,17,0.412,2,9,0.222222222222222,0.778,TRUE,5,8,0.625,36,7,9,0,11,11,4,0,1,2,2,23,-2,43.2,"https://stats.nba.com/media/img/teams/logos/season/2023-24/BOS_logo.svg","https://stats.nba.com/player/1628369","https://ak-static.cms.nba.com/wp-content/uploads/headshots/nba/latest/260x190/1628369.png","https://ak-static.cms.nba.com/wp-content/uploads/headshots/nba/latest/260x190/1628369.png","https://stats.nba.com/media/players/700/1628369.png","https://ak-static.cms.nba.com/wp-content/uploads/headshots/nba/latest/260x190/1628369.png"
"146",4702,2024,"2023-24","NBA","Regular Season","2023-11-22",22300228,15,"Boston Celtics",1610612738,FALSE,FALSE,FALSE,"H","BOS vs. MIL","BOS",1,1,"MIL","BOS","MIL","W","Payton Pritchard",15,1,1,1630202,TRUE,4,7,0.571,2,4,0.5,NA,TRUE,2,3,0.666666666666667,21,0,0,0,2,2,1,0,0,2,0,10,6,11.9,"https://stats.nba.com/media/img/teams/logos/season/2023-24/BOS_logo.svg","https://stats.nba.com/player/1630202","https://ak-static.cms.nba.com/wp-content/uploads/headshots/nba/latest/260x190/1630202.png","https://ak-static.cms.nba.com/wp-content/uploads/headshots/nba/latest/260x190/1630202.png","https://stats.nba.com/media/players/700/1630202.png","https://stats.nba.com/media/img/league/nba-headshot-fallback.png"
"147",4760,2024,"2023-24","NBA","Regular Season","2023-11-22",22300228,15,"Boston Celtics",1610612738,FALSE,FALSE,FALSE,"H","BOS vs. MIL","BOS",1,1,"MIL","BOS","MIL","W","Jaylen Brown",14,1,1,1627759,TRUE,10,16,0.625,3,5,0.6,1,TRUE,7,11,0.636363636363636,35,3,3,0,2,2,8,1,0,1,1,26,-3,42.4,"https://stats.nba.com/media/img/teams/logos/season/2023-24/BOS_logo.svg","https://stats.nba.com/player/1627759","https://stats.nba.com/media/players/230x185/1627759.png","https://ak-static.cms.nba.com/wp-content/uploads/headshots/nba/latest/260x190/1627759.png","https://stats.nba.com/media/players/700/1627759.png","https://ak-static.cms.nba.com/wp-content/uploads/headshots/nba/latest/260x190/1627759.png"
"148",4774,2024,"2023-24","NBA","Regular Season","2023-11-24",22300043,16,"Boston Celtics",1610612738,FALSE,FALSE,FALSE,"A","BOS @ ORL","BOS",1,1,"ORL","ORL","BOS","L","Derrick White",13,1,1,1628401,FALSE,3,9,0.333,1,5,0.2,0.75,TRUE,2,4,0.5,37,9,12,0,5,5,4,1,1,3,1,16,-6,31,"https://stats.nba.com/media/img/teams/logos/season/2023-24/BOS_logo.svg","https://stats.nba.com/player/1628401","https://ak-static.cms.nba.com/wp-content/uploads/headshots/nba/latest/260x190/1628401.png","https://ak-static.cms.nba.com/wp-content/uploads/headshots/nba/latest/260x190/1628401.png","https://stats.nba.com/media/players/700/1628401.png","https://ak-static.cms.nba.com/wp-content/uploads/headshots/nba/latest/260x190/1628401.png"
"149",4775,2024,"2023-24","NBA","Regular Season","2023-11-24",22300043,16,"Boston Celtics",1610612738,FALSE,FALSE,FALSE,"A","BOS @ ORL","BOS",1,1,"ORL","ORL","BOS","L","Luke Kornet",11,3,1,1628436,FALSE,5,6,0.833,0,0,0,1,TRUE,5,6,0.833333333333333,25,2,2,2,4,6,1,2,2,1,2,12,-2,31.7,"https://stats.nba.com/media/img/teams/logos/season/2023-24/BOS_logo.svg","https://stats.nba.com/player/1628436","https://ak-static.cms.nba.com/wp-content/uploads/headshots/nba/latest/260x190/1628436.png","https://ak-static.cms.nba.com/wp-content/uploads/headshots/nba/latest/260x190/1628436.png","https://stats.nba.com/media/players/700/1628436.png","https://ak-static.cms.nba.com/wp-content/uploads/headshots/nba/latest/260x190/1628436.png"
"150",4776,2024,"2023-24","NBA","Regular Season","2023-11-24",22300043,16,"Boston Celtics",1610612738,FALSE,FALSE,FALSE,"A","BOS @ ORL","BOS",1,1,"ORL","ORL","BOS","L","Dalano Banton",6,8,1,1630625,FALSE,0,1,0,0,0,0,NA,TRUE,0,1,0,1,0,0,0,0,0,0,0,0,0,0,0,-2,0,"https://stats.nba.com/media/img/teams/logos/season/2023-24/BOS_logo.svg","https://stats.nba.com/player/1630625","https://ak-static.cms.nba.com/wp-content/uploads/headshots/nba/latest/260x190/1630625.png","https://ak-static.cms.nba.com/wp-content/uploads/headshots/nba/latest/260x190/1630625.png","https://stats.nba.com/media/players/700/1630625.png","https://stats.nba.com/media/img/league/nba-headshot-fallback.png"
"151",4813,2024,"2023-24","NBA","Regular Season","2023-11-24",22300043,16,"Boston Celtics",1610612738,FALSE,FALSE,FALSE,"A","BOS @ ORL","BOS",1,1,"ORL","ORL","BOS","L","Al Horford",14,1,1,201143,FALSE,1,5,0.2,1,5,0.2,NA,TRUE,0,0,0,33,0,0,0,5,5,3,0,0,1,4,3,-26,12.5,"https://stats.nba.com/media/img/teams/logos/season/2023-24/BOS_logo.svg","https://stats.nba.com/player/201143","https://stats.nba.com/media/players/230x185/201143.png","https://ak-static.cms.nba.com/wp-content/uploads/headshots/nba/latest/260x190/201143.png","https://stats.nba.com/media/players/700/201143.png","https://ak-static.cms.nba.com/wp-content/uploads/headshots/nba/latest/260x190/201143.png"
"152",4850,2024,"2023-24","NBA","Regular Season","2023-11-24",22300043,16,"Boston Celtics",1610612738,FALSE,FALSE,FALSE,"A","BOS @ ORL","BOS",1,1,"ORL","ORL","BOS","L","Kristaps Porziņģis",15,1,13,204001,FALSE,4,9,0.444,1,4,0.25,0,TRUE,3,5,0.6,22,0,1,1,3,4,2,2,0,2,3,9,6,20.8,"https://stats.nba.com/media/img/teams/logos/season/2023-24/BOS_logo.svg","https://stats.nba.com/player/204001","https://stats.nba.com/media/players/230x185/204001.png","https://ak-static.cms.nba.com/wp-content/uploads/headshots/nba/latest/260x190/204001.png","https://stats.nba.com/media/players/700/204001.png","https://ak-static.cms.nba.com/wp-content/uploads/headshots/nba/latest/260x190/204001.png"
"153",4851,2024,"2023-24","NBA","Regular Season","2023-11-24",22300043,16,"Boston Celtics",1610612738,FALSE,FALSE,FALSE,"A","BOS @ ORL","BOS",1,1,"ORL","ORL","BOS","L","Lamar Stevens",5,4,3,1630205,FALSE,0,0,NA,0,0,0,NA,TRUE,0,0,0,1,0,0,0,0,0,0,0,0,0,0,0,-2,0,"https://stats.nba.com/media/img/teams/logos/season/2023-24/BOS_logo.svg","https://stats.nba.com/player/1630205","https://ak-static.cms.nba.com/wp-content/uploads/headshots/nba/latest/260x190/1630205.png","https://ak-static.cms.nba.com/wp-content/uploads/headshots/nba/latest/260x190/1630205.png","https://stats.nba.com/media/players/700/1630205.png","https://stats.nba.com/media/img/league/nba-headshot-fallback.png"
"154",4852,2024,"2023-24","NBA","Regular Season","2023-11-24",22300043,16,"Boston Celtics",1610612738,FALSE,FALSE,FALSE,"A","BOS @ ORL","BOS",1,1,"ORL","ORL","BOS","L","Sam Hauser",16,1,1,1630573,FALSE,4,6,0.667,2,4,0.5,NA,TRUE,2,2,1,25,0,0,1,1,2,0,0,0,1,0,10,-16,11.4,"https://stats.nba.com/media/img/teams/logos/season/2023-24/BOS_logo.svg","https://stats.nba.com/player/1630573","https://ak-static.cms.nba.com/wp-content/uploads/headshots/nba/latest/260x190/1630573.png","https://ak-static.cms.nba.com/wp-content/uploads/headshots/nba/latest/260x190/1630573.png","https://stats.nba.com/media/players/700/1630573.png","https://stats.nba.com/media/img/league/nba-headshot-fallback.png"
"155",4889,2024,"2023-24","NBA","Regular Season","2023-11-24",22300043,16,"Boston Celtics",1610612738,FALSE,FALSE,FALSE,"A","BOS @ ORL","BOS",1,1,"ORL","ORL","BOS","L","Oshae Brissett",8,3,13,1629052,FALSE,0,0,NA,0,0,0,0,TRUE,0,0,0,5,0,2,0,0,0,0,0,0,0,2,0,-11,0,"https://stats.nba.com/media/img/teams/logos/season/2023-24/BOS_logo.svg","https://stats.nba.com/player/1629052","https://ak-static.cms.nba.com/wp-content/uploads/headshots/nba/latest/260x190/1629052.png","https://ak-static.cms.nba.com/wp-content/uploads/headshots/nba/latest/260x190/1629052.png","https://stats.nba.com/media/players/700/1629052.png","https://stats.nba.com/media/img/league/nba-headshot-fallback.png"
"156",4921,2024,"2023-24","NBA","Regular Season","2023-11-24",22300043,16,"Boston Celtics",1610612738,FALSE,FALSE,FALSE,"A","BOS @ ORL","BOS",1,1,"ORL","ORL","BOS","L","Jaylen Brown",15,1,1,1627759,FALSE,6,22,0.273,2,8,0.25,0.571,TRUE,4,14,0.285714285714286,39,4,7,0,3,3,2,3,1,3,3,18,1,33.6,"https://stats.nba.com/media/img/teams/logos/season/2023-24/BOS_logo.svg","https://stats.nba.com/player/1627759","https://stats.nba.com/media/players/230x185/1627759.png","https://ak-static.cms.nba.com/wp-content/uploads/headshots/nba/latest/260x190/1627759.png","https://stats.nba.com/media/players/700/1627759.png","https://ak-static.cms.nba.com/wp-content/uploads/headshots/nba/latest/260x190/1627759.png"
"157",4922,2024,"2023-24","NBA","Regular Season","2023-11-24",22300043,16,"Boston Celtics",1610612738,FALSE,FALSE,FALSE,"A","BOS @ ORL","BOS",1,1,"ORL","ORL","BOS","L","Jayson Tatum",16,1,1,1628369,FALSE,7,16,0.438,0,3,0,0.923,TRUE,7,13,0.538461538461538,39,12,13,0,5,5,3,2,0,2,3,26,-21,40.5,"https://stats.nba.com/media/img/teams/logos/season/2023-24/BOS_logo.svg","https://stats.nba.com/player/1628369","https://ak-static.cms.nba.com/wp-content/uploads/headshots/nba/latest/260x190/1628369.png","https://ak-static.cms.nba.com/wp-content/uploads/headshots/nba/latest/260x190/1628369.png","https://stats.nba.com/media/players/700/1628369.png","https://ak-static.cms.nba.com/wp-content/uploads/headshots/nba/latest/260x190/1628369.png"
"158",4923,2024,"2023-24","NBA","Regular Season","2023-11-24",22300043,16,"Boston Celtics",1610612738,FALSE,FALSE,FALSE,"A","BOS @ ORL","BOS",1,1,"ORL","ORL","BOS","L","Payton Pritchard",16,1,1,1630202,FALSE,1,2,0.5,0,0,0,NA,TRUE,1,2,0.5,13,0,0,0,1,1,2,0,0,1,0,2,-6,5.2,"https://stats.nba.com/media/img/teams/logos/season/2023-24/BOS_logo.svg","https://stats.nba.com/player/1630202","https://ak-static.cms.nba.com/wp-content/uploads/headshots/nba/latest/260x190/1630202.png","https://ak-static.cms.nba.com/wp-content/uploads/headshots/nba/latest/260x190/1630202.png","https://stats.nba.com/media/players/700/1630202.png","https://stats.nba.com/media/img/league/nba-headshot-fallback.png"
"159",5107,2024,"2023-24","NBA","Regular Season","2023-11-26",22300246,17,"Boston Celtics",1610612738,FALSE,FALSE,FALSE,"H","BOS vs. ATL","BOS",1,1,"ATL","BOS","ATL","W","Jaylen Brown",16,1,1,1627759,TRUE,9,19,0.474,2,7,0.285714285714286,0.5,TRUE,7,12,0.583333333333333,36,1,2,1,6,7,3,1,0,2,4,21,5,34.9,"https://stats.nba.com/media/img/teams/logos/season/2023-24/BOS_logo.svg","https://stats.nba.com/player/1627759","https://stats.nba.com/media/players/230x185/1627759.png","https://ak-static.cms.nba.com/wp-content/uploads/headshots/nba/latest/260x190/1627759.png","https://stats.nba.com/media/players/700/1627759.png","https://ak-static.cms.nba.com/wp-content/uploads/headshots/nba/latest/260x190/1627759.png"
"160",5133,2024,"2023-24","NBA","Regular Season","2023-11-26",22300246,17,"Boston Celtics",1610612738,FALSE,FALSE,FALSE,"H","BOS vs. ATL","BOS",1,1,"ATL","BOS","ATL","W","Payton Pritchard",17,1,1,1630202,TRUE,2,6,0.333,2,6,0.333333333333333,NA,TRUE,0,0,0,20,0,0,0,2,2,0,0,0,0,0,6,-10,8.4,"https://stats.nba.com/media/img/teams/logos/season/2023-24/BOS_logo.svg","https://stats.nba.com/player/1630202","https://ak-static.cms.nba.com/wp-content/uploads/headshots/nba/latest/260x190/1630202.png","https://ak-static.cms.nba.com/wp-content/uploads/headshots/nba/latest/260x190/1630202.png","https://stats.nba.com/media/players/700/1630202.png","https://stats.nba.com/media/img/league/nba-headshot-fallback.png"
"161",5134,2024,"2023-24","NBA","Regular Season","2023-11-26",22300246,17,"Boston Celtics",1610612738,FALSE,FALSE,FALSE,"H","BOS vs. ATL","BOS",1,1,"ATL","BOS","ATL","W","Dalano Banton",7,1,1,1630625,TRUE,3,5,0.6,0,1,0,1,TRUE,3,4,0.75,19,2,2,2,3,5,1,0,0,1,4,8,-4,14.5,"https://stats.nba.com/media/img/teams/logos/season/2023-24/BOS_logo.svg","https://stats.nba.com/player/1630625","https://ak-static.cms.nba.com/wp-content/uploads/headshots/nba/latest/260x190/1630625.png","https://ak-static.cms.nba.com/wp-content/uploads/headshots/nba/latest/260x190/1630625.png","https://stats.nba.com/media/players/700/1630625.png","https://stats.nba.com/media/img/league/nba-headshot-fallback.png"
"162",5192,2024,"2023-24","NBA","Regular Season","2023-11-26",22300246,17,"Boston Celtics",1610612738,FALSE,FALSE,FALSE,"H","BOS vs. ATL","BOS",1,1,"ATL","BOS","ATL","W","Jayson Tatum",17,1,1,1628369,TRUE,11,25,0.44,5,13,0.384615384615385,0.7,TRUE,6,12,0.5,39,7,10,1,8,9,4,2,0,6,2,34,3,50.8,"https://stats.nba.com/media/img/teams/logos/season/2023-24/BOS_logo.svg","https://stats.nba.com/player/1628369","https://ak-static.cms.nba.com/wp-content/uploads/headshots/nba/latest/260x190/1628369.png","https://ak-static.cms.nba.com/wp-content/uploads/headshots/nba/latest/260x190/1628369.png","https://stats.nba.com/media/players/700/1628369.png","https://ak-static.cms.nba.com/wp-content/uploads/headshots/nba/latest/260x190/1628369.png"
"163",5193,2024,"2023-24","NBA","Regular Season","2023-11-26",22300246,17,"Boston Celtics",1610612738,FALSE,FALSE,FALSE,"H","BOS vs. ATL","BOS",1,1,"ATL","BOS","ATL","W","Derrick White",14,1,1,1628401,TRUE,5,13,0.385,0,6,0,1,TRUE,5,7,0.714285714285714,37,5,5,2,2,4,11,3,0,3,5,15,29,42.3,"https://stats.nba.com/media/img/teams/logos/season/2023-24/BOS_logo.svg","https://stats.nba.com/player/1628401","https://ak-static.cms.nba.com/wp-content/uploads/headshots/nba/latest/260x190/1628401.png","https://ak-static.cms.nba.com/wp-content/uploads/headshots/nba/latest/260x190/1628401.png","https://stats.nba.com/media/players/700/1628401.png","https://ak-static.cms.nba.com/wp-content/uploads/headshots/nba/latest/260x190/1628401.png"
"164",5194,2024,"2023-24","NBA","Regular Season","2023-11-26",22300246,17,"Boston Celtics",1610612738,FALSE,FALSE,FALSE,"H","BOS vs. ATL","BOS",1,1,"ATL","BOS","ATL","W","Neemias Queta",2,6,4,1629674,TRUE,3,8,0.375,0,0,0,1,TRUE,3,8,0.375,15,1,1,6,4,10,0,1,0,0,0,7,5,22,"https://stats.nba.com/media/img/teams/logos/season/2023-24/BOS_logo.svg","https://stats.nba.com/player/1629674","https://ak-static.cms.nba.com/wp-content/uploads/headshots/nba/latest/260x190/1629674.png","https://ak-static.cms.nba.com/wp-content/uploads/headshots/nba/latest/260x190/1629674.png","https://stats.nba.com/media/players/700/1629674.png","https://stats.nba.com/media/img/league/nba-headshot-fallback.png"
"165",5226,2024,"2023-24","NBA","Regular Season","2023-11-26",22300246,17,"Boston Celtics",1610612738,FALSE,FALSE,FALSE,"H","BOS vs. ATL","BOS",1,1,"ATL","BOS","ATL","W","Al Horford",15,1,1,201143,TRUE,3,8,0.375,0,5,0,NA,TRUE,3,3,1,32,0,0,3,12,15,3,1,2,0,1,6,17,37.5,"https://stats.nba.com/media/img/teams/logos/season/2023-24/BOS_logo.svg","https://stats.nba.com/player/201143","https://stats.nba.com/media/players/230x185/201143.png","https://ak-static.cms.nba.com/wp-content/uploads/headshots/nba/latest/260x190/201143.png","https://stats.nba.com/media/players/700/201143.png","https://ak-static.cms.nba.com/wp-content/uploads/headshots/nba/latest/260x190/201143.png"
"166",5227,2024,"2023-24","NBA","Regular Season","2023-11-26",22300246,17,"Boston Celtics",1610612738,FALSE,FALSE,FALSE,"H","BOS vs. ATL","BOS",1,1,"ATL","BOS","ATL","W","Luke Kornet",12,1,1,1628436,TRUE,2,2,1,0,0,0,NA,TRUE,2,2,1,9,0,0,1,1,2,0,1,1,0,1,4,-6,12.4,"https://stats.nba.com/media/img/teams/logos/season/2023-24/BOS_logo.svg","https://stats.nba.com/player/1628436","https://ak-static.cms.nba.com/wp-content/uploads/headshots/nba/latest/260x190/1628436.png","https://ak-static.cms.nba.com/wp-content/uploads/headshots/nba/latest/260x190/1628436.png","https://stats.nba.com/media/players/700/1628436.png","https://ak-static.cms.nba.com/wp-content/uploads/headshots/nba/latest/260x190/1628436.png"
"167",5262,2024,"2023-24","NBA","Regular Season","2023-11-26",22300246,17,"Boston Celtics",1610612738,FALSE,FALSE,FALSE,"H","BOS vs. ATL","BOS",1,1,"ATL","BOS","ATL","W","Sam Hauser",17,1,1,1630573,TRUE,4,9,0.444,4,9,0.444444444444444,NA,TRUE,0,0,0,32,0,0,2,2,4,2,0,0,0,2,12,11,19.8,"https://stats.nba.com/media/img/teams/logos/season/2023-24/BOS_logo.svg","https://stats.nba.com/player/1630573","https://ak-static.cms.nba.com/wp-content/uploads/headshots/nba/latest/260x190/1630573.png","https://ak-static.cms.nba.com/wp-content/uploads/headshots/nba/latest/260x190/1630573.png","https://stats.nba.com/media/players/700/1630573.png","https://stats.nba.com/media/img/league/nba-headshot-fallback.png"
"168",5417,2024,"2023-24","NBA","Regular Season","2023-11-28",22300053,18,"Boston Celtics",1610612738,FALSE,FALSE,FALSE,"H","BOS vs. CHI","BOS",1,2,"CHI","BOS","CHI","W","Jrue Holiday",16,5,2,201950,TRUE,5,8,0.625,4,5,0.8,NA,TRUE,1,3,0.333333333333333,33,0,0,1,6,7,9,1,0,3,3,14,19,35.9,"https://stats.nba.com/media/img/teams/logos/season/2023-24/BOS_logo.svg","https://stats.nba.com/player/201950","https://stats.nba.com/media/players/230x185/201950.png","https://ak-static.cms.nba.com/wp-content/uploads/headshots/nba/latest/260x190/201950.png","https://stats.nba.com/media/players/700/201950.png","https://ak-static.cms.nba.com/wp-content/uploads/headshots/nba/latest/260x190/201950.png"
"169",5418,2024,"2023-24","NBA","Regular Season","2023-11-28",22300053,18,"Boston Celtics",1610612738,FALSE,FALSE,FALSE,"H","BOS vs. CHI","BOS",1,2,"CHI","BOS","CHI","W","Derrick White",15,1,2,1628401,TRUE,5,7,0.714,2,3,0.666666666666667,1,TRUE,3,4,0.75,29,2,2,0,3,3,7,2,0,0,4,14,15,34.1,"https://stats.nba.com/media/img/teams/logos/season/2023-24/BOS_logo.svg","https://stats.nba.com/player/1628401","https://ak-static.cms.nba.com/wp-content/uploads/headshots/nba/latest/260x190/1628401.png","https://ak-static.cms.nba.com/wp-content/uploads/headshots/nba/latest/260x190/1628401.png","https://stats.nba.com/media/players/700/1628401.png","https://ak-static.cms.nba.com/wp-content/uploads/headshots/nba/latest/260x190/1628401.png"
"170",5419,2024,"2023-24","NBA","Regular Season","2023-11-28",22300053,18,"Boston Celtics",1610612738,FALSE,FALSE,FALSE,"H","BOS vs. CHI","BOS",1,2,"CHI","BOS","CHI","W","Dalano Banton",8,1,2,1630625,TRUE,2,3,0.667,1,2,0.5,NA,TRUE,1,1,1,15,0,0,0,0,0,0,0,1,0,1,5,10,8,"https://stats.nba.com/media/img/teams/logos/season/2023-24/BOS_logo.svg","https://stats.nba.com/player/1630625","https://ak-static.cms.nba.com/wp-content/uploads/headshots/nba/latest/260x190/1630625.png","https://ak-static.cms.nba.com/wp-content/uploads/headshots/nba/latest/260x190/1630625.png","https://stats.nba.com/media/players/700/1630625.png","https://stats.nba.com/media/img/league/nba-headshot-fallback.png"
"171",5451,2024,"2023-24","NBA","Regular Season","2023-11-28",22300053,18,"Boston Celtics",1610612738,FALSE,FALSE,FALSE,"H","BOS vs. CHI","BOS",1,2,"CHI","BOS","CHI","W","Jaylen Brown",17,1,2,1627759,TRUE,12,23,0.522,3,8,0.375,0.6,TRUE,9,15,0.6,35,3,5,2,6,8,6,0,1,3,1,30,22,48.6,"https://stats.nba.com/media/img/teams/logos/season/2023-24/BOS_logo.svg","https://stats.nba.com/player/1627759","https://stats.nba.com/media/players/230x185/1627759.png","https://ak-static.cms.nba.com/wp-content/uploads/headshots/nba/latest/260x190/1627759.png","https://stats.nba.com/media/players/700/1627759.png","https://ak-static.cms.nba.com/wp-content/uploads/headshots/nba/latest/260x190/1627759.png"
"172",5452,2024,"2023-24","NBA","Regular Season","2023-11-28",22300053,18,"Boston Celtics",1610612738,FALSE,FALSE,FALSE,"H","BOS vs. CHI","BOS",1,2,"CHI","BOS","CHI","W","Jayson Tatum",18,1,2,1628369,TRUE,8,16,0.5,2,8,0.25,1,TRUE,6,8,0.75,36,3,3,1,6,7,4,0,0,4,2,21,18,31.4,"https://stats.nba.com/media/img/teams/logos/season/2023-24/BOS_logo.svg","https://stats.nba.com/player/1628369","https://ak-static.cms.nba.com/wp-content/uploads/headshots/nba/latest/260x190/1628369.png","https://ak-static.cms.nba.com/wp-content/uploads/headshots/nba/latest/260x190/1628369.png","https://stats.nba.com/media/players/700/1628369.png","https://ak-static.cms.nba.com/wp-content/uploads/headshots/nba/latest/260x190/1628369.png"
"173",5453,2024,"2023-24","NBA","Regular Season","2023-11-28",22300053,18,"Boston Celtics",1610612738,FALSE,FALSE,FALSE,"H","BOS vs. CHI","BOS",1,2,"CHI","BOS","CHI","W","Luke Kornet",13,1,2,1628436,TRUE,2,3,0.667,0,0,0,NA,TRUE,2,3,0.666666666666667,19,0,0,2,1,3,0,0,3,1,3,4,9,15.6,"https://stats.nba.com/media/img/teams/logos/season/2023-24/BOS_logo.svg","https://stats.nba.com/player/1628436","https://ak-static.cms.nba.com/wp-content/uploads/headshots/nba/latest/260x190/1628436.png","https://ak-static.cms.nba.com/wp-content/uploads/headshots/nba/latest/260x190/1628436.png","https://stats.nba.com/media/players/700/1628436.png","https://ak-static.cms.nba.com/wp-content/uploads/headshots/nba/latest/260x190/1628436.png"
"174",5454,2024,"2023-24","NBA","Regular Season","2023-11-28",22300053,18,"Boston Celtics",1610612738,FALSE,FALSE,FALSE,"H","BOS vs. CHI","BOS",1,2,"CHI","BOS","CHI","W","Payton Pritchard",18,1,2,1630202,TRUE,4,10,0.4,3,7,0.428571428571429,NA,TRUE,1,3,0.333333333333333,23,0,0,1,4,5,2,1,0,0,0,11,11,23,"https://stats.nba.com/media/img/teams/logos/season/2023-24/BOS_logo.svg","https://stats.nba.com/player/1630202","https://ak-static.cms.nba.com/wp-content/uploads/headshots/nba/latest/260x190/1630202.png","https://ak-static.cms.nba.com/wp-content/uploads/headshots/nba/latest/260x190/1630202.png","https://stats.nba.com/media/players/700/1630202.png","https://stats.nba.com/media/img/league/nba-headshot-fallback.png"
"175",5455,2024,"2023-24","NBA","Regular Season","2023-11-28",22300053,18,"Boston Celtics",1610612738,FALSE,FALSE,FALSE,"H","BOS vs. CHI","BOS",1,2,"CHI","BOS","CHI","W","Sam Hauser",18,1,2,1630573,TRUE,3,12,0.25,2,10,0.2,0.5,TRUE,1,2,0.5,21,1,2,4,6,10,2,0,0,2,1,9,13,22,"https://stats.nba.com/media/img/teams/logos/season/2023-24/BOS_logo.svg","https://stats.nba.com/player/1630573","https://ak-static.cms.nba.com/wp-content/uploads/headshots/nba/latest/260x190/1630573.png","https://ak-static.cms.nba.com/wp-content/uploads/headshots/nba/latest/260x190/1630573.png","https://stats.nba.com/media/players/700/1630573.png","https://stats.nba.com/media/img/league/nba-headshot-fallback.png"
"176",5491,2024,"2023-24","NBA","Regular Season","2023-11-28",22300053,18,"Boston Celtics",1610612738,FALSE,FALSE,FALSE,"H","BOS vs. CHI","BOS",1,2,"CHI","BOS","CHI","W","Svi Mykhailiuk",8,7,16,1629004,TRUE,0,0,NA,0,0,0,NA,TRUE,0,0,0,2,0,0,0,0,0,0,0,0,0,0,0,0,0,"https://stats.nba.com/media/img/teams/logos/season/2023-24/BOS_logo.svg","https://stats.nba.com/player/1629004","https://ak-static.cms.nba.com/wp-content/uploads/headshots/nba/latest/260x190/1629004.png","https://ak-static.cms.nba.com/wp-content/uploads/headshots/nba/latest/260x190/1629004.png","https://stats.nba.com/media/players/700/1629004.png","https://ak-static.cms.nba.com/wp-content/uploads/headshots/nba/latest/260x190/1629004.png"
"177",5522,2024,"2023-24","NBA","Regular Season","2023-11-28",22300053,18,"Boston Celtics",1610612738,FALSE,FALSE,FALSE,"H","BOS vs. CHI","BOS",1,2,"CHI","BOS","CHI","W","Al Horford",16,1,2,201143,TRUE,6,8,0.75,4,6,0.666666666666667,NA,TRUE,2,2,1,28,0,0,0,9,9,6,2,3,3,3,16,18,47.8,"https://stats.nba.com/media/img/teams/logos/season/2023-24/BOS_logo.svg","https://stats.nba.com/player/201143","https://stats.nba.com/media/players/230x185/201143.png","https://ak-static.cms.nba.com/wp-content/uploads/headshots/nba/latest/260x190/201143.png","https://stats.nba.com/media/players/700/201143.png","https://ak-static.cms.nba.com/wp-content/uploads/headshots/nba/latest/260x190/201143.png"
"178",5547,2024,"2023-24","NBA","Regular Season","2023-11-28",22300053,18,"Boston Celtics",1610612738,FALSE,FALSE,FALSE,"H","BOS vs. CHI","BOS",1,2,"CHI","BOS","CHI","W","Lamar Stevens",6,3,15,1630205,TRUE,0,0,NA,0,0,0,NA,TRUE,0,0,0,0,0,0,0,0,0,0,0,1,0,0,0,0,3,"https://stats.nba.com/media/img/teams/logos/season/2023-24/BOS_logo.svg","https://stats.nba.com/player/1630205","https://ak-static.cms.nba.com/wp-content/uploads/headshots/nba/latest/260x190/1630205.png","https://ak-static.cms.nba.com/wp-content/uploads/headshots/nba/latest/260x190/1630205.png","https://stats.nba.com/media/players/700/1630205.png","https://stats.nba.com/media/img/league/nba-headshot-fallback.png"
"179",5899,2024,"2023-24","NBA","Regular Season","2023-12-01",22300275,19,"Boston Celtics",1610612738,FALSE,FALSE,FALSE,"H","BOS vs. PHI","BOS",2,2,"PHI","BOS","PHI","W","Al Horford",17,2,2,201143,TRUE,7,9,0.778,2,4,0.5,1,TRUE,5,5,1,33,4,4,2,4,6,3,1,2,1,4,20,10,39.7,"https://stats.nba.com/media/img/teams/logos/season/2023-24/BOS_logo.svg","https://stats.nba.com/player/201143","https://stats.nba.com/media/players/230x185/201143.png","https://ak-static.cms.nba.com/wp-content/uploads/headshots/nba/latest/260x190/201143.png","https://stats.nba.com/media/players/700/201143.png","https://ak-static.cms.nba.com/wp-content/uploads/headshots/nba/latest/260x190/201143.png"
"180",5900,2024,"2023-24","NBA","Regular Season","2023-12-01",22300275,19,"Boston Celtics",1610612738,FALSE,FALSE,FALSE,"H","BOS vs. PHI","BOS",2,2,"PHI","BOS","PHI","W","Jayson Tatum",19,2,2,1628369,TRUE,6,9,0.667,2,5,0.4,0.778,TRUE,4,4,1,27,7,9,0,7,7,4,1,1,7,1,21,-7,34.4,"https://stats.nba.com/media/img/teams/logos/season/2023-24/BOS_logo.svg","https://stats.nba.com/player/1628369","https://ak-static.cms.nba.com/wp-content/uploads/headshots/nba/latest/260x190/1628369.png","https://ak-static.cms.nba.com/wp-content/uploads/headshots/nba/latest/260x190/1628369.png","https://stats.nba.com/media/players/700/1628369.png","https://ak-static.cms.nba.com/wp-content/uploads/headshots/nba/latest/260x190/1628369.png"
"181",5901,2024,"2023-24","NBA","Regular Season","2023-12-01",22300275,19,"Boston Celtics",1610612738,FALSE,FALSE,FALSE,"H","BOS vs. PHI","BOS",2,2,"PHI","BOS","PHI","W","Dalano Banton",9,2,2,1630625,TRUE,2,4,0.5,0,1,0,0,TRUE,2,3,0.666666666666667,10,0,1,3,2,5,1,0,1,0,1,4,1,14.5,"https://stats.nba.com/media/img/teams/logos/season/2023-24/BOS_logo.svg","https://stats.nba.com/player/1630625","https://ak-static.cms.nba.com/wp-content/uploads/headshots/nba/latest/260x190/1630625.png","https://ak-static.cms.nba.com/wp-content/uploads/headshots/nba/latest/260x190/1630625.png","https://stats.nba.com/media/players/700/1630625.png","https://stats.nba.com/media/img/league/nba-headshot-fallback.png"
"182",5923,2024,"2023-24","NBA","Regular Season","2023-12-01",22300275,19,"Boston Celtics",1610612738,FALSE,FALSE,FALSE,"H","BOS vs. PHI","BOS",2,2,"PHI","BOS","PHI","W","Jrue Holiday",17,2,2,201950,TRUE,4,11,0.364,3,5,0.6,1,TRUE,1,6,0.166666666666667,35,2,2,0,5,5,6,1,0,3,2,13,7,28,"https://stats.nba.com/media/img/teams/logos/season/2023-24/BOS_logo.svg","https://stats.nba.com/player/201950","https://stats.nba.com/media/players/230x185/201950.png","https://ak-static.cms.nba.com/wp-content/uploads/headshots/nba/latest/260x190/201950.png","https://stats.nba.com/media/players/700/201950.png","https://ak-static.cms.nba.com/wp-content/uploads/headshots/nba/latest/260x190/201950.png"
"183",5944,2024,"2023-24","NBA","Regular Season","2023-12-01",22300275,19,"Boston Celtics",1610612738,FALSE,FALSE,FALSE,"H","BOS vs. PHI","BOS",2,2,"PHI","BOS","PHI","W","Jaylen Brown",18,2,2,1627759,TRUE,8,20,0.4,1,4,0.25,0.75,TRUE,7,16,0.4375,35,3,4,1,3,4,0,4,2,3,3,20,10,39.8,"https://stats.nba.com/media/img/teams/logos/season/2023-24/BOS_logo.svg","https://stats.nba.com/player/1627759","https://stats.nba.com/media/players/230x185/1627759.png","https://ak-static.cms.nba.com/wp-content/uploads/headshots/nba/latest/260x190/1627759.png","https://stats.nba.com/media/players/700/1627759.png","https://ak-static.cms.nba.com/wp-content/uploads/headshots/nba/latest/260x190/1627759.png"
"184",5945,2024,"2023-24","NBA","Regular Season","2023-12-01",22300275,19,"Boston Celtics",1610612738,FALSE,FALSE,FALSE,"H","BOS vs. PHI","BOS",2,2,"PHI","BOS","PHI","W","Neemias Queta",3,4,13,1629674,TRUE,1,1,1,0,0,0,0.75,TRUE,1,1,1,10,3,4,2,3,5,0,0,0,2,1,5,3,9,"https://stats.nba.com/media/img/teams/logos/season/2023-24/BOS_logo.svg","https://stats.nba.com/player/1629674","https://ak-static.cms.nba.com/wp-content/uploads/headshots/nba/latest/260x190/1629674.png","https://ak-static.cms.nba.com/wp-content/uploads/headshots/nba/latest/260x190/1629674.png","https://stats.nba.com/media/players/700/1629674.png","https://stats.nba.com/media/img/league/nba-headshot-fallback.png"
"185",5962,2024,"2023-24","NBA","Regular Season","2023-12-01",22300275,19,"Boston Celtics",1610612738,FALSE,FALSE,FALSE,"H","BOS vs. PHI","BOS",2,2,"PHI","BOS","PHI","W","Derrick White",16,2,2,1628401,TRUE,5,11,0.455,3,4,0.75,1,TRUE,2,7,0.285714285714286,32,8,8,1,5,6,5,1,1,1,2,21,20,40.7,"https://stats.nba.com/media/img/teams/logos/season/2023-24/BOS_logo.svg","https://stats.nba.com/player/1628401","https://ak-static.cms.nba.com/wp-content/uploads/headshots/nba/latest/260x190/1628401.png","https://ak-static.cms.nba.com/wp-content/uploads/headshots/nba/latest/260x190/1628401.png","https://stats.nba.com/media/players/700/1628401.png","https://ak-static.cms.nba.com/wp-content/uploads/headshots/nba/latest/260x190/1628401.png"
"186",5963,2024,"2023-24","NBA","Regular Season","2023-12-01",22300275,19,"Boston Celtics",1610612738,FALSE,FALSE,FALSE,"H","BOS vs. PHI","BOS",2,2,"PHI","BOS","PHI","W","Payton Pritchard",19,2,2,1630202,TRUE,3,7,0.429,2,6,0.333333333333333,1,TRUE,1,1,1,23,2,2,0,2,2,5,1,0,0,1,10,-2,22.9,"https://stats.nba.com/media/img/teams/logos/season/2023-24/BOS_logo.svg","https://stats.nba.com/player/1630202","https://ak-static.cms.nba.com/wp-content/uploads/headshots/nba/latest/260x190/1630202.png","https://ak-static.cms.nba.com/wp-content/uploads/headshots/nba/latest/260x190/1630202.png","https://stats.nba.com/media/players/700/1630202.png","https://stats.nba.com/media/img/league/nba-headshot-fallback.png"
"187",5982,2024,"2023-24","NBA","Regular Season","2023-12-01",22300275,19,"Boston Celtics",1610612738,FALSE,FALSE,FALSE,"H","BOS vs. PHI","BOS",2,2,"PHI","BOS","PHI","W","Luke Kornet",14,2,2,1628436,TRUE,0,0,NA,0,0,0,NA,TRUE,0,0,0,8,0,0,0,1,1,0,0,0,0,1,0,-9,1.2,"https://stats.nba.com/media/img/teams/logos/season/2023-24/BOS_logo.svg","https://stats.nba.com/player/1628436","https://ak-static.cms.nba.com/wp-content/uploads/headshots/nba/latest/260x190/1628436.png","https://ak-static.cms.nba.com/wp-content/uploads/headshots/nba/latest/260x190/1628436.png","https://stats.nba.com/media/players/700/1628436.png","https://ak-static.cms.nba.com/wp-content/uploads/headshots/nba/latest/260x190/1628436.png"
"188",5983,2024,"2023-24","NBA","Regular Season","2023-12-01",22300275,19,"Boston Celtics",1610612738,FALSE,FALSE,FALSE,"H","BOS vs. PHI","BOS",2,2,"PHI","BOS","PHI","W","Sam Hauser",19,2,2,1630573,TRUE,3,5,0.6,3,4,0.75,1,TRUE,0,1,0,26,2,2,1,4,5,1,1,1,3,2,11,-3,21.5,"https://stats.nba.com/media/img/teams/logos/season/2023-24/BOS_logo.svg","https://stats.nba.com/player/1630573","https://ak-static.cms.nba.com/wp-content/uploads/headshots/nba/latest/260x190/1630573.png","https://ak-static.cms.nba.com/wp-content/uploads/headshots/nba/latest/260x190/1630573.png","https://stats.nba.com/media/players/700/1630573.png","https://stats.nba.com/media/img/league/nba-headshot-fallback.png"
"189",6268,2024,"2023-24","NBA","Regular Season","2023-12-04",22301202,20,"Boston Celtics",1610612738,FALSE,FALSE,FALSE,"A","BOS @ IND","BOS",2,3,"IND","IND","BOS","L","Jrue Holiday",18,2,3,201950,FALSE,3,9,0.333,1,5,0.2,1,TRUE,2,4,0.5,38,2,2,1,5,6,3,1,1,1,1,9,-15,25.7,"https://stats.nba.com/media/img/teams/logos/season/2023-24/BOS_logo.svg","https://stats.nba.com/player/201950","https://stats.nba.com/media/players/230x185/201950.png","https://ak-static.cms.nba.com/wp-content/uploads/headshots/nba/latest/260x190/201950.png","https://stats.nba.com/media/players/700/201950.png","https://ak-static.cms.nba.com/wp-content/uploads/headshots/nba/latest/260x190/201950.png"
"190",6269,2024,"2023-24","NBA","Regular Season","2023-12-04",22301202,20,"Boston Celtics",1610612738,FALSE,FALSE,FALSE,"A","BOS @ IND","BOS",2,3,"IND","IND","BOS","L","Jayson Tatum",20,2,3,1628369,FALSE,13,26,0.5,2,8,0.25,0.571,TRUE,11,18,0.611111111111111,37,4,7,1,11,12,6,1,0,2,2,32,-14,56.4,"https://stats.nba.com/media/img/teams/logos/season/2023-24/BOS_logo.svg","https://stats.nba.com/player/1628369","https://ak-static.cms.nba.com/wp-content/uploads/headshots/nba/latest/260x190/1628369.png","https://ak-static.cms.nba.com/wp-content/uploads/headshots/nba/latest/260x190/1628369.png","https://stats.nba.com/media/players/700/1628369.png","https://ak-static.cms.nba.com/wp-content/uploads/headshots/nba/latest/260x190/1628369.png"
"191",6270,2024,"2023-24","NBA","Regular Season","2023-12-04",22301202,20,"Boston Celtics",1610612738,FALSE,FALSE,FALSE,"A","BOS @ IND","BOS",2,3,"IND","IND","BOS","L","Luke Kornet",15,2,3,1628436,FALSE,3,5,0.6,0,0,0,NA,TRUE,3,5,0.6,17,0,0,4,0,4,2,1,4,1,2,6,-8,27.8,"https://stats.nba.com/media/img/teams/logos/season/2023-24/BOS_logo.svg","https://stats.nba.com/player/1628436","https://ak-static.cms.nba.com/wp-content/uploads/headshots/nba/latest/260x190/1628436.png","https://ak-static.cms.nba.com/wp-content/uploads/headshots/nba/latest/260x190/1628436.png","https://stats.nba.com/media/players/700/1628436.png","https://ak-static.cms.nba.com/wp-content/uploads/headshots/nba/latest/260x190/1628436.png"
"192",6276,2024,"2023-24","NBA","Regular Season","2023-12-04",22301202,20,"Boston Celtics",1610612738,FALSE,FALSE,FALSE,"A","BOS @ IND","BOS",2,3,"IND","IND","BOS","L","Al Horford",18,2,3,201143,FALSE,1,3,0.333,0,1,0,NA,TRUE,1,2,0.5,31,0,0,2,5,7,4,0,1,2,1,2,-2,17.4,"https://stats.nba.com/media/img/teams/logos/season/2023-24/BOS_logo.svg","https://stats.nba.com/player/201143","https://stats.nba.com/media/players/230x185/201143.png","https://ak-static.cms.nba.com/wp-content/uploads/headshots/nba/latest/260x190/201143.png","https://stats.nba.com/media/players/700/201143.png","https://ak-static.cms.nba.com/wp-content/uploads/headshots/nba/latest/260x190/201143.png"
"193",6280,2024,"2023-24","NBA","Regular Season","2023-12-04",22301202,20,"Boston Celtics",1610612738,FALSE,FALSE,FALSE,"A","BOS @ IND","BOS",2,3,"IND","IND","BOS","L","Derrick White",17,2,3,1628401,FALSE,7,16,0.438,2,9,0.222222222222222,1,TRUE,5,7,0.714285714285714,36,2,2,0,4,4,8,1,1,5,4,18,-4,35.8,"https://stats.nba.com/media/img/teams/logos/season/2023-24/BOS_logo.svg","https://stats.nba.com/player/1628401","https://ak-static.cms.nba.com/wp-content/uploads/headshots/nba/latest/260x190/1628401.png","https://ak-static.cms.nba.com/wp-content/uploads/headshots/nba/latest/260x190/1628401.png","https://stats.nba.com/media/players/700/1628401.png","https://ak-static.cms.nba.com/wp-content/uploads/headshots/nba/latest/260x190/1628401.png"
"194",6281,2024,"2023-24","NBA","Regular Season","2023-12-04",22301202,20,"Boston Celtics",1610612738,FALSE,FALSE,FALSE,"A","BOS @ IND","BOS",2,3,"IND","IND","BOS","L","Payton Pritchard",20,2,3,1630202,FALSE,0,5,0,0,4,0,NA,TRUE,0,1,0,15,0,0,0,4,4,2,0,0,0,0,0,-4,7.8,"https://stats.nba.com/media/img/teams/logos/season/2023-24/BOS_logo.svg","https://stats.nba.com/player/1630202","https://ak-static.cms.nba.com/wp-content/uploads/headshots/nba/latest/260x190/1630202.png","https://ak-static.cms.nba.com/wp-content/uploads/headshots/nba/latest/260x190/1630202.png","https://stats.nba.com/media/players/700/1630202.png","https://stats.nba.com/media/img/league/nba-headshot-fallback.png"
"195",6282,2024,"2023-24","NBA","Regular Season","2023-12-04",22301202,20,"Boston Celtics",1610612738,FALSE,FALSE,FALSE,"A","BOS @ IND","BOS",2,3,"IND","IND","BOS","L","Sam Hauser",20,2,3,1630573,FALSE,5,9,0.556,5,7,0.714285714285714,NA,TRUE,0,2,0,23,0,0,2,4,6,1,0,0,0,2,15,9,23.7,"https://stats.nba.com/media/img/teams/logos/season/2023-24/BOS_logo.svg","https://stats.nba.com/player/1630573","https://ak-static.cms.nba.com/wp-content/uploads/headshots/nba/latest/260x190/1630573.png","https://ak-static.cms.nba.com/wp-content/uploads/headshots/nba/latest/260x190/1630573.png","https://stats.nba.com/media/players/700/1630573.png","https://stats.nba.com/media/img/league/nba-headshot-fallback.png"
"196",6283,2024,"2023-24","NBA","Regular Season","2023-12-04",22301202,20,"Boston Celtics",1610612738,FALSE,FALSE,FALSE,"A","BOS @ IND","BOS",2,3,"IND","IND","BOS","L","Dalano Banton",10,2,3,1630625,FALSE,0,1,0,0,0,0,NA,TRUE,0,1,0,11,0,0,1,3,4,1,0,0,3,1,0,-2,3.3,"https://stats.nba.com/media/img/teams/logos/season/2023-24/BOS_logo.svg","https://stats.nba.com/player/1630625","https://ak-static.cms.nba.com/wp-content/uploads/headshots/nba/latest/260x190/1630625.png","https://ak-static.cms.nba.com/wp-content/uploads/headshots/nba/latest/260x190/1630625.png","https://stats.nba.com/media/players/700/1630625.png","https://stats.nba.com/media/img/league/nba-headshot-fallback.png"
"197",6299,2024,"2023-24","NBA","Regular Season","2023-12-04",22301202,20,"Boston Celtics",1610612738,FALSE,FALSE,FALSE,"A","BOS @ IND","BOS",2,3,"IND","IND","BOS","L","Jaylen Brown",19,2,3,1627759,FALSE,14,23,0.609,2,7,0.285714285714286,0,TRUE,12,16,0.75,31,0,1,2,7,9,0,1,2,3,6,30,-10,46.8,"https://stats.nba.com/media/img/teams/logos/season/2023-24/BOS_logo.svg","https://stats.nba.com/player/1627759","https://stats.nba.com/media/players/230x185/1627759.png","https://ak-static.cms.nba.com/wp-content/uploads/headshots/nba/latest/260x190/1627759.png","https://stats.nba.com/media/players/700/1627759.png","https://ak-static.cms.nba.com/wp-content/uploads/headshots/nba/latest/260x190/1627759.png"
"198",6616,2024,"2023-24","NBA","Regular Season","2023-12-08",22301227,21,"Boston Celtics",1610612738,FALSE,FALSE,FALSE,"H","BOS vs. NYK","BOS",3,3,"NYK","BOS","NYK","W","Al Horford",19,3,3,201143,TRUE,5,8,0.625,3,6,0.5,1,TRUE,2,2,1,27,1,1,2,8,10,2,0,0,2,1,14,9,27,"https://stats.nba.com/media/img/teams/logos/season/2023-24/BOS_logo.svg","https://stats.nba.com/player/201143","https://stats.nba.com/media/players/230x185/201143.png","https://ak-static.cms.nba.com/wp-content/uploads/headshots/nba/latest/260x190/201143.png","https://stats.nba.com/media/players/700/201143.png","https://ak-static.cms.nba.com/wp-content/uploads/headshots/nba/latest/260x190/201143.png"
"199",6668,2024,"2023-24","NBA","Regular Season","2023-12-08",22301227,21,"Boston Celtics",1610612738,FALSE,FALSE,FALSE,"H","BOS vs. NYK","BOS",3,3,"NYK","BOS","NYK","W","Dalano Banton",11,3,8,1630625,TRUE,0,0,NA,0,0,0,NA,TRUE,0,0,0,0,0,0,0,0,0,0,0,0,0,0,0,-2,0,"https://stats.nba.com/media/img/teams/logos/season/2023-24/BOS_logo.svg","https://stats.nba.com/player/1630625","https://ak-static.cms.nba.com/wp-content/uploads/headshots/nba/latest/260x190/1630625.png","https://ak-static.cms.nba.com/wp-content/uploads/headshots/nba/latest/260x190/1630625.png","https://stats.nba.com/media/players/700/1630625.png","https://stats.nba.com/media/img/league/nba-headshot-fallback.png"
"200",6712,2024,"2023-24","NBA","Regular Season","2023-12-08",22301227,21,"Boston Celtics",1610612738,FALSE,FALSE,FALSE,"H","BOS vs. NYK","BOS",3,3,"NYK","BOS","NYK","W","Jrue Holiday",19,3,3,201950,TRUE,7,11,0.636,1,3,0.333333333333333,1,TRUE,6,8,0.75,35,1,1,0,6,6,5,2,1,1,1,16,7,38.7,"https://stats.nba.com/media/img/teams/logos/season/2023-24/BOS_logo.svg","https://stats.nba.com/player/201950","https://stats.nba.com/media/players/230x185/201950.png","https://ak-static.cms.nba.com/wp-content/uploads/headshots/nba/latest/260x190/201950.png","https://stats.nba.com/media/players/700/201950.png","https://ak-static.cms.nba.com/wp-content/uploads/headshots/nba/latest/260x190/201950.png"
"201",6713,2024,"2023-24","NBA","Regular Season","2023-12-08",22301227,21,"Boston Celtics",1610612738,FALSE,FALSE,FALSE,"H","BOS vs. NYK","BOS",3,3,"NYK","BOS","NYK","W","Luke Kornet",16,3,3,1628436,TRUE,2,3,0.667,0,0,0,NA,TRUE,2,3,0.666666666666667,11,0,0,1,0,1,1,0,0,0,0,4,-8,6.7,"https://stats.nba.com/media/img/teams/logos/season/2023-24/BOS_logo.svg","https://stats.nba.com/player/1628436","https://ak-static.cms.nba.com/wp-content/uploads/headshots/nba/latest/260x190/1628436.png","https://ak-static.cms.nba.com/wp-content/uploads/headshots/nba/latest/260x190/1628436.png","https://stats.nba.com/media/players/700/1628436.png","https://ak-static.cms.nba.com/wp-content/uploads/headshots/nba/latest/260x190/1628436.png"
"202",6762,2024,"2023-24","NBA","Regular Season","2023-12-08",22301227,21,"Boston Celtics",1610612738,FALSE,FALSE,FALSE,"H","BOS vs. NYK","BOS",3,3,"NYK","BOS","NYK","W","Oshae Brissett",9,13,6,1629052,TRUE,0,0,NA,0,0,0,NA,TRUE,0,0,0,0,0,0,0,0,0,0,0,0,0,0,0,-2,0,"https://stats.nba.com/media/img/teams/logos/season/2023-24/BOS_logo.svg","https://stats.nba.com/player/1629052","https://ak-static.cms.nba.com/wp-content/uploads/headshots/nba/latest/260x190/1629052.png","https://ak-static.cms.nba.com/wp-content/uploads/headshots/nba/latest/260x190/1629052.png","https://stats.nba.com/media/players/700/1629052.png","https://stats.nba.com/media/img/league/nba-headshot-fallback.png"
"203",6763,2024,"2023-24","NBA","Regular Season","2023-12-08",22301227,21,"Boston Celtics",1610612738,FALSE,FALSE,FALSE,"H","BOS vs. NYK","BOS",3,3,"NYK","BOS","NYK","W","Payton Pritchard",21,3,3,1630202,TRUE,2,4,0.5,1,3,0.333333333333333,NA,TRUE,1,1,1,19,0,0,1,1,2,2,0,0,0,2,5,-12,10.4,"https://stats.nba.com/media/img/teams/logos/season/2023-24/BOS_logo.svg","https://stats.nba.com/player/1630202","https://ak-static.cms.nba.com/wp-content/uploads/headshots/nba/latest/260x190/1630202.png","https://ak-static.cms.nba.com/wp-content/uploads/headshots/nba/latest/260x190/1630202.png","https://stats.nba.com/media/players/700/1630202.png","https://stats.nba.com/media/img/league/nba-headshot-fallback.png"
"204",6764,2024,"2023-24","NBA","Regular Season","2023-12-08",22301227,21,"Boston Celtics",1610612738,FALSE,FALSE,FALSE,"H","BOS vs. NYK","BOS",3,3,"NYK","BOS","NYK","W","Sam Hauser",21,3,3,1630573,TRUE,0,5,0,0,5,0,0.5,TRUE,0,0,0,21,1,2,1,2,3,1,0,1,0,1,1,-10,9.1,"https://stats.nba.com/media/img/teams/logos/season/2023-24/BOS_logo.svg","https://stats.nba.com/player/1630573","https://ak-static.cms.nba.com/wp-content/uploads/headshots/nba/latest/260x190/1630573.png","https://ak-static.cms.nba.com/wp-content/uploads/headshots/nba/latest/260x190/1630573.png","https://stats.nba.com/media/players/700/1630573.png","https://stats.nba.com/media/img/league/nba-headshot-fallback.png"
"205",6808,2024,"2023-24","NBA","Regular Season","2023-12-08",22301227,21,"Boston Celtics",1610612738,FALSE,FALSE,FALSE,"H","BOS vs. NYK","BOS",3,3,"NYK","BOS","NYK","W","Jaylen Brown",20,3,3,1627759,TRUE,7,13,0.538,2,5,0.4,1,TRUE,5,8,0.625,27,1,1,0,0,0,4,1,1,2,5,17,17,27,"https://stats.nba.com/media/img/teams/logos/season/2023-24/BOS_logo.svg","https://stats.nba.com/player/1627759","https://stats.nba.com/media/players/230x185/1627759.png","https://ak-static.cms.nba.com/wp-content/uploads/headshots/nba/latest/260x190/1627759.png","https://stats.nba.com/media/players/700/1627759.png","https://ak-static.cms.nba.com/wp-content/uploads/headshots/nba/latest/260x190/1627759.png"
"206",6863,2024,"2023-24","NBA","Regular Season","2023-12-08",22301227,21,"Boston Celtics",1610612738,FALSE,FALSE,FALSE,"H","BOS vs. NYK","BOS",3,3,"NYK","BOS","NYK","W","Kristaps Porziņģis",16,13,3,204001,TRUE,7,13,0.538,3,6,0.5,1,TRUE,4,7,0.571428571428571,29,4,4,1,2,3,1,2,0,2,2,21,13,30.1,"https://stats.nba.com/media/img/teams/logos/season/2023-24/BOS_logo.svg","https://stats.nba.com/player/204001","https://stats.nba.com/media/players/230x185/204001.png","https://ak-static.cms.nba.com/wp-content/uploads/headshots/nba/latest/260x190/204001.png","https://stats.nba.com/media/players/700/204001.png","https://ak-static.cms.nba.com/wp-content/uploads/headshots/nba/latest/260x190/204001.png"
"207",6864,2024,"2023-24","NBA","Regular Season","2023-12-08",22301227,21,"Boston Celtics",1610612738,FALSE,FALSE,FALSE,"H","BOS vs. NYK","BOS",3,3,"NYK","BOS","NYK","W","Jayson Tatum",21,3,3,1628369,TRUE,8,18,0.444,3,9,0.333333333333333,0.75,TRUE,5,9,0.555555555555556,39,6,8,0,6,6,5,1,0,0,3,25,17,42.7,"https://stats.nba.com/media/img/teams/logos/season/2023-24/BOS_logo.svg","https://stats.nba.com/player/1628369","https://ak-static.cms.nba.com/wp-content/uploads/headshots/nba/latest/260x190/1628369.png","https://ak-static.cms.nba.com/wp-content/uploads/headshots/nba/latest/260x190/1628369.png","https://stats.nba.com/media/players/700/1628369.png","https://ak-static.cms.nba.com/wp-content/uploads/headshots/nba/latest/260x190/1628369.png"
"208",6865,2024,"2023-24","NBA","Regular Season","2023-12-08",22301227,21,"Boston Celtics",1610612738,FALSE,FALSE,FALSE,"H","BOS vs. NYK","BOS",3,3,"NYK","BOS","NYK","W","Derrick White",18,3,3,1628401,TRUE,10,16,0.625,6,10,0.6,1,TRUE,4,6,0.666666666666667,32,4,4,2,1,3,3,2,2,0,4,30,21,50.1,"https://stats.nba.com/media/img/teams/logos/season/2023-24/BOS_logo.svg","https://stats.nba.com/player/1628401","https://ak-static.cms.nba.com/wp-content/uploads/headshots/nba/latest/260x190/1628401.png","https://ak-static.cms.nba.com/wp-content/uploads/headshots/nba/latest/260x190/1628401.png","https://stats.nba.com/media/players/700/1628401.png","https://ak-static.cms.nba.com/wp-content/uploads/headshots/nba/latest/260x190/1628401.png"
"209",7165,2024,"2023-24","NBA","Regular Season","2023-12-12",22300305,22,"Boston Celtics",1610612738,FALSE,TRUE,FALSE,"H","BOS vs. CLE","BOS",3,1,"CLE","BOS","CLE","W","Payton Pritchard",22,3,1,1630202,TRUE,2,5,0.4,2,5,0.4,NA,TRUE,0,0,0,12,0,0,0,3,3,3,2,1,1,1,6,10,22.1,"https://stats.nba.com/media/img/teams/logos/season/2023-24/BOS_logo.svg","https://stats.nba.com/player/1630202","https://ak-static.cms.nba.com/wp-content/uploads/headshots/nba/latest/260x190/1630202.png","https://ak-static.cms.nba.com/wp-content/uploads/headshots/nba/latest/260x190/1630202.png","https://stats.nba.com/media/players/700/1630202.png","https://stats.nba.com/media/img/league/nba-headshot-fallback.png"
"210",7178,2024,"2023-24","NBA","Regular Season","2023-12-12",22300305,22,"Boston Celtics",1610612738,FALSE,TRUE,FALSE,"H","BOS vs. CLE","BOS",3,1,"CLE","BOS","CLE","W","Jrue Holiday",20,3,1,201950,TRUE,4,7,0.571,3,5,0.6,NA,TRUE,1,2,0.5,34,0,0,2,2,4,2,3,1,1,3,11,2,29.8,"https://stats.nba.com/media/img/teams/logos/season/2023-24/BOS_logo.svg","https://stats.nba.com/player/201950","https://stats.nba.com/media/players/230x185/201950.png","https://ak-static.cms.nba.com/wp-content/uploads/headshots/nba/latest/260x190/201950.png","https://stats.nba.com/media/players/700/201950.png","https://ak-static.cms.nba.com/wp-content/uploads/headshots/nba/latest/260x190/201950.png"
"211",7179,2024,"2023-24","NBA","Regular Season","2023-12-12",22300305,22,"Boston Celtics",1610612738,FALSE,TRUE,FALSE,"H","BOS vs. CLE","BOS",3,1,"CLE","BOS","CLE","W","Jayson Tatum",22,3,1,1628369,TRUE,7,19,0.368,2,9,0.222222222222222,1,TRUE,5,10,0.5,41,9,9,0,10,10,5,0,2,4,3,25,9,46.5,"https://stats.nba.com/media/img/teams/logos/season/2023-24/BOS_logo.svg","https://stats.nba.com/player/1628369","https://ak-static.cms.nba.com/wp-content/uploads/headshots/nba/latest/260x190/1628369.png","https://ak-static.cms.nba.com/wp-content/uploads/headshots/nba/latest/260x190/1628369.png","https://stats.nba.com/media/players/700/1628369.png","https://ak-static.cms.nba.com/wp-content/uploads/headshots/nba/latest/260x190/1628369.png"
"212",7192,2024,"2023-24","NBA","Regular Season","2023-12-12",22300305,22,"Boston Celtics",1610612738,FALSE,TRUE,FALSE,"H","BOS vs. CLE","BOS",3,1,"CLE","BOS","CLE","W","Luke Kornet",17,3,16,1628436,TRUE,1,3,0.333,0,0,0,1,TRUE,1,3,0.333333333333333,8,2,2,3,1,4,0,0,0,0,0,4,2,8.8,"https://stats.nba.com/media/img/teams/logos/season/2023-24/BOS_logo.svg","https://stats.nba.com/player/1628436","https://ak-static.cms.nba.com/wp-content/uploads/headshots/nba/latest/260x190/1628436.png","https://ak-static.cms.nba.com/wp-content/uploads/headshots/nba/latest/260x190/1628436.png","https://stats.nba.com/media/players/700/1628436.png","https://ak-static.cms.nba.com/wp-content/uploads/headshots/nba/latest/260x190/1628436.png"
"213",7219,2024,"2023-24","NBA","Regular Season","2023-12-12",22300305,22,"Boston Celtics",1610612738,FALSE,TRUE,FALSE,"H","BOS vs. CLE","BOS",3,1,"CLE","BOS","CLE","W","Al Horford",20,3,1,201143,TRUE,1,3,0.333,0,2,0,NA,TRUE,1,1,1,22,0,0,2,3,5,1,1,0,0,0,2,13,12.5,"https://stats.nba.com/media/img/teams/logos/season/2023-24/BOS_logo.svg","https://stats.nba.com/player/201143","https://stats.nba.com/media/players/230x185/201143.png","https://ak-static.cms.nba.com/wp-content/uploads/headshots/nba/latest/260x190/201143.png","https://stats.nba.com/media/players/700/201143.png","https://ak-static.cms.nba.com/wp-content/uploads/headshots/nba/latest/260x190/201143.png"
"214",7220,2024,"2023-24","NBA","Regular Season","2023-12-12",22300305,22,"Boston Celtics",1610612738,FALSE,TRUE,FALSE,"H","BOS vs. CLE","BOS",3,1,"CLE","BOS","CLE","W","Derrick White",19,3,1,1628401,TRUE,5,9,0.556,5,8,0.625,1,TRUE,0,1,0,37,2,2,0,4,4,4,1,2,1,3,17,-6,35.8,"https://stats.nba.com/media/img/teams/logos/season/2023-24/BOS_logo.svg","https://stats.nba.com/player/1628401","https://ak-static.cms.nba.com/wp-content/uploads/headshots/nba/latest/260x190/1628401.png","https://ak-static.cms.nba.com/wp-content/uploads/headshots/nba/latest/260x190/1628401.png","https://stats.nba.com/media/players/700/1628401.png","https://ak-static.cms.nba.com/wp-content/uploads/headshots/nba/latest/260x190/1628401.png"
"215",7221,2024,"2023-24","NBA","Regular Season","2023-12-12",22300305,22,"Boston Celtics",1610612738,FALSE,TRUE,FALSE,"H","BOS vs. CLE","BOS",3,1,"CLE","BOS","CLE","W","Sam Hauser",22,3,1,1630573,TRUE,3,5,0.6,3,4,0.75,NA,TRUE,0,1,0,20,0,0,1,2,3,1,0,0,0,1,9,14,14.1,"https://stats.nba.com/media/img/teams/logos/season/2023-24/BOS_logo.svg","https://stats.nba.com/player/1630573","https://ak-static.cms.nba.com/wp-content/uploads/headshots/nba/latest/260x190/1630573.png","https://ak-static.cms.nba.com/wp-content/uploads/headshots/nba/latest/260x190/1630573.png","https://stats.nba.com/media/players/700/1630573.png","https://stats.nba.com/media/img/league/nba-headshot-fallback.png"
"216",7249,2024,"2023-24","NBA","Regular Season","2023-12-12",22300305,22,"Boston Celtics",1610612738,FALSE,TRUE,FALSE,"H","BOS vs. CLE","BOS",3,1,"CLE","BOS","CLE","W","Jaylen Brown",21,3,1,1627759,TRUE,10,17,0.588,1,5,0.2,1,TRUE,9,12,0.75,35,4,4,1,1,2,4,1,1,3,1,25,-6,36.4,"https://stats.nba.com/media/img/teams/logos/season/2023-24/BOS_logo.svg","https://stats.nba.com/player/1627759","https://stats.nba.com/media/players/230x185/1627759.png","https://ak-static.cms.nba.com/wp-content/uploads/headshots/nba/latest/260x190/1627759.png","https://stats.nba.com/media/players/700/1627759.png","https://ak-static.cms.nba.com/wp-content/uploads/headshots/nba/latest/260x190/1627759.png"
"217",7266,2024,"2023-24","NBA","Regular Season","2023-12-12",22300305,22,"Boston Celtics",1610612738,FALSE,TRUE,FALSE,"H","BOS vs. CLE","BOS",3,1,"CLE","BOS","CLE","W","Kristaps Porziņģis",17,3,1,204001,TRUE,5,16,0.313,2,6,0.333333333333333,1,TRUE,3,10,0.3,32,9,9,3,7,10,3,1,2,3,1,21,-3,43.5,"https://stats.nba.com/media/img/teams/logos/season/2023-24/BOS_logo.svg","https://stats.nba.com/player/204001","https://stats.nba.com/media/players/230x185/204001.png","https://ak-static.cms.nba.com/wp-content/uploads/headshots/nba/latest/260x190/204001.png","https://stats.nba.com/media/players/700/204001.png","https://ak-static.cms.nba.com/wp-content/uploads/headshots/nba/latest/260x190/204001.png"
"218",7463,2024,"2023-24","NBA","Regular Season","2023-12-14",22300319,23,"Boston Celtics",1610612738,TRUE,FALSE,FALSE,"H","BOS vs. CLE","BOS",1,0,"CLE","BOS","CLE","W","Kristaps Porziņģis",18,1,2,204001,TRUE,5,11,0.455,1,6,0.166666666666667,0.875,TRUE,4,5,0.8,31,7,8,1,5,6,0,1,2,3,2,18,-1,31.2,"https://stats.nba.com/media/img/teams/logos/season/2023-24/BOS_logo.svg","https://stats.nba.com/player/204001","https://stats.nba.com/media/players/230x185/204001.png","https://ak-static.cms.nba.com/wp-content/uploads/headshots/nba/latest/260x190/204001.png","https://stats.nba.com/media/players/700/204001.png","https://ak-static.cms.nba.com/wp-content/uploads/headshots/nba/latest/260x190/204001.png"
"219",7464,2024,"2023-24","NBA","Regular Season","2023-12-14",22300319,23,"Boston Celtics",1610612738,TRUE,FALSE,FALSE,"H","BOS vs. CLE","BOS",1,0,"CLE","BOS","CLE","W","Derrick White",20,1,0,1628401,TRUE,5,10,0.5,2,4,0.5,1,TRUE,3,6,0.5,35,2,2,2,3,5,3,3,0,3,0,14,9,30.5,"https://stats.nba.com/media/img/teams/logos/season/2023-24/BOS_logo.svg","https://stats.nba.com/player/1628401","https://ak-static.cms.nba.com/wp-content/uploads/headshots/nba/latest/260x190/1628401.png","https://ak-static.cms.nba.com/wp-content/uploads/headshots/nba/latest/260x190/1628401.png","https://stats.nba.com/media/players/700/1628401.png","https://ak-static.cms.nba.com/wp-content/uploads/headshots/nba/latest/260x190/1628401.png"
"220",7465,2024,"2023-24","NBA","Regular Season","2023-12-14",22300319,23,"Boston Celtics",1610612738,TRUE,FALSE,FALSE,"H","BOS vs. CLE","BOS",1,0,"CLE","BOS","CLE","W","Payton Pritchard",23,1,0,1630202,TRUE,0,1,0,0,1,0,NA,TRUE,0,0,0,14,0,0,0,3,3,2,0,1,0,1,0,1,9.6,"https://stats.nba.com/media/img/teams/logos/season/2023-24/BOS_logo.svg","https://stats.nba.com/player/1630202","https://ak-static.cms.nba.com/wp-content/uploads/headshots/nba/latest/260x190/1630202.png","https://ak-static.cms.nba.com/wp-content/uploads/headshots/nba/latest/260x190/1630202.png","https://stats.nba.com/media/players/700/1630202.png","https://stats.nba.com/media/img/league/nba-headshot-fallback.png"
"221",7466,2024,"2023-24","NBA","Regular Season","2023-12-14",22300319,23,"Boston Celtics",1610612738,TRUE,FALSE,FALSE,"H","BOS vs. CLE","BOS",1,0,"CLE","BOS","CLE","W","Sam Hauser",23,1,0,1630573,TRUE,3,3,1,3,3,1,NA,TRUE,0,0,0,18,0,0,0,0,0,1,0,0,0,2,9,9,10.5,"https://stats.nba.com/media/img/teams/logos/season/2023-24/BOS_logo.svg","https://stats.nba.com/player/1630573","https://ak-static.cms.nba.com/wp-content/uploads/headshots/nba/latest/260x190/1630573.png","https://ak-static.cms.nba.com/wp-content/uploads/headshots/nba/latest/260x190/1630573.png","https://stats.nba.com/media/players/700/1630573.png","https://stats.nba.com/media/img/league/nba-headshot-fallback.png"
"222",7486,2024,"2023-24","NBA","Regular Season","2023-12-14",22300319,23,"Boston Celtics",1610612738,TRUE,FALSE,FALSE,"H","BOS vs. CLE","BOS",1,0,"CLE","BOS","CLE","W","Jrue Holiday",21,1,0,201950,TRUE,7,11,0.636,1,3,0.333333333333333,NA,TRUE,6,8,0.75,37,0,0,2,1,3,4,0,0,2,2,15,11,22.6,"https://stats.nba.com/media/img/teams/logos/season/2023-24/BOS_logo.svg","https://stats.nba.com/player/201950","https://stats.nba.com/media/players/230x185/201950.png","https://ak-static.cms.nba.com/wp-content/uploads/headshots/nba/latest/260x190/201950.png","https://stats.nba.com/media/players/700/201950.png","https://ak-static.cms.nba.com/wp-content/uploads/headshots/nba/latest/260x190/201950.png"
"223",7487,2024,"2023-24","NBA","Regular Season","2023-12-14",22300319,23,"Boston Celtics",1610612738,TRUE,FALSE,FALSE,"H","BOS vs. CLE","BOS",1,0,"CLE","BOS","CLE","W","Jaylen Brown",22,1,0,1627759,TRUE,10,20,0.5,2,5,0.4,NA,TRUE,8,15,0.533333333333333,36,0,0,2,3,5,5,2,0,2,3,22,4,39.5,"https://stats.nba.com/media/img/teams/logos/season/2023-24/BOS_logo.svg","https://stats.nba.com/player/1627759","https://stats.nba.com/media/players/230x185/1627759.png","https://ak-static.cms.nba.com/wp-content/uploads/headshots/nba/latest/260x190/1627759.png","https://stats.nba.com/media/players/700/1627759.png","https://ak-static.cms.nba.com/wp-content/uploads/headshots/nba/latest/260x190/1627759.png"
"224",7488,2024,"2023-24","NBA","Regular Season","2023-12-14",22300319,23,"Boston Celtics",1610612738,TRUE,FALSE,FALSE,"H","BOS vs. CLE","BOS",1,0,"CLE","BOS","CLE","W","Lamar Stevens",7,15,0,1630205,TRUE,1,3,0.333,0,2,0,1,TRUE,1,1,1,9,2,2,0,1,1,1,1,1,0,3,4,1,12.7,"https://stats.nba.com/media/img/teams/logos/season/2023-24/BOS_logo.svg","https://stats.nba.com/player/1630205","https://ak-static.cms.nba.com/wp-content/uploads/headshots/nba/latest/260x190/1630205.png","https://ak-static.cms.nba.com/wp-content/uploads/headshots/nba/latest/260x190/1630205.png","https://stats.nba.com/media/players/700/1630205.png","https://stats.nba.com/media/img/league/nba-headshot-fallback.png"
"225",7551,2024,"2023-24","NBA","Regular Season","2023-12-14",22300319,23,"Boston Celtics",1610612738,TRUE,FALSE,FALSE,"H","BOS vs. CLE","BOS",1,0,"CLE","BOS","CLE","W","Jayson Tatum",23,1,0,1628369,TRUE,9,22,0.409,3,10,0.3,0.75,TRUE,6,12,0.5,36,6,8,3,8,11,3,0,3,3,1,27,2,50.7,"https://stats.nba.com/media/img/teams/logos/season/2023-24/BOS_logo.svg","https://stats.nba.com/player/1628369","https://ak-static.cms.nba.com/wp-content/uploads/headshots/nba/latest/260x190/1628369.png","https://ak-static.cms.nba.com/wp-content/uploads/headshots/nba/latest/260x190/1628369.png","https://stats.nba.com/media/players/700/1628369.png","https://ak-static.cms.nba.com/wp-content/uploads/headshots/nba/latest/260x190/1628369.png"
"226",7607,2024,"2023-24","NBA","Regular Season","2023-12-14",22300319,23,"Boston Celtics",1610612738,TRUE,FALSE,FALSE,"H","BOS vs. CLE","BOS",1,0,"CLE","BOS","CLE","W","Al Horford",21,1,2,201143,TRUE,3,4,0.75,1,2,0.5,NA,TRUE,2,2,1,24,0,0,3,7,10,3,0,1,0,1,7,9,26.5,"https://stats.nba.com/media/img/teams/logos/season/2023-24/BOS_logo.svg","https://stats.nba.com/player/201143","https://stats.nba.com/media/players/230x185/201143.png","https://ak-static.cms.nba.com/wp-content/uploads/headshots/nba/latest/260x190/201143.png","https://stats.nba.com/media/players/700/201143.png","https://ak-static.cms.nba.com/wp-content/uploads/headshots/nba/latest/260x190/201143.png"
"227",7617,2024,"2023-24","NBA","Regular Season","2023-12-15",22300329,24,"Boston Celtics",1610612738,TRUE,FALSE,TRUE,"H","BOS vs. ORL","BOS",0,1,"ORL","BOS","ORL","W","Oshae Brissett",10,6,1,1629052,TRUE,4,4,1,1,1,1,1,TRUE,3,3,1,16,2,2,1,0,1,1,0,0,2,4,11,-3,11.7,"https://stats.nba.com/media/img/teams/logos/season/2023-24/BOS_logo.svg","https://stats.nba.com/player/1629052","https://ak-static.cms.nba.com/wp-content/uploads/headshots/nba/latest/260x190/1629052.png","https://ak-static.cms.nba.com/wp-content/uploads/headshots/nba/latest/260x190/1629052.png","https://stats.nba.com/media/players/700/1629052.png","https://stats.nba.com/media/img/league/nba-headshot-fallback.png"
"228",7618,2024,"2023-24","NBA","Regular Season","2023-12-15",22300329,24,"Boston Celtics",1610612738,TRUE,FALSE,TRUE,"H","BOS vs. ORL","BOS",0,1,"ORL","BOS","ORL","W","Payton Pritchard",24,0,1,1630202,TRUE,7,10,0.7,6,7,0.857142857142857,0.5,TRUE,1,3,0.333333333333333,28,1,2,1,2,3,5,1,0,0,4,21,8,35.1,"https://stats.nba.com/media/img/teams/logos/season/2023-24/BOS_logo.svg","https://stats.nba.com/player/1630202","https://ak-static.cms.nba.com/wp-content/uploads/headshots/nba/latest/260x190/1630202.png","https://ak-static.cms.nba.com/wp-content/uploads/headshots/nba/latest/260x190/1630202.png","https://stats.nba.com/media/players/700/1630202.png","https://stats.nba.com/media/img/league/nba-headshot-fallback.png"
"229",7653,2024,"2023-24","NBA","Regular Season","2023-12-15",22300329,24,"Boston Celtics",1610612738,TRUE,FALSE,TRUE,"H","BOS vs. ORL","BOS",0,1,"ORL","BOS","ORL","W","Svi Mykhailiuk",9,16,3,1629004,TRUE,0,1,0,0,1,0,NA,TRUE,0,0,0,5,0,0,0,0,0,0,0,0,0,0,0,-4,0,"https://stats.nba.com/media/img/teams/logos/season/2023-24/BOS_logo.svg","https://stats.nba.com/player/1629004","https://ak-static.cms.nba.com/wp-content/uploads/headshots/nba/latest/260x190/1629004.png","https://ak-static.cms.nba.com/wp-content/uploads/headshots/nba/latest/260x190/1629004.png","https://stats.nba.com/media/players/700/1629004.png","https://ak-static.cms.nba.com/wp-content/uploads/headshots/nba/latest/260x190/1629004.png"
"230",7654,2024,"2023-24","NBA","Regular Season","2023-12-15",22300329,24,"Boston Celtics",1610612738,TRUE,FALSE,TRUE,"H","BOS vs. ORL","BOS",0,1,"ORL","BOS","ORL","W","Neemias Queta",4,13,1,1629674,TRUE,2,3,0.667,0,0,0,NA,TRUE,2,3,0.666666666666667,18,0,0,2,1,3,1,1,3,1,6,4,13,20.1,"https://stats.nba.com/media/img/teams/logos/season/2023-24/BOS_logo.svg","https://stats.nba.com/player/1629674","https://ak-static.cms.nba.com/wp-content/uploads/headshots/nba/latest/260x190/1629674.png","https://ak-static.cms.nba.com/wp-content/uploads/headshots/nba/latest/260x190/1629674.png","https://stats.nba.com/media/players/700/1629674.png","https://stats.nba.com/media/img/league/nba-headshot-fallback.png"
"231",7655,2024,"2023-24","NBA","Regular Season","2023-12-15",22300329,24,"Boston Celtics",1610612738,TRUE,FALSE,TRUE,"H","BOS vs. ORL","BOS",0,1,"ORL","BOS","ORL","W","Sam Hauser",24,0,1,1630573,TRUE,4,8,0.5,3,6,0.5,NA,TRUE,1,2,0.5,32,0,0,2,5,7,4,4,0,1,1,11,19,36.4,"https://stats.nba.com/media/img/teams/logos/season/2023-24/BOS_logo.svg","https://stats.nba.com/player/1630573","https://ak-static.cms.nba.com/wp-content/uploads/headshots/nba/latest/260x190/1630573.png","https://ak-static.cms.nba.com/wp-content/uploads/headshots/nba/latest/260x190/1630573.png","https://stats.nba.com/media/players/700/1630573.png","https://stats.nba.com/media/img/league/nba-headshot-fallback.png"
"232",7690,2024,"2023-24","NBA","Regular Season","2023-12-15",22300329,24,"Boston Celtics",1610612738,TRUE,FALSE,TRUE,"H","BOS vs. ORL","BOS",0,1,"ORL","BOS","ORL","W","Jayson Tatum",24,0,1,1628369,TRUE,11,22,0.5,2,9,0.222222222222222,0.667,TRUE,9,13,0.692307692307692,39,6,9,0,6,6,4,0,0,2,3,30,14,41.2,"https://stats.nba.com/media/img/teams/logos/season/2023-24/BOS_logo.svg","https://stats.nba.com/player/1628369","https://ak-static.cms.nba.com/wp-content/uploads/headshots/nba/latest/260x190/1628369.png","https://ak-static.cms.nba.com/wp-content/uploads/headshots/nba/latest/260x190/1628369.png","https://stats.nba.com/media/players/700/1628369.png","https://ak-static.cms.nba.com/wp-content/uploads/headshots/nba/latest/260x190/1628369.png"
"233",7691,2024,"2023-24","NBA","Regular Season","2023-12-15",22300329,24,"Boston Celtics",1610612738,TRUE,FALSE,TRUE,"H","BOS vs. ORL","BOS",0,1,"ORL","BOS","ORL","W","Derrick White",21,0,1,1628401,TRUE,7,15,0.467,3,7,0.428571428571429,1,TRUE,4,8,0.5,30,2,2,1,3,4,8,4,1,1,0,19,13,49.8,"https://stats.nba.com/media/img/teams/logos/season/2023-24/BOS_logo.svg","https://stats.nba.com/player/1628401","https://ak-static.cms.nba.com/wp-content/uploads/headshots/nba/latest/260x190/1628401.png","https://ak-static.cms.nba.com/wp-content/uploads/headshots/nba/latest/260x190/1628401.png","https://stats.nba.com/media/players/700/1628401.png","https://ak-static.cms.nba.com/wp-content/uploads/headshots/nba/latest/260x190/1628401.png"
"234",7762,2024,"2023-24","NBA","Regular Season","2023-12-15",22300329,24,"Boston Celtics",1610612738,TRUE,FALSE,TRUE,"H","BOS vs. ORL","BOS",0,1,"ORL","BOS","ORL","W","Jrue Holiday",22,0,1,201950,TRUE,2,7,0.286,2,3,0.666666666666667,NA,TRUE,0,4,0,28,0,0,1,3,4,4,2,1,0,2,6,12,25.8,"https://stats.nba.com/media/img/teams/logos/season/2023-24/BOS_logo.svg","https://stats.nba.com/player/201950","https://stats.nba.com/media/players/230x185/201950.png","https://ak-static.cms.nba.com/wp-content/uploads/headshots/nba/latest/260x190/201950.png","https://stats.nba.com/media/players/700/201950.png","https://ak-static.cms.nba.com/wp-content/uploads/headshots/nba/latest/260x190/201950.png"
"235",7763,2024,"2023-24","NBA","Regular Season","2023-12-15",22300329,24,"Boston Celtics",1610612738,TRUE,FALSE,TRUE,"H","BOS vs. ORL","BOS",0,1,"ORL","BOS","ORL","W","Lamar Stevens",8,0,1,1630205,TRUE,3,7,0.429,1,3,0.333333333333333,0.5,TRUE,2,4,0.5,14,1,2,1,2,3,0,2,1,1,2,8,-7,19.6,"https://stats.nba.com/media/img/teams/logos/season/2023-24/BOS_logo.svg","https://stats.nba.com/player/1630205","https://ak-static.cms.nba.com/wp-content/uploads/headshots/nba/latest/260x190/1630205.png","https://ak-static.cms.nba.com/wp-content/uploads/headshots/nba/latest/260x190/1630205.png","https://stats.nba.com/media/players/700/1630205.png","https://stats.nba.com/media/img/league/nba-headshot-fallback.png"
"236",7789,2024,"2023-24","NBA","Regular Season","2023-12-15",22300329,24,"Boston Celtics",1610612738,TRUE,FALSE,TRUE,"H","BOS vs. ORL","BOS",0,1,"ORL","BOS","ORL","W","Jaylen Brown",23,0,1,1627759,TRUE,8,15,0.533,0,5,0,0.667,TRUE,8,10,0.8,30,2,3,0,3,3,4,0,1,2,0,18,20,28.6,"https://stats.nba.com/media/img/teams/logos/season/2023-24/BOS_logo.svg","https://stats.nba.com/player/1627759","https://stats.nba.com/media/players/230x185/1627759.png","https://ak-static.cms.nba.com/wp-content/uploads/headshots/nba/latest/260x190/1627759.png","https://stats.nba.com/media/players/700/1627759.png","https://ak-static.cms.nba.com/wp-content/uploads/headshots/nba/latest/260x190/1627759.png"
"237",8031,2024,"2023-24","NBA","Regular Season","2023-12-17",22300344,25,"Boston Celtics",1610612738,FALSE,TRUE,FALSE,"H","BOS vs. ORL","BOS",1,1,"ORL","BOS","ORL","W","Jaylen Brown",24,1,1,1627759,TRUE,12,20,0.6,5,8,0.625,1,TRUE,7,12,0.583333333333333,34,2,2,1,4,5,6,1,1,2,4,31,11,50,"https://stats.nba.com/media/img/teams/logos/season/2023-24/BOS_logo.svg","https://stats.nba.com/player/1627759","https://stats.nba.com/media/players/230x185/1627759.png","https://ak-static.cms.nba.com/wp-content/uploads/headshots/nba/latest/260x190/1627759.png","https://stats.nba.com/media/players/700/1627759.png","https://ak-static.cms.nba.com/wp-content/uploads/headshots/nba/latest/260x190/1627759.png"
"238",8032,2024,"2023-24","NBA","Regular Season","2023-12-17",22300344,25,"Boston Celtics",1610612738,FALSE,TRUE,FALSE,"H","BOS vs. ORL","BOS",1,1,"ORL","BOS","ORL","W","Oshae Brissett",11,1,1,1629052,TRUE,0,0,NA,0,0,0,NA,TRUE,0,0,0,2,0,0,0,2,2,0,0,0,0,0,0,-4,2.4,"https://stats.nba.com/media/img/teams/logos/season/2023-24/BOS_logo.svg","https://stats.nba.com/player/1629052","https://ak-static.cms.nba.com/wp-content/uploads/headshots/nba/latest/260x190/1629052.png","https://ak-static.cms.nba.com/wp-content/uploads/headshots/nba/latest/260x190/1629052.png","https://stats.nba.com/media/players/700/1629052.png","https://stats.nba.com/media/img/league/nba-headshot-fallback.png"
"239",8052,2024,"2023-24","NBA","Regular Season","2023-12-17",22300344,25,"Boston Celtics",1610612738,FALSE,TRUE,FALSE,"H","BOS vs. ORL","BOS",1,1,"ORL","BOS","ORL","W","Al Horford",22,2,1,201143,TRUE,3,7,0.429,2,3,0.666666666666667,NA,TRUE,1,4,0.25,24,0,0,1,7,8,2,0,1,0,2,8,19,23.6,"https://stats.nba.com/media/img/teams/logos/season/2023-24/BOS_logo.svg","https://stats.nba.com/player/201143","https://stats.nba.com/media/players/230x185/201143.png","https://ak-static.cms.nba.com/wp-content/uploads/headshots/nba/latest/260x190/201143.png","https://stats.nba.com/media/players/700/201143.png","https://ak-static.cms.nba.com/wp-content/uploads/headshots/nba/latest/260x190/201143.png"
"240",8053,2024,"2023-24","NBA","Regular Season","2023-12-17",22300344,25,"Boston Celtics",1610612738,FALSE,TRUE,FALSE,"H","BOS vs. ORL","BOS",1,1,"ORL","BOS","ORL","W","Derrick White",22,1,1,1628401,TRUE,4,9,0.444,1,5,0.2,1,TRUE,3,4,0.75,27,1,1,0,5,5,4,1,3,2,1,10,7,32,"https://stats.nba.com/media/img/teams/logos/season/2023-24/BOS_logo.svg","https://stats.nba.com/player/1628401","https://ak-static.cms.nba.com/wp-content/uploads/headshots/nba/latest/260x190/1628401.png","https://ak-static.cms.nba.com/wp-content/uploads/headshots/nba/latest/260x190/1628401.png","https://stats.nba.com/media/players/700/1628401.png","https://ak-static.cms.nba.com/wp-content/uploads/headshots/nba/latest/260x190/1628401.png"
"241",8054,2024,"2023-24","NBA","Regular Season","2023-12-17",22300344,25,"Boston Celtics",1610612738,FALSE,TRUE,FALSE,"H","BOS vs. ORL","BOS",1,1,"ORL","BOS","ORL","W","Payton Pritchard",25,1,1,1630202,TRUE,2,5,0.4,1,1,1,NA,TRUE,1,4,0.25,21,0,0,2,4,6,3,0,1,1,3,5,10,18.7,"https://stats.nba.com/media/img/teams/logos/season/2023-24/BOS_logo.svg","https://stats.nba.com/player/1630202","https://ak-static.cms.nba.com/wp-content/uploads/headshots/nba/latest/260x190/1630202.png","https://ak-static.cms.nba.com/wp-content/uploads/headshots/nba/latest/260x190/1630202.png","https://stats.nba.com/media/players/700/1630202.png","https://stats.nba.com/media/img/league/nba-headshot-fallback.png"
"242",8072,2024,"2023-24","NBA","Regular Season","2023-12-17",22300344,25,"Boston Celtics",1610612738,FALSE,TRUE,FALSE,"H","BOS vs. ORL","BOS",1,1,"ORL","BOS","ORL","W","Lamar Stevens",9,1,2,1630205,TRUE,0,0,NA,0,0,0,NA,TRUE,0,0,0,2,0,0,0,0,0,0,0,0,0,1,0,-4,0,"https://stats.nba.com/media/img/teams/logos/season/2023-24/BOS_logo.svg","https://stats.nba.com/player/1630205","https://ak-static.cms.nba.com/wp-content/uploads/headshots/nba/latest/260x190/1630205.png","https://ak-static.cms.nba.com/wp-content/uploads/headshots/nba/latest/260x190/1630205.png","https://stats.nba.com/media/players/700/1630205.png","https://stats.nba.com/media/img/league/nba-headshot-fallback.png"
"243",8073,2024,"2023-24","NBA","Regular Season","2023-12-17",22300344,25,"Boston Celtics",1610612738,FALSE,TRUE,FALSE,"H","BOS vs. ORL","BOS",1,1,"ORL","BOS","ORL","W","Dalano Banton",12,8,5,1630625,TRUE,1,2,0.5,0,1,0,NA,TRUE,1,1,1,2,0,0,0,0,0,0,0,0,0,0,2,-4,2,"https://stats.nba.com/media/img/teams/logos/season/2023-24/BOS_logo.svg","https://stats.nba.com/player/1630625","https://ak-static.cms.nba.com/wp-content/uploads/headshots/nba/latest/260x190/1630625.png","https://ak-static.cms.nba.com/wp-content/uploads/headshots/nba/latest/260x190/1630625.png","https://stats.nba.com/media/players/700/1630625.png","https://stats.nba.com/media/img/league/nba-headshot-fallback.png"
"244",8092,2024,"2023-24","NBA","Regular Season","2023-12-17",22300344,25,"Boston Celtics",1610612738,FALSE,TRUE,FALSE,"H","BOS vs. ORL","BOS",1,1,"ORL","BOS","ORL","W","Jayson Tatum",25,1,1,1628369,TRUE,8,21,0.381,4,6,0.666666666666667,0.75,TRUE,4,15,0.266666666666667,31,3,4,3,5,8,3,0,1,1,3,23,9,39.1,"https://stats.nba.com/media/img/teams/logos/season/2023-24/BOS_logo.svg","https://stats.nba.com/player/1628369","https://ak-static.cms.nba.com/wp-content/uploads/headshots/nba/latest/260x190/1628369.png","https://ak-static.cms.nba.com/wp-content/uploads/headshots/nba/latest/260x190/1628369.png","https://stats.nba.com/media/players/700/1628369.png","https://ak-static.cms.nba.com/wp-content/uploads/headshots/nba/latest/260x190/1628369.png"
"245",8093,2024,"2023-24","NBA","Regular Season","2023-12-17",22300344,25,"Boston Celtics",1610612738,FALSE,TRUE,FALSE,"H","BOS vs. ORL","BOS",1,1,"ORL","BOS","ORL","W","Sam Hauser",25,1,1,1630573,TRUE,2,5,0.4,0,3,0,NA,TRUE,2,2,1,17,0,0,1,1,2,0,1,0,1,0,4,12,8.4,"https://stats.nba.com/media/img/teams/logos/season/2023-24/BOS_logo.svg","https://stats.nba.com/player/1630573","https://ak-static.cms.nba.com/wp-content/uploads/headshots/nba/latest/260x190/1630573.png","https://ak-static.cms.nba.com/wp-content/uploads/headshots/nba/latest/260x190/1630573.png","https://stats.nba.com/media/players/700/1630573.png","https://stats.nba.com/media/img/league/nba-headshot-fallback.png"
"246",8110,2024,"2023-24","NBA","Regular Season","2023-12-17",22300344,25,"Boston Celtics",1610612738,FALSE,TRUE,FALSE,"H","BOS vs. ORL","BOS",1,1,"ORL","BOS","ORL","W","Kristaps Porziņģis",19,2,2,204001,TRUE,6,12,0.5,2,4,0.5,1,TRUE,4,8,0.5,29,1,1,1,9,10,0,1,1,4,2,15,4,29,"https://stats.nba.com/media/img/teams/logos/season/2023-24/BOS_logo.svg","https://stats.nba.com/player/204001","https://stats.nba.com/media/players/230x185/204001.png","https://ak-static.cms.nba.com/wp-content/uploads/headshots/nba/latest/260x190/204001.png","https://stats.nba.com/media/players/700/204001.png","https://ak-static.cms.nba.com/wp-content/uploads/headshots/nba/latest/260x190/204001.png"
"247",8111,2024,"2023-24","NBA","Regular Season","2023-12-17",22300344,25,"Boston Celtics",1610612738,FALSE,TRUE,FALSE,"H","BOS vs. ORL","BOS",1,1,"ORL","BOS","ORL","W","Neemias Queta",5,1,1,1629674,TRUE,1,2,0.5,0,0,0,NA,TRUE,1,2,0.5,16,0,0,0,3,3,0,0,0,0,1,2,8,5.6,"https://stats.nba.com/media/img/teams/logos/season/2023-24/BOS_logo.svg","https://stats.nba.com/player/1629674","https://ak-static.cms.nba.com/wp-content/uploads/headshots/nba/latest/260x190/1629674.png","https://ak-static.cms.nba.com/wp-content/uploads/headshots/nba/latest/260x190/1629674.png","https://stats.nba.com/media/players/700/1629674.png","https://stats.nba.com/media/img/league/nba-headshot-fallback.png"
"248",8131,2024,"2023-24","NBA","Regular Season","2023-12-17",22300344,25,"Boston Celtics",1610612738,FALSE,TRUE,FALSE,"H","BOS vs. ORL","BOS",1,1,"ORL","BOS","ORL","W","Jrue Holiday",23,1,1,201950,TRUE,6,12,0.5,2,5,0.4,NA,TRUE,4,7,0.571428571428571,34,0,0,1,5,6,0,0,2,3,2,14,17,24.2,"https://stats.nba.com/media/img/teams/logos/season/2023-24/BOS_logo.svg","https://stats.nba.com/player/201950","https://stats.nba.com/media/players/230x185/201950.png","https://ak-static.cms.nba.com/wp-content/uploads/headshots/nba/latest/260x190/201950.png","https://stats.nba.com/media/players/700/201950.png","https://ak-static.cms.nba.com/wp-content/uploads/headshots/nba/latest/260x190/201950.png"
"249",8373,2024,"2023-24","NBA","Regular Season","2023-12-19",22300362,26,"Boston Celtics",1610612738,TRUE,FALSE,FALSE,"A","BOS @ GSW","BOS",1,0,"GSW","GSW","BOS","L","Payton Pritchard",26,1,0,1630202,FALSE,4,6,0.667,3,5,0.6,NA,TRUE,1,1,1,19,0,0,0,0,0,2,0,0,1,1,11,-10,13,"https://stats.nba.com/media/img/teams/logos/season/2023-24/BOS_logo.svg","https://stats.nba.com/player/1630202","https://ak-static.cms.nba.com/wp-content/uploads/headshots/nba/latest/260x190/1630202.png","https://ak-static.cms.nba.com/wp-content/uploads/headshots/nba/latest/260x190/1630202.png","https://stats.nba.com/media/players/700/1630202.png","https://stats.nba.com/media/img/league/nba-headshot-fallback.png"
"250",8374,2024,"2023-24","NBA","Regular Season","2023-12-19",22300362,26,"Boston Celtics",1610612738,TRUE,FALSE,FALSE,"A","BOS @ GSW","BOS",1,0,"GSW","GSW","BOS","L","Sam Hauser",26,1,0,1630573,FALSE,0,7,0,0,6,0,NA,TRUE,0,1,0,21,0,0,1,2,3,1,0,0,0,2,0,1,5.1,"https://stats.nba.com/media/img/teams/logos/season/2023-24/BOS_logo.svg","https://stats.nba.com/player/1630573","https://ak-static.cms.nba.com/wp-content/uploads/headshots/nba/latest/260x190/1630573.png","https://ak-static.cms.nba.com/wp-content/uploads/headshots/nba/latest/260x190/1630573.png","https://stats.nba.com/media/players/700/1630573.png","https://stats.nba.com/media/img/league/nba-headshot-fallback.png"
"251",8386,2024,"2023-24","NBA","Regular Season","2023-12-19",22300362,26,"Boston Celtics",1610612738,TRUE,FALSE,FALSE,"A","BOS @ GSW","BOS",1,0,"GSW","GSW","BOS","L","Al Horford",23,1,3,201143,FALSE,4,14,0.286,3,10,0.3,1,TRUE,1,4,0.25,38,2,2,2,10,12,6,0,1,2,1,13,-8,37.4,"https://stats.nba.com/media/img/teams/logos/season/2023-24/BOS_logo.svg","https://stats.nba.com/player/201143","https://stats.nba.com/media/players/230x185/201143.png","https://ak-static.cms.nba.com/wp-content/uploads/headshots/nba/latest/260x190/201143.png","https://stats.nba.com/media/players/700/201143.png","https://ak-static.cms.nba.com/wp-content/uploads/headshots/nba/latest/260x190/201143.png"
"252",8387,2024,"2023-24","NBA","Regular Season","2023-12-19",22300362,26,"Boston Celtics",1610612738,TRUE,FALSE,FALSE,"A","BOS @ GSW","BOS",1,0,"GSW","GSW","BOS","L","Jrue Holiday",24,1,0,201950,FALSE,5,12,0.417,1,5,0.2,1,TRUE,4,7,0.571428571428571,36,2,2,1,6,7,1,2,0,1,5,13,-14,27.9,"https://stats.nba.com/media/img/teams/logos/season/2023-24/BOS_logo.svg","https://stats.nba.com/player/201950","https://stats.nba.com/media/players/230x185/201950.png","https://ak-static.cms.nba.com/wp-content/uploads/headshots/nba/latest/260x190/201950.png","https://stats.nba.com/media/players/700/201950.png","https://ak-static.cms.nba.com/wp-content/uploads/headshots/nba/latest/260x190/201950.png"
"253",8405,2024,"2023-24","NBA","Regular Season","2023-12-19",22300362,26,"Boston Celtics",1610612738,TRUE,FALSE,FALSE,"A","BOS @ GSW","BOS",1,0,"GSW","GSW","BOS","L","Jaylen Brown",25,1,0,1627759,FALSE,10,22,0.455,1,4,0.25,0.875,TRUE,9,18,0.5,41,7,8,3,5,8,7,0,1,4,2,28,-3,47.1,"https://stats.nba.com/media/img/teams/logos/season/2023-24/BOS_logo.svg","https://stats.nba.com/player/1627759","https://stats.nba.com/media/players/230x185/1627759.png","https://ak-static.cms.nba.com/wp-content/uploads/headshots/nba/latest/260x190/1627759.png","https://stats.nba.com/media/players/700/1627759.png","https://ak-static.cms.nba.com/wp-content/uploads/headshots/nba/latest/260x190/1627759.png"
"254",8406,2024,"2023-24","NBA","Regular Season","2023-12-19",22300362,26,"Boston Celtics",1610612738,TRUE,FALSE,FALSE,"A","BOS @ GSW","BOS",1,0,"GSW","GSW","BOS","L","Jayson Tatum",26,1,3,1628369,FALSE,5,17,0.294,2,9,0.222222222222222,1,TRUE,3,8,0.375,41,3,3,3,5,8,7,2,0,0,0,15,-9,41.1,"https://stats.nba.com/media/img/teams/logos/season/2023-24/BOS_logo.svg","https://stats.nba.com/player/1628369","https://ak-static.cms.nba.com/wp-content/uploads/headshots/nba/latest/260x190/1628369.png","https://ak-static.cms.nba.com/wp-content/uploads/headshots/nba/latest/260x190/1628369.png","https://stats.nba.com/media/players/700/1628369.png","https://ak-static.cms.nba.com/wp-content/uploads/headshots/nba/latest/260x190/1628369.png"
"255",8407,2024,"2023-24","NBA","Regular Season","2023-12-19",22300362,26,"Boston Celtics",1610612738,TRUE,FALSE,FALSE,"A","BOS @ GSW","BOS",1,0,"GSW","GSW","BOS","L","Svi Mykhailiuk",10,3,0,1629004,FALSE,0,1,0,0,1,0,NA,TRUE,0,0,0,2,0,0,0,0,0,0,0,0,0,0,0,3,0,"https://stats.nba.com/media/img/teams/logos/season/2023-24/BOS_logo.svg","https://stats.nba.com/player/1629004","https://ak-static.cms.nba.com/wp-content/uploads/headshots/nba/latest/260x190/1629004.png","https://ak-static.cms.nba.com/wp-content/uploads/headshots/nba/latest/260x190/1629004.png","https://stats.nba.com/media/players/700/1629004.png","https://ak-static.cms.nba.com/wp-content/uploads/headshots/nba/latest/260x190/1629004.png"
"256",8420,2024,"2023-24","NBA","Regular Season","2023-12-19",22300362,26,"Boston Celtics",1610612738,TRUE,FALSE,FALSE,"A","BOS @ GSW","BOS",1,0,"GSW","GSW","BOS","L","Derrick White",23,1,0,1628401,FALSE,11,24,0.458,7,18,0.388888888888889,0.5,TRUE,4,6,0.666666666666667,40,1,2,2,5,7,3,0,3,0,2,30,-1,51.9,"https://stats.nba.com/media/img/teams/logos/season/2023-24/BOS_logo.svg","https://stats.nba.com/player/1628401","https://ak-static.cms.nba.com/wp-content/uploads/headshots/nba/latest/260x190/1628401.png","https://ak-static.cms.nba.com/wp-content/uploads/headshots/nba/latest/260x190/1628401.png","https://stats.nba.com/media/players/700/1628401.png","https://ak-static.cms.nba.com/wp-content/uploads/headshots/nba/latest/260x190/1628401.png"
"257",8421,2024,"2023-24","NBA","Regular Season","2023-12-19",22300362,26,"Boston Celtics",1610612738,TRUE,FALSE,FALSE,"A","BOS @ GSW","BOS",1,0,"GSW","GSW","BOS","L","Oshae Brissett",12,1,0,1629052,FALSE,3,3,1,0,0,0,NA,TRUE,3,3,1,5,0,0,0,0,0,0,1,0,0,0,6,1,9,"https://stats.nba.com/media/img/teams/logos/season/2023-24/BOS_logo.svg","https://stats.nba.com/player/1629052","https://ak-static.cms.nba.com/wp-content/uploads/headshots/nba/latest/260x190/1629052.png","https://ak-static.cms.nba.com/wp-content/uploads/headshots/nba/latest/260x190/1629052.png","https://stats.nba.com/media/players/700/1629052.png","https://stats.nba.com/media/img/league/nba-headshot-fallback.png"
"258",8438,2024,"2023-24","NBA","Regular Season","2023-12-19",22300362,26,"Boston Celtics",1610612738,TRUE,FALSE,FALSE,"A","BOS @ GSW","BOS",1,0,"GSW","GSW","BOS","L","Neemias Queta",6,1,0,1629674,FALSE,5,8,0.625,0,0,0,NA,TRUE,5,8,0.625,21,0,0,6,4,10,1,1,0,0,0,10,10,26.5,"https://stats.nba.com/media/img/teams/logos/season/2023-24/BOS_logo.svg","https://stats.nba.com/player/1629674","https://ak-static.cms.nba.com/wp-content/uploads/headshots/nba/latest/260x190/1629674.png","https://ak-static.cms.nba.com/wp-content/uploads/headshots/nba/latest/260x190/1629674.png","https://stats.nba.com/media/players/700/1629674.png","https://stats.nba.com/media/img/league/nba-headshot-fallback.png"
"259",8458,2024,"2023-24","NBA","Regular Season","2023-12-20",22300373,27,"Boston Celtics",1610612738,TRUE,FALSE,TRUE,"A","BOS @ SAC","BOS",0,2,"SAC","BOS","SAC","W","Neemias Queta",7,0,2,1629674,TRUE,3,8,0.375,0,0,0,NA,TRUE,3,8,0.375,19,0,0,4,4,8,0,1,0,1,5,6,3,17.6,"https://stats.nba.com/media/img/teams/logos/season/2023-24/BOS_logo.svg","https://stats.nba.com/player/1629674","https://ak-static.cms.nba.com/wp-content/uploads/headshots/nba/latest/260x190/1629674.png","https://ak-static.cms.nba.com/wp-content/uploads/headshots/nba/latest/260x190/1629674.png","https://stats.nba.com/media/players/700/1629674.png","https://stats.nba.com/media/img/league/nba-headshot-fallback.png"
"260",8459,2024,"2023-24","NBA","Regular Season","2023-12-20",22300373,27,"Boston Celtics",1610612738,TRUE,FALSE,TRUE,"A","BOS @ SAC","BOS",0,2,"SAC","BOS","SAC","W","Lamar Stevens",10,2,2,1630205,TRUE,1,1,1,0,0,0,NA,TRUE,1,1,1,2,0,0,0,0,0,0,0,0,0,0,2,0,2,"https://stats.nba.com/media/img/teams/logos/season/2023-24/BOS_logo.svg","https://stats.nba.com/player/1630205","https://ak-static.cms.nba.com/wp-content/uploads/headshots/nba/latest/260x190/1630205.png","https://ak-static.cms.nba.com/wp-content/uploads/headshots/nba/latest/260x190/1630205.png","https://stats.nba.com/media/players/700/1630205.png","https://stats.nba.com/media/img/league/nba-headshot-fallback.png"
"261",8497,2024,"2023-24","NBA","Regular Season","2023-12-20",22300373,27,"Boston Celtics",1610612738,TRUE,FALSE,TRUE,"A","BOS @ SAC","BOS",0,2,"SAC","BOS","SAC","W","Jrue Holiday",25,0,2,201950,TRUE,7,13,0.538,4,6,0.666666666666667,1,TRUE,3,7,0.428571428571429,34,3,3,2,6,8,10,2,1,3,1,21,17,51.6,"https://stats.nba.com/media/img/teams/logos/season/2023-24/BOS_logo.svg","https://stats.nba.com/player/201950","https://stats.nba.com/media/players/230x185/201950.png","https://ak-static.cms.nba.com/wp-content/uploads/headshots/nba/latest/260x190/201950.png","https://stats.nba.com/media/players/700/201950.png","https://ak-static.cms.nba.com/wp-content/uploads/headshots/nba/latest/260x190/201950.png"
"262",8498,2024,"2023-24","NBA","Regular Season","2023-12-20",22300373,27,"Boston Celtics",1610612738,TRUE,FALSE,TRUE,"A","BOS @ SAC","BOS",0,2,"SAC","BOS","SAC","W","Derrick White",24,0,2,1628401,TRUE,10,13,0.769,6,9,0.666666666666667,0.667,TRUE,4,4,1,29,2,3,1,1,2,7,1,3,1,1,28,16,51.9,"https://stats.nba.com/media/img/teams/logos/season/2023-24/BOS_logo.svg","https://stats.nba.com/player/1628401","https://ak-static.cms.nba.com/wp-content/uploads/headshots/nba/latest/260x190/1628401.png","https://ak-static.cms.nba.com/wp-content/uploads/headshots/nba/latest/260x190/1628401.png","https://stats.nba.com/media/players/700/1628401.png","https://ak-static.cms.nba.com/wp-content/uploads/headshots/nba/latest/260x190/1628401.png"
"263",8499,2024,"2023-24","NBA","Regular Season","2023-12-20",22300373,27,"Boston Celtics",1610612738,TRUE,FALSE,TRUE,"A","BOS @ SAC","BOS",0,2,"SAC","BOS","SAC","W","Svi Mykhailiuk",11,0,8,1629004,TRUE,1,6,0.167,0,4,0,NA,TRUE,1,2,0.5,16,0,0,2,2,4,3,1,0,0,1,2,7,14.3,"https://stats.nba.com/media/img/teams/logos/season/2023-24/BOS_logo.svg","https://stats.nba.com/player/1629004","https://ak-static.cms.nba.com/wp-content/uploads/headshots/nba/latest/260x190/1629004.png","https://ak-static.cms.nba.com/wp-content/uploads/headshots/nba/latest/260x190/1629004.png","https://stats.nba.com/media/players/700/1629004.png","https://ak-static.cms.nba.com/wp-content/uploads/headshots/nba/latest/260x190/1629004.png"
"264",8555,2024,"2023-24","NBA","Regular Season","2023-12-20",22300373,27,"Boston Celtics",1610612738,TRUE,FALSE,TRUE,"A","BOS @ SAC","BOS",0,2,"SAC","BOS","SAC","W","Payton Pritchard",27,0,2,1630202,TRUE,6,12,0.5,6,11,0.545454545454545,0.667,TRUE,0,1,0,29,2,3,0,4,4,4,1,0,1,1,20,10,32.8,"https://stats.nba.com/media/img/teams/logos/season/2023-24/BOS_logo.svg","https://stats.nba.com/player/1630202","https://ak-static.cms.nba.com/wp-content/uploads/headshots/nba/latest/260x190/1630202.png","https://ak-static.cms.nba.com/wp-content/uploads/headshots/nba/latest/260x190/1630202.png","https://stats.nba.com/media/players/700/1630202.png","https://stats.nba.com/media/img/league/nba-headshot-fallback.png"
"265",8585,2024,"2023-24","NBA","Regular Season","2023-12-20",22300373,27,"Boston Celtics",1610612738,TRUE,FALSE,TRUE,"A","BOS @ SAC","BOS",0,2,"SAC","BOS","SAC","W","Kristaps Porziņģis",20,2,4,204001,TRUE,7,11,0.636,3,4,0.75,0.875,TRUE,4,7,0.571428571428571,29,7,8,2,7,9,2,0,6,3,3,24,22,52.8,"https://stats.nba.com/media/img/teams/logos/season/2023-24/BOS_logo.svg","https://stats.nba.com/player/204001","https://stats.nba.com/media/players/230x185/204001.png","https://ak-static.cms.nba.com/wp-content/uploads/headshots/nba/latest/260x190/204001.png","https://stats.nba.com/media/players/700/204001.png","https://ak-static.cms.nba.com/wp-content/uploads/headshots/nba/latest/260x190/204001.png"
"266",8623,2024,"2023-24","NBA","Regular Season","2023-12-20",22300373,27,"Boston Celtics",1610612738,TRUE,FALSE,TRUE,"A","BOS @ SAC","BOS",0,2,"SAC","BOS","SAC","W","Jaylen Brown",26,0,2,1627759,TRUE,11,21,0.524,0,3,0,0.857,TRUE,11,18,0.611111111111111,29,6,7,1,4,5,6,0,0,0,2,28,22,43,"https://stats.nba.com/media/img/teams/logos/season/2023-24/BOS_logo.svg","https://stats.nba.com/player/1627759","https://stats.nba.com/media/players/230x185/1627759.png","https://ak-static.cms.nba.com/wp-content/uploads/headshots/nba/latest/260x190/1627759.png","https://stats.nba.com/media/players/700/1627759.png","https://ak-static.cms.nba.com/wp-content/uploads/headshots/nba/latest/260x190/1627759.png"
"267",8624,2024,"2023-24","NBA","Regular Season","2023-12-20",22300373,27,"Boston Celtics",1610612738,TRUE,FALSE,TRUE,"A","BOS @ SAC","BOS",0,2,"SAC","BOS","SAC","W","Oshae Brissett",13,0,2,1629052,TRUE,1,1,1,1,1,1,NA,TRUE,0,0,0,17,0,0,2,3,5,2,0,0,0,0,3,4,12,"https://stats.nba.com/media/img/teams/logos/season/2023-24/BOS_logo.svg","https://stats.nba.com/player/1629052","https://ak-static.cms.nba.com/wp-content/uploads/headshots/nba/latest/260x190/1629052.png","https://ak-static.cms.nba.com/wp-content/uploads/headshots/nba/latest/260x190/1629052.png","https://stats.nba.com/media/players/700/1629052.png","https://stats.nba.com/media/img/league/nba-headshot-fallback.png"
"268",8625,2024,"2023-24","NBA","Regular Season","2023-12-20",22300373,27,"Boston Celtics",1610612738,TRUE,FALSE,TRUE,"A","BOS @ SAC","BOS",0,2,"SAC","BOS","SAC","W","Sam Hauser",27,0,2,1630573,TRUE,4,6,0.667,2,4,0.5,NA,TRUE,2,2,1,35,0,0,0,5,5,1,0,0,0,3,10,24,17.5,"https://stats.nba.com/media/img/teams/logos/season/2023-24/BOS_logo.svg","https://stats.nba.com/player/1630573","https://ak-static.cms.nba.com/wp-content/uploads/headshots/nba/latest/260x190/1630573.png","https://ak-static.cms.nba.com/wp-content/uploads/headshots/nba/latest/260x190/1630573.png","https://stats.nba.com/media/players/700/1630573.png","https://stats.nba.com/media/img/league/nba-headshot-fallback.png"
"269",8978,2024,"2023-24","NBA","Regular Season","2023-12-23",22300389,28,"Boston Celtics",1610612738,FALSE,FALSE,FALSE,"A","BOS @ LAC","BOS",2,1,"LAC","BOS","LAC","W","Derrick White",25,2,1,1628401,TRUE,5,12,0.417,3,10,0.3,1,TRUE,2,2,1,29,5,5,0,3,3,3,0,3,2,2,18,27,33.1,"https://stats.nba.com/media/img/teams/logos/season/2023-24/BOS_logo.svg","https://stats.nba.com/player/1628401","https://ak-static.cms.nba.com/wp-content/uploads/headshots/nba/latest/260x190/1628401.png","https://ak-static.cms.nba.com/wp-content/uploads/headshots/nba/latest/260x190/1628401.png","https://stats.nba.com/media/players/700/1628401.png","https://ak-static.cms.nba.com/wp-content/uploads/headshots/nba/latest/260x190/1628401.png"
"270",8979,2024,"2023-24","NBA","Regular Season","2023-12-23",22300389,28,"Boston Celtics",1610612738,FALSE,FALSE,FALSE,"A","BOS @ LAC","BOS",2,1,"LAC","BOS","LAC","W","Payton Pritchard",28,2,1,1630202,TRUE,3,8,0.375,3,5,0.6,NA,TRUE,0,3,0,23,0,0,1,3,4,3,0,0,0,3,9,13,18.3,"https://stats.nba.com/media/img/teams/logos/season/2023-24/BOS_logo.svg","https://stats.nba.com/player/1630202","https://ak-static.cms.nba.com/wp-content/uploads/headshots/nba/latest/260x190/1630202.png","https://ak-static.cms.nba.com/wp-content/uploads/headshots/nba/latest/260x190/1630202.png","https://stats.nba.com/media/players/700/1630202.png","https://stats.nba.com/media/img/league/nba-headshot-fallback.png"
"271",8980,2024,"2023-24","NBA","Regular Season","2023-12-23",22300389,28,"Boston Celtics",1610612738,FALSE,FALSE,FALSE,"A","BOS @ LAC","BOS",2,1,"LAC","BOS","LAC","W","JD Davison",1,120,120,1631120,TRUE,0,1,0,0,1,0,NA,TRUE,0,0,0,3,0,0,0,1,1,0,0,0,0,0,0,2,1.2,"https://stats.nba.com/media/img/teams/logos/season/2023-24/BOS_logo.svg","https://stats.nba.com/player/1631120","https://ak-static.cms.nba.com/wp-content/uploads/headshots/nba/latest/260x190/1631120.png","https://ak-static.cms.nba.com/wp-content/uploads/headshots/nba/latest/260x190/1631120.png","https://stats.nba.com/media/players/700/1631120.png","https://stats.nba.com/media/img/league/nba-headshot-fallback.png"
"272",9018,2024,"2023-24","NBA","Regular Season","2023-12-23",22300389,28,"Boston Celtics",1610612738,FALSE,FALSE,FALSE,"A","BOS @ LAC","BOS",2,1,"LAC","BOS","LAC","W","Al Horford",24,3,1,201143,TRUE,2,6,0.333,2,5,0.4,NA,TRUE,0,1,0,27,0,0,0,8,8,5,1,2,0,2,6,24,32.1,"https://stats.nba.com/media/img/teams/logos/season/2023-24/BOS_logo.svg","https://stats.nba.com/player/201143","https://stats.nba.com/media/players/230x185/201143.png","https://ak-static.cms.nba.com/wp-content/uploads/headshots/nba/latest/260x190/201143.png","https://stats.nba.com/media/players/700/201143.png","https://ak-static.cms.nba.com/wp-content/uploads/headshots/nba/latest/260x190/201143.png"
"273",9019,2024,"2023-24","NBA","Regular Season","2023-12-23",22300389,28,"Boston Celtics",1610612738,FALSE,FALSE,FALSE,"A","BOS @ LAC","BOS",2,1,"LAC","BOS","LAC","W","Dalano Banton",13,5,5,1630625,TRUE,1,1,1,0,0,0,NA,TRUE,1,1,1,4,0,0,0,0,0,1,0,0,0,0,2,6,3.5,"https://stats.nba.com/media/img/teams/logos/season/2023-24/BOS_logo.svg","https://stats.nba.com/player/1630625","https://ak-static.cms.nba.com/wp-content/uploads/headshots/nba/latest/260x190/1630625.png","https://ak-static.cms.nba.com/wp-content/uploads/headshots/nba/latest/260x190/1630625.png","https://stats.nba.com/media/players/700/1630625.png","https://stats.nba.com/media/img/league/nba-headshot-fallback.png"
"274",9071,2024,"2023-24","NBA","Regular Season","2023-12-23",22300389,28,"Boston Celtics",1610612738,FALSE,FALSE,FALSE,"A","BOS @ LAC","BOS",2,1,"LAC","BOS","LAC","W","Jaylen Brown",27,2,1,1627759,TRUE,9,17,0.529,3,6,0.5,0.75,TRUE,6,11,0.545454545454545,29,3,4,3,3,6,2,1,0,3,2,24,29,34.2,"https://stats.nba.com/media/img/teams/logos/season/2023-24/BOS_logo.svg","https://stats.nba.com/player/1627759","https://stats.nba.com/media/players/230x185/1627759.png","https://ak-static.cms.nba.com/wp-content/uploads/headshots/nba/latest/260x190/1627759.png","https://stats.nba.com/media/players/700/1627759.png","https://ak-static.cms.nba.com/wp-content/uploads/headshots/nba/latest/260x190/1627759.png"
"275",9072,2024,"2023-24","NBA","Regular Season","2023-12-23",22300389,28,"Boston Celtics",1610612738,FALSE,FALSE,FALSE,"A","BOS @ LAC","BOS",2,1,"LAC","BOS","LAC","W","Jayson Tatum",27,3,1,1628369,TRUE,9,16,0.563,5,10,0.5,0.778,TRUE,4,6,0.666666666666667,30,7,9,0,4,4,2,1,0,2,0,30,19,38.8,"https://stats.nba.com/media/img/teams/logos/season/2023-24/BOS_logo.svg","https://stats.nba.com/player/1628369","https://ak-static.cms.nba.com/wp-content/uploads/headshots/nba/latest/260x190/1628369.png","https://ak-static.cms.nba.com/wp-content/uploads/headshots/nba/latest/260x190/1628369.png","https://stats.nba.com/media/players/700/1628369.png","https://ak-static.cms.nba.com/wp-content/uploads/headshots/nba/latest/260x190/1628369.png"
"276",9073,2024,"2023-24","NBA","Regular Season","2023-12-23",22300389,28,"Boston Celtics",1610612738,FALSE,FALSE,FALSE,"A","BOS @ LAC","BOS",2,1,"LAC","BOS","LAC","W","Sam Hauser",28,2,1,1630573,TRUE,1,5,0.2,1,5,0.2,NA,TRUE,0,0,0,19,0,0,0,2,2,4,0,0,0,3,3,11,11.4,"https://stats.nba.com/media/img/teams/logos/season/2023-24/BOS_logo.svg","https://stats.nba.com/player/1630573","https://ak-static.cms.nba.com/wp-content/uploads/headshots/nba/latest/260x190/1630573.png","https://ak-static.cms.nba.com/wp-content/uploads/headshots/nba/latest/260x190/1630573.png","https://stats.nba.com/media/players/700/1630573.png","https://stats.nba.com/media/img/league/nba-headshot-fallback.png"
"277",9074,2024,"2023-24","NBA","Regular Season","2023-12-23",22300389,28,"Boston Celtics",1610612738,FALSE,FALSE,FALSE,"A","BOS @ LAC","BOS",2,1,"LAC","BOS","LAC","W","Drew Peterson",1,120,120,1641809,TRUE,1,1,1,1,1,1,NA,TRUE,0,0,0,3,0,0,0,0,0,1,0,0,0,1,3,2,4.5,"https://stats.nba.com/media/img/teams/logos/season/2023-24/BOS_logo.svg","https://stats.nba.com/player/1641809","https://ak-static.cms.nba.com/wp-content/uploads/headshots/nba/latest/260x190/1641809.png","https://ak-static.cms.nba.com/wp-content/uploads/headshots/nba/latest/260x190/1641809.png","https://stats.nba.com/media/players/700/1641809.png","https://stats.nba.com/media/img/league/nba-headshot-fallback.png"
"278",9123,2024,"2023-24","NBA","Regular Season","2023-12-23",22300389,28,"Boston Celtics",1610612738,FALSE,FALSE,FALSE,"A","BOS @ LAC","BOS",2,1,"LAC","BOS","LAC","W","Jrue Holiday",26,2,1,201950,TRUE,8,12,0.667,4,6,0.666666666666667,NA,TRUE,4,6,0.666666666666667,28,0,0,3,3,6,7,1,0,1,1,20,22,39.7,"https://stats.nba.com/media/img/teams/logos/season/2023-24/BOS_logo.svg","https://stats.nba.com/player/201950","https://stats.nba.com/media/players/230x185/201950.png","https://ak-static.cms.nba.com/wp-content/uploads/headshots/nba/latest/260x190/201950.png","https://stats.nba.com/media/players/700/201950.png","https://ak-static.cms.nba.com/wp-content/uploads/headshots/nba/latest/260x190/201950.png"
"279",9124,2024,"2023-24","NBA","Regular Season","2023-12-23",22300389,28,"Boston Celtics",1610612738,FALSE,FALSE,FALSE,"A","BOS @ LAC","BOS",2,1,"LAC","BOS","LAC","W","Oshae Brissett",14,2,4,1629052,TRUE,4,5,0.8,3,4,0.75,0.5,TRUE,1,1,1,18,1,2,1,2,3,1,0,0,0,0,12,12,17.1,"https://stats.nba.com/media/img/teams/logos/season/2023-24/BOS_logo.svg","https://stats.nba.com/player/1629052","https://ak-static.cms.nba.com/wp-content/uploads/headshots/nba/latest/260x190/1629052.png","https://ak-static.cms.nba.com/wp-content/uploads/headshots/nba/latest/260x190/1629052.png","https://stats.nba.com/media/players/700/1629052.png","https://stats.nba.com/media/img/league/nba-headshot-fallback.png"
"280",9125,2024,"2023-24","NBA","Regular Season","2023-12-23",22300389,28,"Boston Celtics",1610612738,FALSE,FALSE,FALSE,"A","BOS @ LAC","BOS",2,1,"LAC","BOS","LAC","W","Lamar Stevens",11,2,7,1630205,TRUE,2,3,0.667,0,0,0,NA,TRUE,2,3,0.666666666666667,5,0,0,1,1,2,1,0,0,0,0,4,4,7.9,"https://stats.nba.com/media/img/teams/logos/season/2023-24/BOS_logo.svg","https://stats.nba.com/player/1630205","https://ak-static.cms.nba.com/wp-content/uploads/headshots/nba/latest/260x190/1630205.png","https://ak-static.cms.nba.com/wp-content/uploads/headshots/nba/latest/260x190/1630205.png","https://stats.nba.com/media/players/700/1630205.png","https://stats.nba.com/media/img/league/nba-headshot-fallback.png"
"281",9181,2024,"2023-24","NBA","Regular Season","2023-12-23",22300389,28,"Boston Celtics",1610612738,FALSE,FALSE,FALSE,"A","BOS @ LAC","BOS",2,1,"LAC","BOS","LAC","W","Neemias Queta",8,2,1,1629674,TRUE,4,7,0.571,0,0,0,0.75,TRUE,4,7,0.571428571428571,23,6,8,6,6,12,3,0,0,1,5,14,14,31.9,"https://stats.nba.com/media/img/teams/logos/season/2023-24/BOS_logo.svg","https://stats.nba.com/player/1629674","https://ak-static.cms.nba.com/wp-content/uploads/headshots/nba/latest/260x190/1629674.png","https://ak-static.cms.nba.com/wp-content/uploads/headshots/nba/latest/260x190/1629674.png","https://stats.nba.com/media/players/700/1629674.png","https://stats.nba.com/media/img/league/nba-headshot-fallback.png"
"282",9254,2024,"2023-24","NBA","Regular Season","2023-12-25",22300403,29,"Boston Celtics",1610612738,FALSE,TRUE,FALSE,"A","BOS @ LAL","BOS",1,2,"LAL","BOS","LAL","W","Jaylen Brown",28,1,3,1627759,TRUE,7,17,0.412,1,5,0.2,0.571,TRUE,6,12,0.5,33,4,7,3,2,5,2,3,0,2,3,19,9,35,"https://stats.nba.com/media/img/teams/logos/season/2023-24/BOS_logo.svg","https://stats.nba.com/player/1627759","https://stats.nba.com/media/players/230x185/1627759.png","https://ak-static.cms.nba.com/wp-content/uploads/headshots/nba/latest/260x190/1627759.png","https://stats.nba.com/media/players/700/1627759.png","https://ak-static.cms.nba.com/wp-content/uploads/headshots/nba/latest/260x190/1627759.png"
"283",9255,2024,"2023-24","NBA","Regular Season","2023-12-25",22300403,29,"Boston Celtics",1610612738,FALSE,TRUE,FALSE,"A","BOS @ LAL","BOS",1,2,"LAL","BOS","LAL","W","Neemias Queta",9,1,2,1629674,TRUE,0,0,NA,0,0,0,NA,TRUE,0,0,0,7,0,0,0,1,1,1,1,0,0,3,0,-10,5.7,"https://stats.nba.com/media/img/teams/logos/season/2023-24/BOS_logo.svg","https://stats.nba.com/player/1629674","https://ak-static.cms.nba.com/wp-content/uploads/headshots/nba/latest/260x190/1629674.png","https://ak-static.cms.nba.com/wp-content/uploads/headshots/nba/latest/260x190/1629674.png","https://stats.nba.com/media/players/700/1629674.png","https://stats.nba.com/media/img/league/nba-headshot-fallback.png"
"284",9256,2024,"2023-24","NBA","Regular Season","2023-12-25",22300403,29,"Boston Celtics",1610612738,FALSE,TRUE,FALSE,"A","BOS @ LAL","BOS",1,2,"LAL","BOS","LAL","W","Payton Pritchard",29,1,2,1630202,TRUE,4,8,0.5,2,6,0.333333333333333,NA,TRUE,2,2,1,13,0,0,2,0,2,0,0,0,0,1,10,-5,12.4,"https://stats.nba.com/media/img/teams/logos/season/2023-24/BOS_logo.svg","https://stats.nba.com/player/1630202","https://ak-static.cms.nba.com/wp-content/uploads/headshots/nba/latest/260x190/1630202.png","https://ak-static.cms.nba.com/wp-content/uploads/headshots/nba/latest/260x190/1630202.png","https://stats.nba.com/media/players/700/1630202.png","https://stats.nba.com/media/img/league/nba-headshot-fallback.png"
"285",9273,2024,"2023-24","NBA","Regular Season","2023-12-25",22300403,29,"Boston Celtics",1610612738,FALSE,TRUE,FALSE,"A","BOS @ LAL","BOS",1,2,"LAL","BOS","LAL","W","Kristaps Porziņģis",21,4,2,204001,TRUE,11,19,0.579,2,8,0.25,0.571,TRUE,9,11,0.818181818181818,35,4,7,3,8,11,2,1,2,1,3,28,16,52.2,"https://stats.nba.com/media/img/teams/logos/season/2023-24/BOS_logo.svg","https://stats.nba.com/player/204001","https://stats.nba.com/media/players/230x185/204001.png","https://ak-static.cms.nba.com/wp-content/uploads/headshots/nba/latest/260x190/204001.png","https://stats.nba.com/media/players/700/204001.png","https://ak-static.cms.nba.com/wp-content/uploads/headshots/nba/latest/260x190/204001.png"
"286",9289,2024,"2023-24","NBA","Regular Season","2023-12-25",22300403,29,"Boston Celtics",1610612738,FALSE,TRUE,FALSE,"A","BOS @ LAL","BOS",1,2,"LAL","BOS","LAL","W","Jrue Holiday",27,1,2,201950,TRUE,7,10,0.7,3,5,0.6,1,TRUE,4,5,0.8,38,1,1,2,5,7,7,1,1,2,1,18,15,40.9,"https://stats.nba.com/media/img/teams/logos/season/2023-24/BOS_logo.svg","https://stats.nba.com/player/201950","https://stats.nba.com/media/players/230x185/201950.png","https://ak-static.cms.nba.com/wp-content/uploads/headshots/nba/latest/260x190/201950.png","https://stats.nba.com/media/players/700/201950.png","https://ak-static.cms.nba.com/wp-content/uploads/headshots/nba/latest/260x190/201950.png"
"287",9290,2024,"2023-24","NBA","Regular Season","2023-12-25",22300403,29,"Boston Celtics",1610612738,FALSE,TRUE,FALSE,"A","BOS @ LAL","BOS",1,2,"LAL","BOS","LAL","W","Jayson Tatum",28,1,2,1628369,TRUE,6,15,0.4,1,6,0.166666666666667,0.923,TRUE,5,9,0.555555555555556,41,12,13,0,8,8,7,0,1,1,0,25,10,47.1,"https://stats.nba.com/media/img/teams/logos/season/2023-24/BOS_logo.svg","https://stats.nba.com/player/1628369","https://ak-static.cms.nba.com/wp-content/uploads/headshots/nba/latest/260x190/1628369.png","https://ak-static.cms.nba.com/wp-content/uploads/headshots/nba/latest/260x190/1628369.png","https://stats.nba.com/media/players/700/1628369.png","https://ak-static.cms.nba.com/wp-content/uploads/headshots/nba/latest/260x190/1628369.png"
"288",9291,2024,"2023-24","NBA","Regular Season","2023-12-25",22300403,29,"Boston Celtics",1610612738,FALSE,TRUE,FALSE,"A","BOS @ LAL","BOS",1,2,"LAL","BOS","LAL","W","Sam Hauser",29,1,2,1630573,TRUE,1,5,0.2,0,4,0,NA,TRUE,1,1,1,15,0,0,1,1,2,0,0,0,0,0,2,3,4.4,"https://stats.nba.com/media/img/teams/logos/season/2023-24/BOS_logo.svg","https://stats.nba.com/player/1630573","https://ak-static.cms.nba.com/wp-content/uploads/headshots/nba/latest/260x190/1630573.png","https://ak-static.cms.nba.com/wp-content/uploads/headshots/nba/latest/260x190/1630573.png","https://stats.nba.com/media/players/700/1630573.png","https://stats.nba.com/media/img/league/nba-headshot-fallback.png"
"289",9310,2024,"2023-24","NBA","Regular Season","2023-12-25",22300403,29,"Boston Celtics",1610612738,FALSE,TRUE,FALSE,"A","BOS @ LAL","BOS",1,2,"LAL","BOS","LAL","W","Al Horford",25,1,2,201143,TRUE,2,4,0.5,2,4,0.5,NA,TRUE,0,0,0,23,0,0,0,6,6,1,0,1,0,3,6,1,17.7,"https://stats.nba.com/media/img/teams/logos/season/2023-24/BOS_logo.svg","https://stats.nba.com/player/201143","https://stats.nba.com/media/players/230x185/201143.png","https://ak-static.cms.nba.com/wp-content/uploads/headshots/nba/latest/260x190/201143.png","https://stats.nba.com/media/players/700/201143.png","https://ak-static.cms.nba.com/wp-content/uploads/headshots/nba/latest/260x190/201143.png"
"290",9311,2024,"2023-24","NBA","Regular Season","2023-12-25",22300403,29,"Boston Celtics",1610612738,FALSE,TRUE,FALSE,"A","BOS @ LAL","BOS",1,2,"LAL","BOS","LAL","W","Derrick White",26,1,2,1628401,TRUE,8,13,0.615,2,4,0.5,NA,TRUE,6,9,0.666666666666667,35,0,0,0,2,2,11,2,2,2,3,18,16,46.9,"https://stats.nba.com/media/img/teams/logos/season/2023-24/BOS_logo.svg","https://stats.nba.com/player/1628401","https://ak-static.cms.nba.com/wp-content/uploads/headshots/nba/latest/260x190/1628401.png","https://ak-static.cms.nba.com/wp-content/uploads/headshots/nba/latest/260x190/1628401.png","https://stats.nba.com/media/players/700/1628401.png","https://ak-static.cms.nba.com/wp-content/uploads/headshots/nba/latest/260x190/1628401.png"
"291",9692,2024,"2023-24","NBA","Regular Season","2023-12-28",22300421,30,"Boston Celtics",1610612738,TRUE,FALSE,FALSE,"H","BOS vs. DET","BOS",2,0,"DET","BOS","DET","W","Al Horford",26,2,2,201143,TRUE,3,4,0.75,2,3,0.666666666666667,NA,TRUE,1,1,1,37,0,0,2,3,5,3,1,1,1,1,8,10,23.5,"https://stats.nba.com/media/img/teams/logos/season/2023-24/BOS_logo.svg","https://stats.nba.com/player/201143","https://stats.nba.com/media/players/230x185/201143.png","https://ak-static.cms.nba.com/wp-content/uploads/headshots/nba/latest/260x190/201143.png","https://stats.nba.com/media/players/700/201143.png","https://ak-static.cms.nba.com/wp-content/uploads/headshots/nba/latest/260x190/201143.png"
"292",9693,2024,"2023-24","NBA","Regular Season","2023-12-28",22300421,30,"Boston Celtics",1610612738,TRUE,FALSE,FALSE,"H","BOS vs. DET","BOS",2,0,"DET","BOS","DET","W","Jrue Holiday",28,2,0,201950,TRUE,4,9,0.444,0,2,0,0.8,TRUE,4,7,0.571428571428571,44,4,5,2,7,9,3,1,1,3,1,12,1,30.3,"https://stats.nba.com/media/img/teams/logos/season/2023-24/BOS_logo.svg","https://stats.nba.com/player/201950","https://stats.nba.com/media/players/230x185/201950.png","https://ak-static.cms.nba.com/wp-content/uploads/headshots/nba/latest/260x190/201950.png","https://stats.nba.com/media/players/700/201950.png","https://ak-static.cms.nba.com/wp-content/uploads/headshots/nba/latest/260x190/201950.png"
"293",9694,2024,"2023-24","NBA","Regular Season","2023-12-28",22300421,30,"Boston Celtics",1610612738,TRUE,FALSE,FALSE,"H","BOS vs. DET","BOS",2,0,"DET","BOS","DET","W","Sam Hauser",30,2,0,1630573,TRUE,2,6,0.333,1,4,0.25,NA,TRUE,1,2,0.5,18,0,0,1,2,3,1,0,0,1,0,5,-8,9.1,"https://stats.nba.com/media/img/teams/logos/season/2023-24/BOS_logo.svg","https://stats.nba.com/player/1630573","https://ak-static.cms.nba.com/wp-content/uploads/headshots/nba/latest/260x190/1630573.png","https://ak-static.cms.nba.com/wp-content/uploads/headshots/nba/latest/260x190/1630573.png","https://stats.nba.com/media/players/700/1630573.png","https://stats.nba.com/media/img/league/nba-headshot-fallback.png"
"294",9722,2024,"2023-24","NBA","Regular Season","2023-12-28",22300421,30,"Boston Celtics",1610612738,TRUE,FALSE,FALSE,"H","BOS vs. DET","BOS",2,0,"DET","BOS","DET","W","Payton Pritchard",30,2,0,1630202,TRUE,4,11,0.364,1,6,0.166666666666667,NA,TRUE,3,5,0.6,24,0,0,2,2,4,2,1,0,1,0,9,-9,18.8,"https://stats.nba.com/media/img/teams/logos/season/2023-24/BOS_logo.svg","https://stats.nba.com/player/1630202","https://ak-static.cms.nba.com/wp-content/uploads/headshots/nba/latest/260x190/1630202.png","https://ak-static.cms.nba.com/wp-content/uploads/headshots/nba/latest/260x190/1630202.png","https://stats.nba.com/media/players/700/1630202.png","https://stats.nba.com/media/img/league/nba-headshot-fallback.png"
"295",9750,2024,"2023-24","NBA","Regular Season","2023-12-28",22300421,30,"Boston Celtics",1610612738,TRUE,FALSE,FALSE,"H","BOS vs. DET","BOS",2,0,"DET","BOS","DET","W","Kristaps Porziņģis",22,2,2,204001,TRUE,13,21,0.619,3,9,0.333333333333333,0.857,TRUE,10,12,0.833333333333333,36,6,7,0,8,8,1,1,0,1,4,35,12,48.1,"https://stats.nba.com/media/img/teams/logos/season/2023-24/BOS_logo.svg","https://stats.nba.com/player/204001","https://stats.nba.com/media/players/230x185/204001.png","https://ak-static.cms.nba.com/wp-content/uploads/headshots/nba/latest/260x190/204001.png","https://stats.nba.com/media/players/700/204001.png","https://ak-static.cms.nba.com/wp-content/uploads/headshots/nba/latest/260x190/204001.png"
"296",9751,2024,"2023-24","NBA","Regular Season","2023-12-28",22300421,30,"Boston Celtics",1610612738,TRUE,FALSE,FALSE,"H","BOS vs. DET","BOS",2,0,"DET","BOS","DET","W","Jayson Tatum",29,2,2,1628369,TRUE,11,31,0.355,2,11,0.181818181818182,0.875,TRUE,9,20,0.45,43,7,8,2,5,7,10,5,0,3,4,31,10,66.4,"https://stats.nba.com/media/img/teams/logos/season/2023-24/BOS_logo.svg","https://stats.nba.com/player/1628369","https://ak-static.cms.nba.com/wp-content/uploads/headshots/nba/latest/260x190/1628369.png","https://ak-static.cms.nba.com/wp-content/uploads/headshots/nba/latest/260x190/1628369.png","https://stats.nba.com/media/players/700/1628369.png","https://ak-static.cms.nba.com/wp-content/uploads/headshots/nba/latest/260x190/1628369.png"
"297",9776,2024,"2023-24","NBA","Regular Season","2023-12-28",22300421,30,"Boston Celtics",1610612738,TRUE,FALSE,FALSE,"H","BOS vs. DET","BOS",2,0,"DET","BOS","DET","W","Oshae Brissett",15,4,0,1629052,TRUE,0,0,NA,0,0,0,NA,TRUE,0,0,0,6,0,0,1,0,1,0,0,0,0,0,0,9,1.2,"https://stats.nba.com/media/img/teams/logos/season/2023-24/BOS_logo.svg","https://stats.nba.com/player/1629052","https://ak-static.cms.nba.com/wp-content/uploads/headshots/nba/latest/260x190/1629052.png","https://ak-static.cms.nba.com/wp-content/uploads/headshots/nba/latest/260x190/1629052.png","https://stats.nba.com/media/players/700/1629052.png","https://stats.nba.com/media/img/league/nba-headshot-fallback.png"
"298",9845,2024,"2023-24","NBA","Regular Season","2023-12-28",22300421,30,"Boston Celtics",1610612738,TRUE,FALSE,FALSE,"H","BOS vs. DET","BOS",2,0,"DET","BOS","DET","W","Derrick White",27,2,0,1628401,TRUE,9,15,0.6,2,4,0.5,1,TRUE,7,11,0.636363636363636,38,3,3,1,3,4,5,0,2,2,1,23,8,39.3,"https://stats.nba.com/media/img/teams/logos/season/2023-24/BOS_logo.svg","https://stats.nba.com/player/1628401","https://ak-static.cms.nba.com/wp-content/uploads/headshots/nba/latest/260x190/1628401.png","https://ak-static.cms.nba.com/wp-content/uploads/headshots/nba/latest/260x190/1628401.png","https://stats.nba.com/media/players/700/1628401.png","https://ak-static.cms.nba.com/wp-content/uploads/headshots/nba/latest/260x190/1628401.png"
"299",9846,2024,"2023-24","NBA","Regular Season","2023-12-28",22300421,30,"Boston Celtics",1610612738,TRUE,FALSE,FALSE,"H","BOS vs. DET","BOS",2,0,"DET","BOS","DET","W","Neemias Queta",10,2,0,1629674,TRUE,2,2,1,0,0,0,0.5,TRUE,2,2,1,20,1,2,0,2,2,0,1,0,0,4,5,-3,10.4,"https://stats.nba.com/media/img/teams/logos/season/2023-24/BOS_logo.svg","https://stats.nba.com/player/1629674","https://ak-static.cms.nba.com/wp-content/uploads/headshots/nba/latest/260x190/1629674.png","https://ak-static.cms.nba.com/wp-content/uploads/headshots/nba/latest/260x190/1629674.png","https://stats.nba.com/media/players/700/1629674.png","https://stats.nba.com/media/img/league/nba-headshot-fallback.png"
"300",9863,2024,"2023-24","NBA","Regular Season","2023-12-29",22300432,31,"Boston Celtics",1610612738,TRUE,FALSE,TRUE,"H","BOS vs. TOR","BOS",0,1,"TOR","BOS","TOR","W","Neemias Queta",11,0,1,1629674,TRUE,3,3,1,0,0,0,NA,TRUE,3,3,1,14,0,0,1,4,5,1,0,0,0,0,6,3,13.5,"https://stats.nba.com/media/img/teams/logos/season/2023-24/BOS_logo.svg","https://stats.nba.com/player/1629674","https://ak-static.cms.nba.com/wp-content/uploads/headshots/nba/latest/260x190/1629674.png","https://ak-static.cms.nba.com/wp-content/uploads/headshots/nba/latest/260x190/1629674.png","https://stats.nba.com/media/players/700/1629674.png","https://stats.nba.com/media/img/league/nba-headshot-fallback.png"
"301",9900,2024,"2023-24","NBA","Regular Season","2023-12-29",22300432,31,"Boston Celtics",1610612738,TRUE,FALSE,TRUE,"H","BOS vs. TOR","BOS",0,1,"TOR","BOS","TOR","W","Dalano Banton",14,5,1,1630625,TRUE,1,1,1,0,0,0,NA,TRUE,1,1,1,2,0,0,0,0,0,0,0,0,1,0,2,-4,1,"https://stats.nba.com/media/img/teams/logos/season/2023-24/BOS_logo.svg","https://stats.nba.com/player/1630625","https://ak-static.cms.nba.com/wp-content/uploads/headshots/nba/latest/260x190/1630625.png","https://ak-static.cms.nba.com/wp-content/uploads/headshots/nba/latest/260x190/1630625.png","https://stats.nba.com/media/players/700/1630625.png","https://stats.nba.com/media/img/league/nba-headshot-fallback.png"
"302",9938,2024,"2023-24","NBA","Regular Season","2023-12-29",22300432,31,"Boston Celtics",1610612738,TRUE,FALSE,TRUE,"H","BOS vs. TOR","BOS",0,1,"TOR","BOS","TOR","W","Derrick White",28,0,1,1628401,TRUE,5,19,0.263,2,10,0.2,1,TRUE,3,9,0.333333333333333,36,9,9,1,4,5,7,3,2,3,2,21,7,49.5,"https://stats.nba.com/media/img/teams/logos/season/2023-24/BOS_logo.svg","https://stats.nba.com/player/1628401","https://ak-static.cms.nba.com/wp-content/uploads/headshots/nba/latest/260x190/1628401.png","https://ak-static.cms.nba.com/wp-content/uploads/headshots/nba/latest/260x190/1628401.png","https://stats.nba.com/media/players/700/1628401.png","https://ak-static.cms.nba.com/wp-content/uploads/headshots/nba/latest/260x190/1628401.png"
"303",9939,2024,"2023-24","NBA","Regular Season","2023-12-29",22300432,31,"Boston Celtics",1610612738,TRUE,FALSE,TRUE,"H","BOS vs. TOR","BOS",0,1,"TOR","BOS","TOR","W","Payton Pritchard",31,0,1,1630202,TRUE,3,10,0.3,3,8,0.375,NA,TRUE,0,2,0,25,0,0,3,2,5,6,0,0,2,3,9,-3,22,"https://stats.nba.com/media/img/teams/logos/season/2023-24/BOS_logo.svg","https://stats.nba.com/player/1630202","https://ak-static.cms.nba.com/wp-content/uploads/headshots/nba/latest/260x190/1630202.png","https://ak-static.cms.nba.com/wp-content/uploads/headshots/nba/latest/260x190/1630202.png","https://stats.nba.com/media/players/700/1630202.png","https://stats.nba.com/media/img/league/nba-headshot-fallback.png"
"304",9940,2024,"2023-24","NBA","Regular Season","2023-12-29",22300432,31,"Boston Celtics",1610612738,TRUE,FALSE,TRUE,"H","BOS vs. TOR","BOS",0,1,"TOR","BOS","TOR","W","Sam Hauser",31,0,1,1630573,TRUE,3,7,0.429,3,7,0.428571428571429,NA,TRUE,0,0,0,34,0,0,0,9,9,1,0,1,0,2,9,-8,24.3,"https://stats.nba.com/media/img/teams/logos/season/2023-24/BOS_logo.svg","https://stats.nba.com/player/1630573","https://ak-static.cms.nba.com/wp-content/uploads/headshots/nba/latest/260x190/1630573.png","https://ak-static.cms.nba.com/wp-content/uploads/headshots/nba/latest/260x190/1630573.png","https://stats.nba.com/media/players/700/1630573.png","https://stats.nba.com/media/img/league/nba-headshot-fallback.png"
"305",9977,2024,"2023-24","NBA","Regular Season","2023-12-29",22300432,31,"Boston Celtics",1610612738,TRUE,FALSE,TRUE,"H","BOS vs. TOR","BOS",0,1,"TOR","BOS","TOR","W","Jrue Holiday",29,0,3,201950,TRUE,5,15,0.333,3,5,0.6,0.5,TRUE,2,10,0.2,32,2,4,0,2,2,3,0,0,1,1,15,8,20.9,"https://stats.nba.com/media/img/teams/logos/season/2023-24/BOS_logo.svg","https://stats.nba.com/player/201950","https://stats.nba.com/media/players/230x185/201950.png","https://ak-static.cms.nba.com/wp-content/uploads/headshots/nba/latest/260x190/201950.png","https://stats.nba.com/media/players/700/201950.png","https://ak-static.cms.nba.com/wp-content/uploads/headshots/nba/latest/260x190/201950.png"
"306",9978,2024,"2023-24","NBA","Regular Season","2023-12-29",22300432,31,"Boston Celtics",1610612738,TRUE,FALSE,TRUE,"H","BOS vs. TOR","BOS",0,1,"TOR","BOS","TOR","W","Luke Kornet",18,16,1,1628436,TRUE,9,11,0.818,0,0,0,1,TRUE,9,11,0.818181818181818,33,2,2,5,3,8,3,0,3,1,3,20,-2,42.1,"https://stats.nba.com/media/img/teams/logos/season/2023-24/BOS_logo.svg","https://stats.nba.com/player/1628436","https://ak-static.cms.nba.com/wp-content/uploads/headshots/nba/latest/260x190/1628436.png","https://ak-static.cms.nba.com/wp-content/uploads/headshots/nba/latest/260x190/1628436.png","https://stats.nba.com/media/players/700/1628436.png","https://ak-static.cms.nba.com/wp-content/uploads/headshots/nba/latest/260x190/1628436.png"
"307",9979,2024,"2023-24","NBA","Regular Season","2023-12-29",22300432,31,"Boston Celtics",1610612738,TRUE,FALSE,TRUE,"H","BOS vs. TOR","BOS",0,1,"TOR","BOS","TOR","W","Svi Mykhailiuk",12,8,1,1629004,TRUE,2,3,0.667,1,2,0.5,NA,TRUE,1,1,1,7,0,0,0,1,1,1,0,0,0,2,5,-6,7.7,"https://stats.nba.com/media/img/teams/logos/season/2023-24/BOS_logo.svg","https://stats.nba.com/player/1629004","https://ak-static.cms.nba.com/wp-content/uploads/headshots/nba/latest/260x190/1629004.png","https://ak-static.cms.nba.com/wp-content/uploads/headshots/nba/latest/260x190/1629004.png","https://stats.nba.com/media/players/700/1629004.png","https://ak-static.cms.nba.com/wp-content/uploads/headshots/nba/latest/260x190/1629004.png"
"308",9980,2024,"2023-24","NBA","Regular Season","2023-12-29",22300432,31,"Boston Celtics",1610612738,TRUE,FALSE,TRUE,"H","BOS vs. TOR","BOS",0,1,"TOR","BOS","TOR","W","Oshae Brissett",16,0,1,1629052,TRUE,1,3,0.333,0,1,0,NA,TRUE,1,2,0.5,15,0,0,2,5,7,1,0,0,1,0,2,3,10.9,"https://stats.nba.com/media/img/teams/logos/season/2023-24/BOS_logo.svg","https://stats.nba.com/player/1629052","https://ak-static.cms.nba.com/wp-content/uploads/headshots/nba/latest/260x190/1629052.png","https://ak-static.cms.nba.com/wp-content/uploads/headshots/nba/latest/260x190/1629052.png","https://stats.nba.com/media/players/700/1629052.png","https://stats.nba.com/media/img/league/nba-headshot-fallback.png"
"309",10017,2024,"2023-24","NBA","Regular Season","2023-12-29",22300432,31,"Boston Celtics",1610612738,TRUE,FALSE,TRUE,"H","BOS vs. TOR","BOS",0,1,"TOR","BOS","TOR","W","Jaylen Brown",29,3,1,1627759,TRUE,11,16,0.688,5,6,0.833333333333333,0.8,TRUE,6,10,0.6,41,4,5,1,9,10,6,0,0,7,4,31,12,45,"https://stats.nba.com/media/img/teams/logos/season/2023-24/BOS_logo.svg","https://stats.nba.com/player/1627759","https://stats.nba.com/media/players/230x185/1627759.png","https://ak-static.cms.nba.com/wp-content/uploads/headshots/nba/latest/260x190/1627759.png","https://stats.nba.com/media/players/700/1627759.png","https://ak-static.cms.nba.com/wp-content/uploads/headshots/nba/latest/260x190/1627759.png"
"310",10187,2024,"2023-24","NBA","Regular Season","2023-12-31",22300448,32,"Boston Celtics",1610612738,FALSE,FALSE,FALSE,"A","BOS @ SAS","BOS",1,1,"SAS","BOS","SAS","W","Lamar Stevens",12,7,4,1630205,TRUE,1,1,1,0,0,0,NA,TRUE,1,1,1,7,0,0,0,2,2,2,0,0,0,0,2,-1,7.4,"https://stats.nba.com/media/img/teams/logos/season/2023-24/BOS_logo.svg","https://stats.nba.com/player/1630205","https://ak-static.cms.nba.com/wp-content/uploads/headshots/nba/latest/260x190/1630205.png","https://ak-static.cms.nba.com/wp-content/uploads/headshots/nba/latest/260x190/1630205.png","https://stats.nba.com/media/players/700/1630205.png","https://stats.nba.com/media/img/league/nba-headshot-fallback.png"
"311",10188,2024,"2023-24","NBA","Regular Season","2023-12-31",22300448,32,"Boston Celtics",1610612738,FALSE,FALSE,FALSE,"A","BOS @ SAS","BOS",1,1,"SAS","BOS","SAS","W","Sam Hauser",32,1,1,1630573,TRUE,4,6,0.667,3,5,0.6,NA,TRUE,1,1,1,20,0,0,0,4,4,1,0,0,1,2,11,15,16.3,"https://stats.nba.com/media/img/teams/logos/season/2023-24/BOS_logo.svg","https://stats.nba.com/player/1630573","https://ak-static.cms.nba.com/wp-content/uploads/headshots/nba/latest/260x190/1630573.png","https://ak-static.cms.nba.com/wp-content/uploads/headshots/nba/latest/260x190/1630573.png","https://stats.nba.com/media/players/700/1630573.png","https://stats.nba.com/media/img/league/nba-headshot-fallback.png"
"312",10210,2024,"2023-24","NBA","Regular Season","2023-12-31",22300448,32,"Boston Celtics",1610612738,FALSE,FALSE,FALSE,"A","BOS @ SAS","BOS",1,1,"SAS","BOS","SAS","W","Al Horford",27,2,1,201143,TRUE,3,5,0.6,1,3,0.333333333333333,NA,TRUE,2,2,1,20,0,0,1,6,7,4,0,0,0,0,7,17,21.4,"https://stats.nba.com/media/img/teams/logos/season/2023-24/BOS_logo.svg","https://stats.nba.com/player/201143","https://stats.nba.com/media/players/230x185/201143.png","https://ak-static.cms.nba.com/wp-content/uploads/headshots/nba/latest/260x190/201143.png","https://stats.nba.com/media/players/700/201143.png","https://ak-static.cms.nba.com/wp-content/uploads/headshots/nba/latest/260x190/201143.png"
"313",10211,2024,"2023-24","NBA","Regular Season","2023-12-31",22300448,32,"Boston Celtics",1610612738,FALSE,FALSE,FALSE,"A","BOS @ SAS","BOS",1,1,"SAS","BOS","SAS","W","Derrick White",29,1,1,1628401,TRUE,7,11,0.636,3,6,0.5,NA,TRUE,4,5,0.8,26,0,0,1,2,3,5,0,0,0,1,17,24,28.1,"https://stats.nba.com/media/img/teams/logos/season/2023-24/BOS_logo.svg","https://stats.nba.com/player/1628401","https://ak-static.cms.nba.com/wp-content/uploads/headshots/nba/latest/260x190/1628401.png","https://ak-static.cms.nba.com/wp-content/uploads/headshots/nba/latest/260x190/1628401.png","https://stats.nba.com/media/players/700/1628401.png","https://ak-static.cms.nba.com/wp-content/uploads/headshots/nba/latest/260x190/1628401.png"
"314",10212,2024,"2023-24","NBA","Regular Season","2023-12-31",22300448,32,"Boston Celtics",1610612738,FALSE,FALSE,FALSE,"A","BOS @ SAS","BOS",1,1,"SAS","BOS","SAS","W","Dalano Banton",15,1,4,1630625,TRUE,0,2,0,0,0,0,1,TRUE,0,2,0,11,4,4,1,3,4,1,0,0,2,2,4,-3,8.3,"https://stats.nba.com/media/img/teams/logos/season/2023-24/BOS_logo.svg","https://stats.nba.com/player/1630625","https://ak-static.cms.nba.com/wp-content/uploads/headshots/nba/latest/260x190/1630625.png","https://ak-static.cms.nba.com/wp-content/uploads/headshots/nba/latest/260x190/1630625.png","https://stats.nba.com/media/players/700/1630625.png","https://stats.nba.com/media/img/league/nba-headshot-fallback.png"
"315",10239,2024,"2023-24","NBA","Regular Season","2023-12-31",22300448,32,"Boston Celtics",1610612738,FALSE,FALSE,FALSE,"A","BOS @ SAS","BOS",1,1,"SAS","BOS","SAS","W","Jaylen Brown",30,1,1,1627759,TRUE,9,13,0.692,2,2,1,0.667,TRUE,7,11,0.636363636363636,26,4,6,1,5,6,3,2,0,2,0,24,26,39.7,"https://stats.nba.com/media/img/teams/logos/season/2023-24/BOS_logo.svg","https://stats.nba.com/player/1627759","https://stats.nba.com/media/players/230x185/1627759.png","https://ak-static.cms.nba.com/wp-content/uploads/headshots/nba/latest/260x190/1627759.png","https://stats.nba.com/media/players/700/1627759.png","https://ak-static.cms.nba.com/wp-content/uploads/headshots/nba/latest/260x190/1627759.png"
"316",10240,2024,"2023-24","NBA","Regular Season","2023-12-31",22300448,32,"Boston Celtics",1610612738,FALSE,FALSE,FALSE,"A","BOS @ SAS","BOS",1,1,"SAS","BOS","SAS","W","Svi Mykhailiuk",13,1,4,1629004,TRUE,0,4,0,0,4,0,NA,TRUE,0,0,0,8,0,0,0,1,1,0,1,0,1,1,0,-4,3.2,"https://stats.nba.com/media/img/teams/logos/season/2023-24/BOS_logo.svg","https://stats.nba.com/player/1629004","https://ak-static.cms.nba.com/wp-content/uploads/headshots/nba/latest/260x190/1629004.png","https://ak-static.cms.nba.com/wp-content/uploads/headshots/nba/latest/260x190/1629004.png","https://stats.nba.com/media/players/700/1629004.png","https://ak-static.cms.nba.com/wp-content/uploads/headshots/nba/latest/260x190/1629004.png"
"317",10261,2024,"2023-24","NBA","Regular Season","2023-12-31",22300448,32,"Boston Celtics",1610612738,FALSE,FALSE,FALSE,"A","BOS @ SAS","BOS",1,1,"SAS","BOS","SAS","W","Kristaps Porziņģis",23,2,1,204001,TRUE,4,14,0.286,0,7,0,1,TRUE,4,7,0.571428571428571,30,6,6,1,8,9,2,1,2,1,2,14,33,35.8,"https://stats.nba.com/media/img/teams/logos/season/2023-24/BOS_logo.svg","https://stats.nba.com/player/204001","https://stats.nba.com/media/players/230x185/204001.png","https://ak-static.cms.nba.com/wp-content/uploads/headshots/nba/latest/260x190/204001.png","https://stats.nba.com/media/players/700/204001.png","https://ak-static.cms.nba.com/wp-content/uploads/headshots/nba/latest/260x190/204001.png"
"318",10262,2024,"2023-24","NBA","Regular Season","2023-12-31",22300448,32,"Boston Celtics",1610612738,FALSE,FALSE,FALSE,"A","BOS @ SAS","BOS",1,1,"SAS","BOS","SAS","W","Luke Kornet",19,1,1,1628436,TRUE,5,7,0.714,0,0,0,1,TRUE,5,7,0.714285714285714,16,2,2,3,1,4,2,0,2,0,1,12,6,25.8,"https://stats.nba.com/media/img/teams/logos/season/2023-24/BOS_logo.svg","https://stats.nba.com/player/1628436","https://ak-static.cms.nba.com/wp-content/uploads/headshots/nba/latest/260x190/1628436.png","https://ak-static.cms.nba.com/wp-content/uploads/headshots/nba/latest/260x190/1628436.png","https://stats.nba.com/media/players/700/1628436.png","https://ak-static.cms.nba.com/wp-content/uploads/headshots/nba/latest/260x190/1628436.png"
"319",10263,2024,"2023-24","NBA","Regular Season","2023-12-31",22300448,32,"Boston Celtics",1610612738,FALSE,FALSE,FALSE,"A","BOS @ SAS","BOS",1,1,"SAS","BOS","SAS","W","Oshae Brissett",17,1,4,1629052,TRUE,2,5,0.4,0,0,0,0,TRUE,2,5,0.4,21,0,1,3,3,6,0,2,0,0,2,4,9,17.2,"https://stats.nba.com/media/img/teams/logos/season/2023-24/BOS_logo.svg","https://stats.nba.com/player/1629052","https://ak-static.cms.nba.com/wp-content/uploads/headshots/nba/latest/260x190/1629052.png","https://ak-static.cms.nba.com/wp-content/uploads/headshots/nba/latest/260x190/1629052.png","https://stats.nba.com/media/players/700/1629052.png","https://stats.nba.com/media/img/league/nba-headshot-fallback.png"
"320",10294,2024,"2023-24","NBA","Regular Season","2023-12-31",22300448,32,"Boston Celtics",1610612738,FALSE,FALSE,FALSE,"A","BOS @ SAS","BOS",1,1,"SAS","BOS","SAS","W","Neemias Queta",12,1,4,1629674,TRUE,2,2,1,0,0,0,1,TRUE,2,2,1,5,1,1,0,2,2,0,0,1,0,0,5,1,10.4,"https://stats.nba.com/media/img/teams/logos/season/2023-24/BOS_logo.svg","https://stats.nba.com/player/1629674","https://ak-static.cms.nba.com/wp-content/uploads/headshots/nba/latest/260x190/1629674.png","https://ak-static.cms.nba.com/wp-content/uploads/headshots/nba/latest/260x190/1629674.png","https://stats.nba.com/media/players/700/1629674.png","https://stats.nba.com/media/img/league/nba-headshot-fallback.png"
"321",10295,2024,"2023-24","NBA","Regular Season","2023-12-31",22300448,32,"Boston Celtics",1610612738,FALSE,FALSE,FALSE,"A","BOS @ SAS","BOS",1,1,"SAS","BOS","SAS","W","Payton Pritchard",32,1,1,1630202,TRUE,4,8,0.5,1,5,0.2,0,TRUE,3,3,1,19,0,2,1,2,3,7,0,0,0,0,9,10,23.1,"https://stats.nba.com/media/img/teams/logos/season/2023-24/BOS_logo.svg","https://stats.nba.com/player/1630202","https://ak-static.cms.nba.com/wp-content/uploads/headshots/nba/latest/260x190/1630202.png","https://ak-static.cms.nba.com/wp-content/uploads/headshots/nba/latest/260x190/1630202.png","https://stats.nba.com/media/players/700/1630202.png","https://stats.nba.com/media/img/league/nba-headshot-fallback.png"
"322",10312,2024,"2023-24","NBA","Regular Season","2023-12-31",22300448,32,"Boston Celtics",1610612738,FALSE,FALSE,FALSE,"A","BOS @ SAS","BOS",1,1,"SAS","BOS","SAS","W","Jayson Tatum",30,2,1,1628369,TRUE,10,17,0.588,5,10,0.5,NA,TRUE,5,7,0.714285714285714,31,0,0,1,5,6,2,0,2,3,1,25,32,38.2,"https://stats.nba.com/media/img/teams/logos/season/2023-24/BOS_logo.svg","https://stats.nba.com/player/1628369","https://ak-static.cms.nba.com/wp-content/uploads/headshots/nba/latest/260x190/1628369.png","https://ak-static.cms.nba.com/wp-content/uploads/headshots/nba/latest/260x190/1628369.png","https://stats.nba.com/media/players/700/1628369.png","https://ak-static.cms.nba.com/wp-content/uploads/headshots/nba/latest/260x190/1628369.png"
"323",10499,2024,"2023-24","NBA","Regular Season","2024-01-02",22300462,33,"Boston Celtics",1610612738,FALSE,TRUE,FALSE,"A","BOS @ OKC","BOS",1,2,"OKC","OKC","BOS","L","Jrue Holiday",30,3,2,201950,FALSE,2,8,0.25,2,5,0.4,0.5,TRUE,0,3,0,31,1,2,1,4,5,7,1,0,3,1,7,-15,23.5,"https://stats.nba.com/media/img/teams/logos/season/2023-24/BOS_logo.svg","https://stats.nba.com/player/201950","https://stats.nba.com/media/players/230x185/201950.png","https://ak-static.cms.nba.com/wp-content/uploads/headshots/nba/latest/260x190/201950.png","https://stats.nba.com/media/players/700/201950.png","https://ak-static.cms.nba.com/wp-content/uploads/headshots/nba/latest/260x190/201950.png"
"324",10500,2024,"2023-24","NBA","Regular Season","2024-01-02",22300462,33,"Boston Celtics",1610612738,FALSE,TRUE,FALSE,"A","BOS @ OKC","BOS",1,2,"OKC","OKC","BOS","L","Derrick White",30,1,2,1628401,FALSE,7,12,0.583,5,9,0.555555555555556,NA,TRUE,2,3,0.666666666666667,29,0,0,0,5,5,6,1,1,2,4,19,5,38,"https://stats.nba.com/media/img/teams/logos/season/2023-24/BOS_logo.svg","https://stats.nba.com/player/1628401","https://ak-static.cms.nba.com/wp-content/uploads/headshots/nba/latest/260x190/1628401.png","https://ak-static.cms.nba.com/wp-content/uploads/headshots/nba/latest/260x190/1628401.png","https://stats.nba.com/media/players/700/1628401.png","https://ak-static.cms.nba.com/wp-content/uploads/headshots/nba/latest/260x190/1628401.png"
"325",10501,2024,"2023-24","NBA","Regular Season","2024-01-02",22300462,33,"Boston Celtics",1610612738,FALSE,TRUE,FALSE,"A","BOS @ OKC","BOS",1,2,"OKC","OKC","BOS","L","Payton Pritchard",33,1,2,1630202,FALSE,2,5,0.4,1,4,0.25,NA,TRUE,1,1,1,25,0,0,1,2,3,4,2,0,0,1,5,9,20.6,"https://stats.nba.com/media/img/teams/logos/season/2023-24/BOS_logo.svg","https://stats.nba.com/player/1630202","https://ak-static.cms.nba.com/wp-content/uploads/headshots/nba/latest/260x190/1630202.png","https://ak-static.cms.nba.com/wp-content/uploads/headshots/nba/latest/260x190/1630202.png","https://stats.nba.com/media/players/700/1630202.png","https://stats.nba.com/media/img/league/nba-headshot-fallback.png"
"326",10532,2024,"2023-24","NBA","Regular Season","2024-01-02",22300462,33,"Boston Celtics",1610612738,FALSE,TRUE,FALSE,"A","BOS @ OKC","BOS",1,2,"OKC","OKC","BOS","L","Al Horford",28,1,3,201143,FALSE,3,5,0.6,1,3,0.333333333333333,NA,TRUE,2,2,1,20,0,0,0,2,2,3,1,5,0,0,7,-13,31.9,"https://stats.nba.com/media/img/teams/logos/season/2023-24/BOS_logo.svg","https://stats.nba.com/player/201143","https://stats.nba.com/media/players/230x185/201143.png","https://ak-static.cms.nba.com/wp-content/uploads/headshots/nba/latest/260x190/201143.png","https://stats.nba.com/media/players/700/201143.png","https://ak-static.cms.nba.com/wp-content/uploads/headshots/nba/latest/260x190/201143.png"
"327",10553,2024,"2023-24","NBA","Regular Season","2024-01-02",22300462,33,"Boston Celtics",1610612738,FALSE,TRUE,FALSE,"A","BOS @ OKC","BOS",1,2,"OKC","OKC","BOS","L","Jayson Tatum",31,1,2,1628369,FALSE,10,21,0.476,2,5,0.4,0.8,TRUE,8,16,0.5,38,8,10,5,8,13,8,1,0,4,3,30,0,56.6,"https://stats.nba.com/media/img/teams/logos/season/2023-24/BOS_logo.svg","https://stats.nba.com/player/1628369","https://ak-static.cms.nba.com/wp-content/uploads/headshots/nba/latest/260x190/1628369.png","https://ak-static.cms.nba.com/wp-content/uploads/headshots/nba/latest/260x190/1628369.png","https://stats.nba.com/media/players/700/1628369.png","https://ak-static.cms.nba.com/wp-content/uploads/headshots/nba/latest/260x190/1628369.png"
"328",10578,2024,"2023-24","NBA","Regular Season","2024-01-02",22300462,33,"Boston Celtics",1610612738,FALSE,TRUE,FALSE,"A","BOS @ OKC","BOS",1,2,"OKC","OKC","BOS","L","Jaylen Brown",31,1,2,1627759,FALSE,4,18,0.222,0,8,0,0.875,TRUE,4,10,0.4,38,7,8,2,4,6,3,0,0,4,5,15,-1,22.7,"https://stats.nba.com/media/img/teams/logos/season/2023-24/BOS_logo.svg","https://stats.nba.com/player/1627759","https://stats.nba.com/media/players/230x185/1627759.png","https://ak-static.cms.nba.com/wp-content/uploads/headshots/nba/latest/260x190/1627759.png","https://stats.nba.com/media/players/700/1627759.png","https://ak-static.cms.nba.com/wp-content/uploads/headshots/nba/latest/260x190/1627759.png"
"329",10579,2024,"2023-24","NBA","Regular Season","2024-01-02",22300462,33,"Boston Celtics",1610612738,FALSE,TRUE,FALSE,"A","BOS @ OKC","BOS",1,2,"OKC","OKC","BOS","L","Sam Hauser",33,1,2,1630573,FALSE,2,3,0.667,2,3,0.666666666666667,NA,TRUE,0,0,0,10,0,0,0,1,1,0,0,0,0,0,6,-7,7.2,"https://stats.nba.com/media/img/teams/logos/season/2023-24/BOS_logo.svg","https://stats.nba.com/player/1630573","https://ak-static.cms.nba.com/wp-content/uploads/headshots/nba/latest/260x190/1630573.png","https://ak-static.cms.nba.com/wp-content/uploads/headshots/nba/latest/260x190/1630573.png","https://stats.nba.com/media/players/700/1630573.png","https://stats.nba.com/media/img/league/nba-headshot-fallback.png"
"330",10606,2024,"2023-24","NBA","Regular Season","2024-01-02",22300462,33,"Boston Celtics",1610612738,FALSE,TRUE,FALSE,"A","BOS @ OKC","BOS",1,2,"OKC","OKC","BOS","L","Luke Kornet",20,1,2,1628436,FALSE,0,2,0,0,0,0,NA,TRUE,0,2,0,15,0,0,2,0,2,0,1,1,0,0,0,-1,8.4,"https://stats.nba.com/media/img/teams/logos/season/2023-24/BOS_logo.svg","https://stats.nba.com/player/1628436","https://ak-static.cms.nba.com/wp-content/uploads/headshots/nba/latest/260x190/1628436.png","https://ak-static.cms.nba.com/wp-content/uploads/headshots/nba/latest/260x190/1628436.png","https://stats.nba.com/media/players/700/1628436.png","https://ak-static.cms.nba.com/wp-content/uploads/headshots/nba/latest/260x190/1628436.png"
"331",10624,2024,"2023-24","NBA","Regular Season","2024-01-02",22300462,33,"Boston Celtics",1610612738,FALSE,TRUE,FALSE,"A","BOS @ OKC","BOS",1,2,"OKC","OKC","BOS","L","Kristaps Porziņģis",24,1,2,204001,FALSE,12,18,0.667,2,3,0.666666666666667,0.889,TRUE,10,15,0.666666666666667,35,8,9,6,4,10,2,0,3,1,1,34,3,57,"https://stats.nba.com/media/img/teams/logos/season/2023-24/BOS_logo.svg","https://stats.nba.com/player/204001","https://stats.nba.com/media/players/230x185/204001.png","https://ak-static.cms.nba.com/wp-content/uploads/headshots/nba/latest/260x190/204001.png","https://stats.nba.com/media/players/700/204001.png","https://ak-static.cms.nba.com/wp-content/uploads/headshots/nba/latest/260x190/204001.png"
"332",10944,2024,"2023-24","NBA","Regular Season","2024-01-05",22300479,34,"Boston Celtics",1610612738,TRUE,FALSE,FALSE,"H","BOS vs. UTA","BOS",2,0,"UTA","BOS","UTA","W","Oshae Brissett",18,4,0,1629052,TRUE,2,5,0.4,0,2,0,1,TRUE,2,3,0.666666666666667,17,2,2,1,2,3,2,2,0,0,3,6,1,18.6,"https://stats.nba.com/media/img/teams/logos/season/2023-24/BOS_logo.svg","https://stats.nba.com/player/1629052","https://ak-static.cms.nba.com/wp-content/uploads/headshots/nba/latest/260x190/1629052.png","https://ak-static.cms.nba.com/wp-content/uploads/headshots/nba/latest/260x190/1629052.png","https://stats.nba.com/media/players/700/1629052.png","https://stats.nba.com/media/img/league/nba-headshot-fallback.png"
"333",10945,2024,"2023-24","NBA","Regular Season","2024-01-05",22300479,34,"Boston Celtics",1610612738,TRUE,FALSE,FALSE,"H","BOS vs. UTA","BOS",2,0,"UTA","BOS","UTA","W","Dalano Banton",16,4,0,1630625,TRUE,1,2,0.5,0,1,0,0.75,TRUE,1,1,1,6,3,4,0,1,1,1,0,0,0,1,5,3,7.7,"https://stats.nba.com/media/img/teams/logos/season/2023-24/BOS_logo.svg","https://stats.nba.com/player/1630625","https://ak-static.cms.nba.com/wp-content/uploads/headshots/nba/latest/260x190/1630625.png","https://ak-static.cms.nba.com/wp-content/uploads/headshots/nba/latest/260x190/1630625.png","https://stats.nba.com/media/players/700/1630625.png","https://stats.nba.com/media/img/league/nba-headshot-fallback.png"
"334",11048,2024,"2023-24","NBA","Regular Season","2024-01-05",22300479,34,"Boston Celtics",1610612738,TRUE,FALSE,FALSE,"H","BOS vs. UTA","BOS",2,0,"UTA","BOS","UTA","W","Kristaps Porziņģis",25,2,0,204001,TRUE,4,7,0.571,1,3,0.333333333333333,0.833,TRUE,3,4,0.75,27,10,12,0,5,5,2,0,1,1,3,19,18,30,"https://stats.nba.com/media/img/teams/logos/season/2023-24/BOS_logo.svg","https://stats.nba.com/player/204001","https://stats.nba.com/media/players/230x185/204001.png","https://ak-static.cms.nba.com/wp-content/uploads/headshots/nba/latest/260x190/204001.png","https://stats.nba.com/media/players/700/204001.png","https://ak-static.cms.nba.com/wp-content/uploads/headshots/nba/latest/260x190/204001.png"
"335",11049,2024,"2023-24","NBA","Regular Season","2024-01-05",22300479,34,"Boston Celtics",1610612738,TRUE,FALSE,FALSE,"H","BOS vs. UTA","BOS",2,0,"UTA","BOS","UTA","W","Jaylen Brown",32,2,0,1627759,TRUE,5,12,0.417,2,4,0.5,0.5,TRUE,3,8,0.375,27,1,2,0,3,3,5,1,1,3,2,13,18,27.1,"https://stats.nba.com/media/img/teams/logos/season/2023-24/BOS_logo.svg","https://stats.nba.com/player/1627759","https://stats.nba.com/media/players/230x185/1627759.png","https://ak-static.cms.nba.com/wp-content/uploads/headshots/nba/latest/260x190/1627759.png","https://stats.nba.com/media/players/700/1627759.png","https://ak-static.cms.nba.com/wp-content/uploads/headshots/nba/latest/260x190/1627759.png"
"336",11107,2024,"2023-24","NBA","Regular Season","2024-01-05",22300479,34,"Boston Celtics",1610612738,TRUE,FALSE,FALSE,"H","BOS vs. UTA","BOS",2,0,"UTA","BOS","UTA","W","Jrue Holiday",31,2,0,201950,TRUE,6,8,0.75,2,3,0.666666666666667,NA,TRUE,4,5,0.8,24,0,0,1,5,6,1,0,2,2,1,14,22,26.7,"https://stats.nba.com/media/img/teams/logos/season/2023-24/BOS_logo.svg","https://stats.nba.com/player/201950","https://stats.nba.com/media/players/230x185/201950.png","https://ak-static.cms.nba.com/wp-content/uploads/headshots/nba/latest/260x190/201950.png","https://stats.nba.com/media/players/700/201950.png","https://ak-static.cms.nba.com/wp-content/uploads/headshots/nba/latest/260x190/201950.png"
"337",11108,2024,"2023-24","NBA","Regular Season","2024-01-05",22300479,34,"Boston Celtics",1610612738,TRUE,FALSE,FALSE,"H","BOS vs. UTA","BOS",2,0,"UTA","BOS","UTA","W","Jayson Tatum",32,2,0,1628369,TRUE,6,12,0.5,5,8,0.625,0.929,TRUE,1,4,0.25,25,13,14,0,9,9,5,1,1,1,1,30,34,53.3,"https://stats.nba.com/media/img/teams/logos/season/2023-24/BOS_logo.svg","https://stats.nba.com/player/1628369","https://ak-static.cms.nba.com/wp-content/uploads/headshots/nba/latest/260x190/1628369.png","https://ak-static.cms.nba.com/wp-content/uploads/headshots/nba/latest/260x190/1628369.png","https://stats.nba.com/media/players/700/1628369.png","https://ak-static.cms.nba.com/wp-content/uploads/headshots/nba/latest/260x190/1628369.png"
"338",11109,2024,"2023-24","NBA","Regular Season","2024-01-05",22300479,34,"Boston Celtics",1610612738,TRUE,FALSE,FALSE,"H","BOS vs. UTA","BOS",2,0,"UTA","BOS","UTA","W","Luke Kornet",21,2,0,1628436,TRUE,1,3,0.333,0,0,0,NA,TRUE,1,3,0.333333333333333,11,0,0,4,3,7,0,1,1,1,1,2,13,15.4,"https://stats.nba.com/media/img/teams/logos/season/2023-24/BOS_logo.svg","https://stats.nba.com/player/1628436","https://ak-static.cms.nba.com/wp-content/uploads/headshots/nba/latest/260x190/1628436.png","https://ak-static.cms.nba.com/wp-content/uploads/headshots/nba/latest/260x190/1628436.png","https://stats.nba.com/media/players/700/1628436.png","https://ak-static.cms.nba.com/wp-content/uploads/headshots/nba/latest/260x190/1628436.png"
"339",11110,2024,"2023-24","NBA","Regular Season","2024-01-05",22300479,34,"Boston Celtics",1610612738,TRUE,FALSE,FALSE,"H","BOS vs. UTA","BOS",2,0,"UTA","BOS","UTA","W","Svi Mykhailiuk",14,4,0,1629004,TRUE,1,7,0.143,1,6,0.166666666666667,NA,TRUE,0,1,0,15,0,0,0,3,3,0,0,0,0,2,3,-6,6.6,"https://stats.nba.com/media/img/teams/logos/season/2023-24/BOS_logo.svg","https://stats.nba.com/player/1629004","https://ak-static.cms.nba.com/wp-content/uploads/headshots/nba/latest/260x190/1629004.png","https://ak-static.cms.nba.com/wp-content/uploads/headshots/nba/latest/260x190/1629004.png","https://stats.nba.com/media/players/700/1629004.png","https://ak-static.cms.nba.com/wp-content/uploads/headshots/nba/latest/260x190/1629004.png"
"340",11111,2024,"2023-24","NBA","Regular Season","2024-01-05",22300479,34,"Boston Celtics",1610612738,TRUE,FALSE,FALSE,"H","BOS vs. UTA","BOS",2,0,"UTA","BOS","UTA","W","Neemias Queta",13,4,5,1629674,TRUE,0,1,0,0,0,0,NA,TRUE,0,1,0,4,0,0,0,0,0,0,0,0,0,2,0,-5,0,"https://stats.nba.com/media/img/teams/logos/season/2023-24/BOS_logo.svg","https://stats.nba.com/player/1629674","https://ak-static.cms.nba.com/wp-content/uploads/headshots/nba/latest/260x190/1629674.png","https://ak-static.cms.nba.com/wp-content/uploads/headshots/nba/latest/260x190/1629674.png","https://stats.nba.com/media/players/700/1629674.png","https://stats.nba.com/media/img/league/nba-headshot-fallback.png"
"341",11112,2024,"2023-24","NBA","Regular Season","2024-01-05",22300479,34,"Boston Celtics",1610612738,TRUE,FALSE,FALSE,"H","BOS vs. UTA","BOS",2,0,"UTA","BOS","UTA","W","Payton Pritchard",34,2,0,1630202,TRUE,3,10,0.3,1,7,0.142857142857143,NA,TRUE,2,3,0.666666666666667,23,0,0,1,1,2,4,1,0,3,3,7,14,15.4,"https://stats.nba.com/media/img/teams/logos/season/2023-24/BOS_logo.svg","https://stats.nba.com/player/1630202","https://ak-static.cms.nba.com/wp-content/uploads/headshots/nba/latest/260x190/1630202.png","https://ak-static.cms.nba.com/wp-content/uploads/headshots/nba/latest/260x190/1630202.png","https://stats.nba.com/media/players/700/1630202.png","https://stats.nba.com/media/img/league/nba-headshot-fallback.png"
"342",11177,2024,"2023-24","NBA","Regular Season","2024-01-05",22300479,34,"Boston Celtics",1610612738,TRUE,FALSE,FALSE,"H","BOS vs. UTA","BOS",2,0,"UTA","BOS","UTA","W","Derrick White",31,2,0,1628401,TRUE,3,9,0.333,2,7,0.285714285714286,1,TRUE,1,2,0.5,26,2,2,0,7,7,3,1,1,0,2,10,19,28.9,"https://stats.nba.com/media/img/teams/logos/season/2023-24/BOS_logo.svg","https://stats.nba.com/player/1628401","https://ak-static.cms.nba.com/wp-content/uploads/headshots/nba/latest/260x190/1628401.png","https://ak-static.cms.nba.com/wp-content/uploads/headshots/nba/latest/260x190/1628401.png","https://stats.nba.com/media/players/700/1628401.png","https://ak-static.cms.nba.com/wp-content/uploads/headshots/nba/latest/260x190/1628401.png"
"343",11178,2024,"2023-24","NBA","Regular Season","2024-01-05",22300479,34,"Boston Celtics",1610612738,TRUE,FALSE,FALSE,"H","BOS vs. UTA","BOS",2,0,"UTA","BOS","UTA","W","Lamar Stevens",13,4,5,1630205,TRUE,2,4,0.5,0,1,0,NA,TRUE,2,3,0.666666666666667,12,0,0,1,4,5,0,1,1,1,1,4,-3,15,"https://stats.nba.com/media/img/teams/logos/season/2023-24/BOS_logo.svg","https://stats.nba.com/player/1630205","https://ak-static.cms.nba.com/wp-content/uploads/headshots/nba/latest/260x190/1630205.png","https://ak-static.cms.nba.com/wp-content/uploads/headshots/nba/latest/260x190/1630205.png","https://stats.nba.com/media/players/700/1630205.png","https://stats.nba.com/media/img/league/nba-headshot-fallback.png"
"344",11179,2024,"2023-24","NBA","Regular Season","2024-01-05",22300479,34,"Boston Celtics",1610612738,TRUE,FALSE,FALSE,"H","BOS vs. UTA","BOS",2,0,"UTA","BOS","UTA","W","Sam Hauser",34,2,0,1630573,TRUE,5,10,0.5,3,7,0.428571428571429,NA,TRUE,2,3,0.666666666666667,23,0,0,1,4,5,1,1,0,0,1,13,17,23.5,"https://stats.nba.com/media/img/teams/logos/season/2023-24/BOS_logo.svg","https://stats.nba.com/player/1630573","https://ak-static.cms.nba.com/wp-content/uploads/headshots/nba/latest/260x190/1630573.png","https://ak-static.cms.nba.com/wp-content/uploads/headshots/nba/latest/260x190/1630573.png","https://stats.nba.com/media/players/700/1630573.png","https://stats.nba.com/media/img/league/nba-headshot-fallback.png"
"345",11261,2024,"2023-24","NBA","Regular Season","2024-01-06",22300493,35,"Boston Celtics",1610612738,TRUE,FALSE,TRUE,"A","BOS @ IND","BOS",0,1,"IND","BOS","IND","W","Derrick White",32,0,1,1628401,TRUE,3,6,0.5,1,2,0.5,NA,TRUE,2,4,0.5,24,0,0,0,5,5,2,0,1,4,5,7,20,15,"https://stats.nba.com/media/img/teams/logos/season/2023-24/BOS_logo.svg","https://stats.nba.com/player/1628401","https://ak-static.cms.nba.com/wp-content/uploads/headshots/nba/latest/260x190/1628401.png","https://ak-static.cms.nba.com/wp-content/uploads/headshots/nba/latest/260x190/1628401.png","https://stats.nba.com/media/players/700/1628401.png","https://ak-static.cms.nba.com/wp-content/uploads/headshots/nba/latest/260x190/1628401.png"
"346",11262,2024,"2023-24","NBA","Regular Season","2024-01-06",22300493,35,"Boston Celtics",1610612738,TRUE,FALSE,TRUE,"A","BOS @ IND","BOS",0,1,"IND","BOS","IND","W","Sam Hauser",35,0,3,1630573,TRUE,2,6,0.333,1,5,0.2,NA,TRUE,1,1,1,16,0,0,0,4,4,1,0,0,1,4,5,2,10.3,"https://stats.nba.com/media/img/teams/logos/season/2023-24/BOS_logo.svg","https://stats.nba.com/player/1630573","https://ak-static.cms.nba.com/wp-content/uploads/headshots/nba/latest/260x190/1630573.png","https://ak-static.cms.nba.com/wp-content/uploads/headshots/nba/latest/260x190/1630573.png","https://stats.nba.com/media/players/700/1630573.png","https://stats.nba.com/media/img/league/nba-headshot-fallback.png"
"347",11279,2024,"2023-24","NBA","Regular Season","2024-01-06",22300493,35,"Boston Celtics",1610612738,TRUE,FALSE,TRUE,"A","BOS @ IND","BOS",0,1,"IND","BOS","IND","W","Svi Mykhailiuk",15,0,1,1629004,TRUE,0,0,NA,0,0,0,NA,TRUE,0,0,0,1,0,0,0,0,0,0,0,0,0,0,0,0,0,"https://stats.nba.com/media/img/teams/logos/season/2023-24/BOS_logo.svg","https://stats.nba.com/player/1629004","https://ak-static.cms.nba.com/wp-content/uploads/headshots/nba/latest/260x190/1629004.png","https://ak-static.cms.nba.com/wp-content/uploads/headshots/nba/latest/260x190/1629004.png","https://stats.nba.com/media/players/700/1629004.png","https://ak-static.cms.nba.com/wp-content/uploads/headshots/nba/latest/260x190/1629004.png"
"348",11297,2024,"2023-24","NBA","Regular Season","2024-01-06",22300493,35,"Boston Celtics",1610612738,TRUE,FALSE,TRUE,"A","BOS @ IND","BOS",0,1,"IND","BOS","IND","W","Kristaps Porziņģis",26,0,1,204001,TRUE,1,2,0.5,0,1,0,NA,TRUE,1,1,1,6,0,0,1,2,3,0,1,1,0,0,2,4,11.6,"https://stats.nba.com/media/img/teams/logos/season/2023-24/BOS_logo.svg","https://stats.nba.com/player/204001","https://stats.nba.com/media/players/230x185/204001.png","https://ak-static.cms.nba.com/wp-content/uploads/headshots/nba/latest/260x190/204001.png","https://stats.nba.com/media/players/700/204001.png","https://ak-static.cms.nba.com/wp-content/uploads/headshots/nba/latest/260x190/204001.png"
"349",11298,2024,"2023-24","NBA","Regular Season","2024-01-06",22300493,35,"Boston Celtics",1610612738,TRUE,FALSE,TRUE,"A","BOS @ IND","BOS",0,1,"IND","BOS","IND","W","Dalano Banton",17,0,1,1630625,TRUE,0,0,NA,0,0,0,NA,TRUE,0,0,0,1,0,0,0,0,0,0,0,0,0,0,0,0,0,"https://stats.nba.com/media/img/teams/logos/season/2023-24/BOS_logo.svg","https://stats.nba.com/player/1630625","https://ak-static.cms.nba.com/wp-content/uploads/headshots/nba/latest/260x190/1630625.png","https://ak-static.cms.nba.com/wp-content/uploads/headshots/nba/latest/260x190/1630625.png","https://stats.nba.com/media/players/700/1630625.png","https://stats.nba.com/media/img/league/nba-headshot-fallback.png"
"350",11311,2024,"2023-24","NBA","Regular Season","2024-01-06",22300493,35,"Boston Celtics",1610612738,TRUE,FALSE,TRUE,"A","BOS @ IND","BOS",0,1,"IND","BOS","IND","W","Al Horford",29,3,1,201143,TRUE,4,8,0.5,2,5,0.4,0,TRUE,2,3,0.666666666666667,30,0,2,1,6,7,8,1,2,2,1,10,10,37.4,"https://stats.nba.com/media/img/teams/logos/season/2023-24/BOS_logo.svg","https://stats.nba.com/player/201143","https://stats.nba.com/media/players/230x185/201143.png","https://ak-static.cms.nba.com/wp-content/uploads/headshots/nba/latest/260x190/201143.png","https://stats.nba.com/media/players/700/201143.png","https://ak-static.cms.nba.com/wp-content/uploads/headshots/nba/latest/260x190/201143.png"
"351",11312,2024,"2023-24","NBA","Regular Season","2024-01-06",22300493,35,"Boston Celtics",1610612738,TRUE,FALSE,TRUE,"A","BOS @ IND","BOS",0,1,"IND","BOS","IND","W","Jrue Holiday",32,0,1,201950,TRUE,3,9,0.333,1,5,0.2,0.5,TRUE,2,4,0.5,37,1,2,1,5,6,5,1,0,2,2,8,6,23.7,"https://stats.nba.com/media/img/teams/logos/season/2023-24/BOS_logo.svg","https://stats.nba.com/player/201950","https://stats.nba.com/media/players/230x185/201950.png","https://ak-static.cms.nba.com/wp-content/uploads/headshots/nba/latest/260x190/201950.png","https://stats.nba.com/media/players/700/201950.png","https://ak-static.cms.nba.com/wp-content/uploads/headshots/nba/latest/260x190/201950.png"
"352",11313,2024,"2023-24","NBA","Regular Season","2024-01-06",22300493,35,"Boston Celtics",1610612738,TRUE,FALSE,TRUE,"A","BOS @ IND","BOS",0,1,"IND","BOS","IND","W","Jaylen Brown",33,0,1,1627759,TRUE,13,20,0.65,1,4,0.25,0.5,TRUE,12,16,0.75,36,4,8,1,3,4,1,0,1,3,0,31,7,37.3,"https://stats.nba.com/media/img/teams/logos/season/2023-24/BOS_logo.svg","https://stats.nba.com/player/1627759","https://stats.nba.com/media/players/230x185/1627759.png","https://ak-static.cms.nba.com/wp-content/uploads/headshots/nba/latest/260x190/1627759.png","https://stats.nba.com/media/players/700/1627759.png","https://ak-static.cms.nba.com/wp-content/uploads/headshots/nba/latest/260x190/1627759.png"
"353",11314,2024,"2023-24","NBA","Regular Season","2024-01-06",22300493,35,"Boston Celtics",1610612738,TRUE,FALSE,TRUE,"A","BOS @ IND","BOS",0,1,"IND","BOS","IND","W","Payton Pritchard",35,0,1,1630202,TRUE,2,5,0.4,1,3,0.333333333333333,NA,TRUE,1,2,0.5,15,0,0,0,2,2,0,1,0,0,0,5,10,10.4,"https://stats.nba.com/media/img/teams/logos/season/2023-24/BOS_logo.svg","https://stats.nba.com/player/1630202","https://ak-static.cms.nba.com/wp-content/uploads/headshots/nba/latest/260x190/1630202.png","https://ak-static.cms.nba.com/wp-content/uploads/headshots/nba/latest/260x190/1630202.png","https://stats.nba.com/media/players/700/1630202.png","https://stats.nba.com/media/img/league/nba-headshot-fallback.png"
"354",11330,2024,"2023-24","NBA","Regular Season","2024-01-06",22300493,35,"Boston Celtics",1610612738,TRUE,FALSE,TRUE,"A","BOS @ IND","BOS",0,1,"IND","BOS","IND","W","Luke Kornet",22,0,1,1628436,TRUE,1,2,0.5,0,0,0,1,TRUE,1,2,0.5,16,2,2,3,1,4,3,1,0,1,1,4,3,15.3,"https://stats.nba.com/media/img/teams/logos/season/2023-24/BOS_logo.svg","https://stats.nba.com/player/1628436","https://ak-static.cms.nba.com/wp-content/uploads/headshots/nba/latest/260x190/1628436.png","https://ak-static.cms.nba.com/wp-content/uploads/headshots/nba/latest/260x190/1628436.png","https://stats.nba.com/media/players/700/1628436.png","https://ak-static.cms.nba.com/wp-content/uploads/headshots/nba/latest/260x190/1628436.png"
"355",11331,2024,"2023-24","NBA","Regular Season","2024-01-06",22300493,35,"Boston Celtics",1610612738,TRUE,FALSE,TRUE,"A","BOS @ IND","BOS",0,1,"IND","BOS","IND","W","Oshae Brissett",19,0,1,1629052,TRUE,3,9,0.333,1,3,0.333333333333333,1,TRUE,2,6,0.333333333333333,20,1,1,5,3,8,0,0,1,0,3,8,4,20.6,"https://stats.nba.com/media/img/teams/logos/season/2023-24/BOS_logo.svg","https://stats.nba.com/player/1629052","https://ak-static.cms.nba.com/wp-content/uploads/headshots/nba/latest/260x190/1629052.png","https://ak-static.cms.nba.com/wp-content/uploads/headshots/nba/latest/260x190/1629052.png","https://stats.nba.com/media/players/700/1629052.png","https://stats.nba.com/media/img/league/nba-headshot-fallback.png"
"356",11344,2024,"2023-24","NBA","Regular Season","2024-01-06",22300493,35,"Boston Celtics",1610612738,TRUE,FALSE,TRUE,"A","BOS @ IND","BOS",0,1,"IND","BOS","IND","W","Jayson Tatum",33,0,3,1628369,TRUE,14,23,0.609,8,13,0.615384615384615,0.5,TRUE,6,10,0.6,38,2,4,1,12,13,6,1,0,4,4,38,19,61.6,"https://stats.nba.com/media/img/teams/logos/season/2023-24/BOS_logo.svg","https://stats.nba.com/player/1628369","https://ak-static.cms.nba.com/wp-content/uploads/headshots/nba/latest/260x190/1628369.png","https://ak-static.cms.nba.com/wp-content/uploads/headshots/nba/latest/260x190/1628369.png","https://stats.nba.com/media/players/700/1628369.png","https://ak-static.cms.nba.com/wp-content/uploads/headshots/nba/latest/260x190/1628369.png"
"357",11540,2024,"2023-24","NBA","Regular Season","2024-01-08",22300507,36,"Boston Celtics",1610612738,FALSE,TRUE,FALSE,"A","BOS @ IND","BOS",1,1,"IND","IND","BOS","L","Derrick White",33,1,1,1628401,FALSE,4,16,0.25,2,8,0.25,1,TRUE,2,8,0.25,36,3,3,0,4,4,6,0,2,1,3,13,-2,31.8,"https://stats.nba.com/media/img/teams/logos/season/2023-24/BOS_logo.svg","https://stats.nba.com/player/1628401","https://ak-static.cms.nba.com/wp-content/uploads/headshots/nba/latest/260x190/1628401.png","https://ak-static.cms.nba.com/wp-content/uploads/headshots/nba/latest/260x190/1628401.png","https://stats.nba.com/media/players/700/1628401.png","https://ak-static.cms.nba.com/wp-content/uploads/headshots/nba/latest/260x190/1628401.png"
"358",11567,2024,"2023-24","NBA","Regular Season","2024-01-08",22300507,36,"Boston Celtics",1610612738,FALSE,TRUE,FALSE,"A","BOS @ IND","BOS",1,1,"IND","IND","BOS","L","Al Horford",30,1,1,201143,FALSE,4,5,0.8,3,4,0.75,NA,TRUE,1,1,1,32,0,0,0,6,6,0,0,1,1,1,11,-9,20.2,"https://stats.nba.com/media/img/teams/logos/season/2023-24/BOS_logo.svg","https://stats.nba.com/player/201143","https://stats.nba.com/media/players/230x185/201143.png","https://ak-static.cms.nba.com/wp-content/uploads/headshots/nba/latest/260x190/201143.png","https://stats.nba.com/media/players/700/201143.png","https://ak-static.cms.nba.com/wp-content/uploads/headshots/nba/latest/260x190/201143.png"
"359",11568,2024,"2023-24","NBA","Regular Season","2024-01-08",22300507,36,"Boston Celtics",1610612738,FALSE,TRUE,FALSE,"A","BOS @ IND","BOS",1,1,"IND","IND","BOS","L","Jaylen Brown",34,1,1,1627759,FALSE,17,26,0.654,3,4,0.75,0.6,TRUE,14,22,0.636363636363636,38,3,5,1,4,5,2,0,0,5,2,40,-1,44,"https://stats.nba.com/media/img/teams/logos/season/2023-24/BOS_logo.svg","https://stats.nba.com/player/1627759","https://stats.nba.com/media/players/230x185/1627759.png","https://ak-static.cms.nba.com/wp-content/uploads/headshots/nba/latest/260x190/1627759.png","https://stats.nba.com/media/players/700/1627759.png","https://ak-static.cms.nba.com/wp-content/uploads/headshots/nba/latest/260x190/1627759.png"
"360",11591,2024,"2023-24","NBA","Regular Season","2024-01-08",22300507,36,"Boston Celtics",1610612738,FALSE,TRUE,FALSE,"A","BOS @ IND","BOS",1,1,"IND","IND","BOS","L","Svi Mykhailiuk",16,1,2,1629004,FALSE,0,0,NA,0,0,0,0.5,TRUE,0,0,0,5,2,4,1,0,1,0,0,0,1,0,2,-1,2.2,"https://stats.nba.com/media/img/teams/logos/season/2023-24/BOS_logo.svg","https://stats.nba.com/player/1629004","https://ak-static.cms.nba.com/wp-content/uploads/headshots/nba/latest/260x190/1629004.png","https://ak-static.cms.nba.com/wp-content/uploads/headshots/nba/latest/260x190/1629004.png","https://stats.nba.com/media/players/700/1629004.png","https://ak-static.cms.nba.com/wp-content/uploads/headshots/nba/latest/260x190/1629004.png"
"361",11592,2024,"2023-24","NBA","Regular Season","2024-01-08",22300507,36,"Boston Celtics",1610612738,FALSE,TRUE,FALSE,"A","BOS @ IND","BOS",1,1,"IND","IND","BOS","L","Oshae Brissett",20,1,1,1629052,FALSE,1,4,0.25,1,4,0.25,0.5,TRUE,0,0,0,16,3,6,2,4,6,0,2,0,0,3,6,5,19.2,"https://stats.nba.com/media/img/teams/logos/season/2023-24/BOS_logo.svg","https://stats.nba.com/player/1629052","https://ak-static.cms.nba.com/wp-content/uploads/headshots/nba/latest/260x190/1629052.png","https://ak-static.cms.nba.com/wp-content/uploads/headshots/nba/latest/260x190/1629052.png","https://stats.nba.com/media/players/700/1629052.png","https://stats.nba.com/media/img/league/nba-headshot-fallback.png"
"362",11593,2024,"2023-24","NBA","Regular Season","2024-01-08",22300507,36,"Boston Celtics",1610612738,FALSE,TRUE,FALSE,"A","BOS @ IND","BOS",1,1,"IND","IND","BOS","L","Payton Pritchard",36,1,1,1630202,FALSE,5,6,0.833,4,5,0.8,NA,TRUE,1,1,1,23,0,0,4,3,7,3,0,0,1,2,14,-2,25.9,"https://stats.nba.com/media/img/teams/logos/season/2023-24/BOS_logo.svg","https://stats.nba.com/player/1630202","https://ak-static.cms.nba.com/wp-content/uploads/headshots/nba/latest/260x190/1630202.png","https://ak-static.cms.nba.com/wp-content/uploads/headshots/nba/latest/260x190/1630202.png","https://stats.nba.com/media/players/700/1630202.png","https://stats.nba.com/media/img/league/nba-headshot-fallback.png"
"363",11617,2024,"2023-24","NBA","Regular Season","2024-01-08",22300507,36,"Boston Celtics",1610612738,FALSE,TRUE,FALSE,"A","BOS @ IND","BOS",1,1,"IND","IND","BOS","L","Jrue Holiday",33,1,1,201950,FALSE,9,16,0.563,3,6,0.5,NA,TRUE,6,10,0.6,38,0,0,1,5,6,6,1,0,3,2,21,0,37.2,"https://stats.nba.com/media/img/teams/logos/season/2023-24/BOS_logo.svg","https://stats.nba.com/player/201950","https://stats.nba.com/media/players/230x185/201950.png","https://ak-static.cms.nba.com/wp-content/uploads/headshots/nba/latest/260x190/201950.png","https://stats.nba.com/media/players/700/201950.png","https://ak-static.cms.nba.com/wp-content/uploads/headshots/nba/latest/260x190/201950.png"
"364",11618,2024,"2023-24","NBA","Regular Season","2024-01-08",22300507,36,"Boston Celtics",1610612738,FALSE,TRUE,FALSE,"A","BOS @ IND","BOS",1,1,"IND","IND","BOS","L","Kristaps Porziņģis",27,1,2,204001,FALSE,6,13,0.462,1,4,0.25,0.857,TRUE,5,9,0.555555555555556,38,6,7,2,3,5,7,0,3,1,2,19,1,43.5,"https://stats.nba.com/media/img/teams/logos/season/2023-24/BOS_logo.svg","https://stats.nba.com/player/204001","https://stats.nba.com/media/players/230x185/204001.png","https://ak-static.cms.nba.com/wp-content/uploads/headshots/nba/latest/260x190/204001.png","https://stats.nba.com/media/players/700/204001.png","https://ak-static.cms.nba.com/wp-content/uploads/headshots/nba/latest/260x190/204001.png"
"365",11639,2024,"2023-24","NBA","Regular Season","2024-01-08",22300507,36,"Boston Celtics",1610612738,FALSE,TRUE,FALSE,"A","BOS @ IND","BOS",1,1,"IND","IND","BOS","L","Luke Kornet",23,1,1,1628436,FALSE,1,4,0.25,0,0,0,0.75,TRUE,1,4,0.25,10,3,4,2,0,2,2,0,2,1,2,5,-3,15.4,"https://stats.nba.com/media/img/teams/logos/season/2023-24/BOS_logo.svg","https://stats.nba.com/player/1628436","https://ak-static.cms.nba.com/wp-content/uploads/headshots/nba/latest/260x190/1628436.png","https://ak-static.cms.nba.com/wp-content/uploads/headshots/nba/latest/260x190/1628436.png","https://stats.nba.com/media/players/700/1628436.png","https://ak-static.cms.nba.com/wp-content/uploads/headshots/nba/latest/260x190/1628436.png"
"366",11640,2024,"2023-24","NBA","Regular Season","2024-01-08",22300507,36,"Boston Celtics",1610612738,FALSE,TRUE,FALSE,"A","BOS @ IND","BOS",1,1,"IND","IND","BOS","L","Dalano Banton",18,1,2,1630625,FALSE,0,0,NA,0,0,0,NA,TRUE,0,0,0,4,0,0,0,0,0,0,0,0,1,3,0,2,-1,"https://stats.nba.com/media/img/teams/logos/season/2023-24/BOS_logo.svg","https://stats.nba.com/player/1630625","https://ak-static.cms.nba.com/wp-content/uploads/headshots/nba/latest/260x190/1630625.png","https://ak-static.cms.nba.com/wp-content/uploads/headshots/nba/latest/260x190/1630625.png","https://stats.nba.com/media/players/700/1630625.png","https://stats.nba.com/media/img/league/nba-headshot-fallback.png"
"367",11777,2024,"2023-24","NBA","Regular Season","2024-01-10",22300517,37,"Boston Celtics",1610612738,TRUE,FALSE,FALSE,"H","BOS vs. MIN","BOS",1,0,"MIN","BOS","MIN","W","Jayson Tatum",34,3,0,1628369,TRUE,13,26,0.5,6,11,0.545454545454545,0.929,TRUE,7,15,0.466666666666667,42,13,14,0,4,4,2,1,0,1,3,45,3,54.8,"https://stats.nba.com/media/img/teams/logos/season/2023-24/BOS_logo.svg","https://stats.nba.com/player/1628369","https://ak-static.cms.nba.com/wp-content/uploads/headshots/nba/latest/260x190/1628369.png","https://ak-static.cms.nba.com/wp-content/uploads/headshots/nba/latest/260x190/1628369.png","https://stats.nba.com/media/players/700/1628369.png","https://ak-static.cms.nba.com/wp-content/uploads/headshots/nba/latest/260x190/1628369.png"
"368",11778,2024,"2023-24","NBA","Regular Season","2024-01-10",22300517,37,"Boston Celtics",1610612738,TRUE,FALSE,FALSE,"H","BOS vs. MIN","BOS",1,0,"MIN","BOS","MIN","W","Oshae Brissett",21,1,0,1629052,TRUE,0,0,NA,0,0,0,NA,TRUE,0,0,0,5,0,0,0,2,2,0,0,0,0,1,0,-6,2.4,"https://stats.nba.com/media/img/teams/logos/season/2023-24/BOS_logo.svg","https://stats.nba.com/player/1629052","https://ak-static.cms.nba.com/wp-content/uploads/headshots/nba/latest/260x190/1629052.png","https://ak-static.cms.nba.com/wp-content/uploads/headshots/nba/latest/260x190/1629052.png","https://stats.nba.com/media/players/700/1629052.png","https://stats.nba.com/media/img/league/nba-headshot-fallback.png"
"369",11819,2024,"2023-24","NBA","Regular Season","2024-01-10",22300517,37,"Boston Celtics",1610612738,TRUE,FALSE,FALSE,"H","BOS vs. MIN","BOS",1,0,"MIN","BOS","MIN","W","Jaylen Brown",35,1,0,1627759,TRUE,9,16,0.563,4,7,0.571428571428571,1,TRUE,5,9,0.555555555555556,43,13,13,1,10,11,3,2,1,2,1,35,10,59.7,"https://stats.nba.com/media/img/teams/logos/season/2023-24/BOS_logo.svg","https://stats.nba.com/player/1627759","https://stats.nba.com/media/players/230x185/1627759.png","https://ak-static.cms.nba.com/wp-content/uploads/headshots/nba/latest/260x190/1627759.png","https://stats.nba.com/media/players/700/1627759.png","https://ak-static.cms.nba.com/wp-content/uploads/headshots/nba/latest/260x190/1627759.png"
"370",11820,2024,"2023-24","NBA","Regular Season","2024-01-10",22300517,37,"Boston Celtics",1610612738,TRUE,FALSE,FALSE,"H","BOS vs. MIN","BOS",1,0,"MIN","BOS","MIN","W","Sam Hauser",36,3,0,1630573,TRUE,2,6,0.333,2,5,0.4,NA,TRUE,0,1,0,18,0,0,0,4,4,0,0,1,0,2,6,-2,13.8,"https://stats.nba.com/media/img/teams/logos/season/2023-24/BOS_logo.svg","https://stats.nba.com/player/1630573","https://ak-static.cms.nba.com/wp-content/uploads/headshots/nba/latest/260x190/1630573.png","https://ak-static.cms.nba.com/wp-content/uploads/headshots/nba/latest/260x190/1630573.png","https://stats.nba.com/media/players/700/1630573.png","https://stats.nba.com/media/img/league/nba-headshot-fallback.png"
"371",11895,2024,"2023-24","NBA","Regular Season","2024-01-10",22300517,37,"Boston Celtics",1610612738,TRUE,FALSE,FALSE,"H","BOS vs. MIN","BOS",1,0,"MIN","BOS","MIN","W","Jrue Holiday",34,1,0,201950,TRUE,5,15,0.333,2,10,0.2,NA,TRUE,3,5,0.6,40,0,0,1,4,5,4,2,1,2,3,12,8,31,"https://stats.nba.com/media/img/teams/logos/season/2023-24/BOS_logo.svg","https://stats.nba.com/player/201950","https://stats.nba.com/media/players/230x185/201950.png","https://ak-static.cms.nba.com/wp-content/uploads/headshots/nba/latest/260x190/201950.png","https://stats.nba.com/media/players/700/201950.png","https://ak-static.cms.nba.com/wp-content/uploads/headshots/nba/latest/260x190/201950.png"
"372",11896,2024,"2023-24","NBA","Regular Season","2024-01-10",22300517,37,"Boston Celtics",1610612738,TRUE,FALSE,FALSE,"H","BOS vs. MIN","BOS",1,0,"MIN","BOS","MIN","W","Derrick White",34,1,0,1628401,TRUE,3,11,0.273,1,5,0.2,1,TRUE,2,6,0.333333333333333,43,2,2,2,4,6,6,0,0,2,5,9,11,23.2,"https://stats.nba.com/media/img/teams/logos/season/2023-24/BOS_logo.svg","https://stats.nba.com/player/1628401","https://ak-static.cms.nba.com/wp-content/uploads/headshots/nba/latest/260x190/1628401.png","https://ak-static.cms.nba.com/wp-content/uploads/headshots/nba/latest/260x190/1628401.png","https://stats.nba.com/media/players/700/1628401.png","https://ak-static.cms.nba.com/wp-content/uploads/headshots/nba/latest/260x190/1628401.png"
"373",11897,2024,"2023-24","NBA","Regular Season","2024-01-10",22300517,37,"Boston Celtics",1610612738,TRUE,FALSE,FALSE,"H","BOS vs. MIN","BOS",1,0,"MIN","BOS","MIN","W","Luke Kornet",24,1,0,1628436,TRUE,3,4,0.75,0,0,0,1,TRUE,3,4,0.75,18,2,2,2,3,5,0,0,1,0,1,8,6,17,"https://stats.nba.com/media/img/teams/logos/season/2023-24/BOS_logo.svg","https://stats.nba.com/player/1628436","https://ak-static.cms.nba.com/wp-content/uploads/headshots/nba/latest/260x190/1628436.png","https://ak-static.cms.nba.com/wp-content/uploads/headshots/nba/latest/260x190/1628436.png","https://stats.nba.com/media/players/700/1628436.png","https://ak-static.cms.nba.com/wp-content/uploads/headshots/nba/latest/260x190/1628436.png"
"374",11898,2024,"2023-24","NBA","Regular Season","2024-01-10",22300517,37,"Boston Celtics",1610612738,TRUE,FALSE,FALSE,"H","BOS vs. MIN","BOS",1,0,"MIN","BOS","MIN","W","Payton Pritchard",37,1,0,1630202,TRUE,1,4,0.25,1,3,0.333333333333333,NA,TRUE,0,1,0,16,0,0,0,1,1,1,0,0,0,0,3,3,5.7,"https://stats.nba.com/media/img/teams/logos/season/2023-24/BOS_logo.svg","https://stats.nba.com/player/1630202","https://ak-static.cms.nba.com/wp-content/uploads/headshots/nba/latest/260x190/1630202.png","https://ak-static.cms.nba.com/wp-content/uploads/headshots/nba/latest/260x190/1630202.png","https://stats.nba.com/media/players/700/1630202.png","https://stats.nba.com/media/img/league/nba-headshot-fallback.png"
"375",11935,2024,"2023-24","NBA","Regular Season","2024-01-10",22300517,37,"Boston Celtics",1610612738,TRUE,FALSE,FALSE,"H","BOS vs. MIN","BOS",1,0,"MIN","BOS","MIN","W","Al Horford",31,1,2,201143,TRUE,3,8,0.375,3,6,0.5,NA,TRUE,0,2,0,38,0,0,1,7,8,5,0,0,1,3,9,2,25.1,"https://stats.nba.com/media/img/teams/logos/season/2023-24/BOS_logo.svg","https://stats.nba.com/player/201143","https://stats.nba.com/media/players/230x185/201143.png","https://ak-static.cms.nba.com/wp-content/uploads/headshots/nba/latest/260x190/201143.png","https://stats.nba.com/media/players/700/201143.png","https://ak-static.cms.nba.com/wp-content/uploads/headshots/nba/latest/260x190/201143.png"
"376",11990,2024,"2023-24","NBA","Regular Season","2024-01-11",22300528,38,"Boston Celtics",1610612738,TRUE,FALSE,TRUE,"A","BOS @ MIL","BOS",0,1,"MIL","MIL","BOS","L","Neemias Queta",14,5,5,1629674,FALSE,2,4,0.5,0,0,0,NA,TRUE,2,4,0.5,13,0,0,1,2,3,0,0,1,1,1,4,-4,9.6,"https://stats.nba.com/media/img/teams/logos/season/2023-24/BOS_logo.svg","https://stats.nba.com/player/1629674","https://ak-static.cms.nba.com/wp-content/uploads/headshots/nba/latest/260x190/1629674.png","https://ak-static.cms.nba.com/wp-content/uploads/headshots/nba/latest/260x190/1629674.png","https://stats.nba.com/media/players/700/1629674.png","https://stats.nba.com/media/img/league/nba-headshot-fallback.png"
"377",12011,2024,"2023-24","NBA","Regular Season","2024-01-11",22300528,38,"Boston Celtics",1610612738,TRUE,FALSE,TRUE,"A","BOS @ MIL","BOS",0,1,"MIL","MIL","BOS","L","Jrue Holiday",35,0,1,201950,FALSE,2,9,0.222,0,4,0,1,TRUE,2,5,0.4,19,2,2,1,3,4,2,0,0,1,1,6,-31,12.8,"https://stats.nba.com/media/img/teams/logos/season/2023-24/BOS_logo.svg","https://stats.nba.com/player/201950","https://stats.nba.com/media/players/230x185/201950.png","https://ak-static.cms.nba.com/wp-content/uploads/headshots/nba/latest/260x190/201950.png","https://stats.nba.com/media/players/700/201950.png","https://ak-static.cms.nba.com/wp-content/uploads/headshots/nba/latest/260x190/201950.png"
"378",12012,2024,"2023-24","NBA","Regular Season","2024-01-11",22300528,38,"Boston Celtics",1610612738,TRUE,FALSE,TRUE,"A","BOS @ MIL","BOS",0,1,"MIL","MIL","BOS","L","Jaylen Brown",36,0,1,1627759,FALSE,5,14,0.357,0,1,0,NA,TRUE,5,13,0.384615384615385,18,0,0,1,3,4,3,0,0,0,1,10,-17,19.3,"https://stats.nba.com/media/img/teams/logos/season/2023-24/BOS_logo.svg","https://stats.nba.com/player/1627759","https://stats.nba.com/media/players/230x185/1627759.png","https://ak-static.cms.nba.com/wp-content/uploads/headshots/nba/latest/260x190/1627759.png","https://stats.nba.com/media/players/700/1627759.png","https://ak-static.cms.nba.com/wp-content/uploads/headshots/nba/latest/260x190/1627759.png"
"379",12013,2024,"2023-24","NBA","Regular Season","2024-01-11",22300528,38,"Boston Celtics",1610612738,TRUE,FALSE,TRUE,"A","BOS @ MIL","BOS",0,1,"MIL","MIL","BOS","L","Svi Mykhailiuk",17,2,1,1629004,FALSE,3,5,0.6,2,3,0.666666666666667,0.5,TRUE,1,2,0.5,17,1,2,0,1,1,1,1,0,0,0,9,-5,14.7,"https://stats.nba.com/media/img/teams/logos/season/2023-24/BOS_logo.svg","https://stats.nba.com/player/1629004","https://ak-static.cms.nba.com/wp-content/uploads/headshots/nba/latest/260x190/1629004.png","https://ak-static.cms.nba.com/wp-content/uploads/headshots/nba/latest/260x190/1629004.png","https://stats.nba.com/media/players/700/1629004.png","https://ak-static.cms.nba.com/wp-content/uploads/headshots/nba/latest/260x190/1629004.png"
"380",12014,2024,"2023-24","NBA","Regular Season","2024-01-11",22300528,38,"Boston Celtics",1610612738,TRUE,FALSE,TRUE,"A","BOS @ MIL","BOS",0,1,"MIL","MIL","BOS","L","Dalano Banton",19,2,5,1630625,FALSE,1,5,0.2,1,2,0.5,0.5,TRUE,0,3,0,18,1,2,0,1,1,3,2,1,0,1,4,7,18.7,"https://stats.nba.com/media/img/teams/logos/season/2023-24/BOS_logo.svg","https://stats.nba.com/player/1630625","https://ak-static.cms.nba.com/wp-content/uploads/headshots/nba/latest/260x190/1630625.png","https://ak-static.cms.nba.com/wp-content/uploads/headshots/nba/latest/260x190/1630625.png","https://stats.nba.com/media/players/700/1630625.png","https://stats.nba.com/media/img/league/nba-headshot-fallback.png"
"381",12036,2024,"2023-24","NBA","Regular Season","2024-01-11",22300528,38,"Boston Celtics",1610612738,TRUE,FALSE,TRUE,"A","BOS @ MIL","BOS",0,1,"MIL","MIL","BOS","L","Kristaps Porziņģis",28,2,1,204001,FALSE,3,9,0.333,0,3,0,NA,TRUE,3,6,0.5,21,0,0,1,1,2,4,1,1,1,2,6,-27,19.4,"https://stats.nba.com/media/img/teams/logos/season/2023-24/BOS_logo.svg","https://stats.nba.com/player/204001","https://stats.nba.com/media/players/230x185/204001.png","https://ak-static.cms.nba.com/wp-content/uploads/headshots/nba/latest/260x190/204001.png","https://stats.nba.com/media/players/700/204001.png","https://ak-static.cms.nba.com/wp-content/uploads/headshots/nba/latest/260x190/204001.png"
"382",12037,2024,"2023-24","NBA","Regular Season","2024-01-11",22300528,38,"Boston Celtics",1610612738,TRUE,FALSE,TRUE,"A","BOS @ MIL","BOS",0,1,"MIL","MIL","BOS","L","Jayson Tatum",35,0,1,1628369,FALSE,2,6,0.333,0,1,0,0.75,TRUE,2,5,0.4,16,3,4,0,1,1,3,0,0,1,2,7,-31,11.7,"https://stats.nba.com/media/img/teams/logos/season/2023-24/BOS_logo.svg","https://stats.nba.com/player/1628369","https://ak-static.cms.nba.com/wp-content/uploads/headshots/nba/latest/260x190/1628369.png","https://ak-static.cms.nba.com/wp-content/uploads/headshots/nba/latest/260x190/1628369.png","https://stats.nba.com/media/players/700/1628369.png","https://ak-static.cms.nba.com/wp-content/uploads/headshots/nba/latest/260x190/1628369.png"
"383",12038,2024,"2023-24","NBA","Regular Season","2024-01-11",22300528,38,"Boston Celtics",1610612738,TRUE,FALSE,TRUE,"A","BOS @ MIL","BOS",0,1,"MIL","MIL","BOS","L","Derrick White",35,0,1,1628401,FALSE,1,4,0.25,0,1,0,NA,TRUE,1,3,0.333333333333333,18,0,0,0,1,1,0,0,0,0,0,2,-14,3.2,"https://stats.nba.com/media/img/teams/logos/season/2023-24/BOS_logo.svg","https://stats.nba.com/player/1628401","https://ak-static.cms.nba.com/wp-content/uploads/headshots/nba/latest/260x190/1628401.png","https://ak-static.cms.nba.com/wp-content/uploads/headshots/nba/latest/260x190/1628401.png","https://stats.nba.com/media/players/700/1628401.png","https://ak-static.cms.nba.com/wp-content/uploads/headshots/nba/latest/260x190/1628401.png"
"384",12039,2024,"2023-24","NBA","Regular Season","2024-01-11",22300528,38,"Boston Celtics",1610612738,TRUE,FALSE,TRUE,"A","BOS @ MIL","BOS",0,1,"MIL","MIL","BOS","L","Payton Pritchard",38,0,1,1630202,FALSE,6,13,0.462,2,9,0.222222222222222,1,TRUE,4,4,1,31,7,7,0,4,4,4,0,1,1,1,21,-13,33.8,"https://stats.nba.com/media/img/teams/logos/season/2023-24/BOS_logo.svg","https://stats.nba.com/player/1630202","https://ak-static.cms.nba.com/wp-content/uploads/headshots/nba/latest/260x190/1630202.png","https://ak-static.cms.nba.com/wp-content/uploads/headshots/nba/latest/260x190/1630202.png","https://stats.nba.com/media/players/700/1630202.png","https://stats.nba.com/media/img/league/nba-headshot-fallback.png"
"385",12057,2024,"2023-24","NBA","Regular Season","2024-01-11",22300528,38,"Boston Celtics",1610612738,TRUE,FALSE,TRUE,"A","BOS @ MIL","BOS",0,1,"MIL","MIL","BOS","L","Oshae Brissett",22,0,1,1629052,FALSE,4,8,0.5,0,3,0,0.833,TRUE,4,5,0.8,17,5,6,0,2,2,1,0,0,0,0,13,-1,16.9,"https://stats.nba.com/media/img/teams/logos/season/2023-24/BOS_logo.svg","https://stats.nba.com/player/1629052","https://ak-static.cms.nba.com/wp-content/uploads/headshots/nba/latest/260x190/1629052.png","https://ak-static.cms.nba.com/wp-content/uploads/headshots/nba/latest/260x190/1629052.png","https://stats.nba.com/media/players/700/1629052.png","https://stats.nba.com/media/img/league/nba-headshot-fallback.png"
"386",12058,2024,"2023-24","NBA","Regular Season","2024-01-11",22300528,38,"Boston Celtics",1610612738,TRUE,FALSE,TRUE,"A","BOS @ MIL","BOS",0,1,"MIL","MIL","BOS","L","Lamar Stevens",14,5,1,1630205,FALSE,1,6,0.167,0,0,0,0.75,TRUE,1,6,0.166666666666667,19,3,4,1,3,4,0,0,1,0,2,5,3,12.8,"https://stats.nba.com/media/img/teams/logos/season/2023-24/BOS_logo.svg","https://stats.nba.com/player/1630205","https://ak-static.cms.nba.com/wp-content/uploads/headshots/nba/latest/260x190/1630205.png","https://ak-static.cms.nba.com/wp-content/uploads/headshots/nba/latest/260x190/1630205.png","https://stats.nba.com/media/players/700/1630205.png","https://stats.nba.com/media/img/league/nba-headshot-fallback.png"
"387",12059,2024,"2023-24","NBA","Regular Season","2024-01-11",22300528,38,"Boston Celtics",1610612738,TRUE,FALSE,TRUE,"A","BOS @ MIL","BOS",0,1,"MIL","MIL","BOS","L","Sam Hauser",37,0,1,1630573,FALSE,4,8,0.5,4,8,0.5,1,TRUE,0,0,0,24,3,3,1,3,4,0,1,0,1,1,15,-16,21.8,"https://stats.nba.com/media/img/teams/logos/season/2023-24/BOS_logo.svg","https://stats.nba.com/player/1630573","https://ak-static.cms.nba.com/wp-content/uploads/headshots/nba/latest/260x190/1630573.png","https://ak-static.cms.nba.com/wp-content/uploads/headshots/nba/latest/260x190/1630573.png","https://stats.nba.com/media/players/700/1630573.png","https://stats.nba.com/media/img/league/nba-headshot-fallback.png"
"388",12093,2024,"2023-24","NBA","Regular Season","2024-01-11",22300528,38,"Boston Celtics",1610612738,TRUE,FALSE,TRUE,"A","BOS @ MIL","BOS",0,1,"MIL","MIL","BOS","L","Luke Kornet",25,0,1,1628436,FALSE,0,0,NA,0,0,0,NA,TRUE,0,0,0,10,0,0,0,0,0,1,0,0,0,1,0,-16,1.5,"https://stats.nba.com/media/img/teams/logos/season/2023-24/BOS_logo.svg","https://stats.nba.com/player/1628436","https://ak-static.cms.nba.com/wp-content/uploads/headshots/nba/latest/260x190/1628436.png","https://ak-static.cms.nba.com/wp-content/uploads/headshots/nba/latest/260x190/1628436.png","https://stats.nba.com/media/players/700/1628436.png","https://ak-static.cms.nba.com/wp-content/uploads/headshots/nba/latest/260x190/1628436.png"
"389",12344,2024,"2023-24","NBA","Regular Season","2024-01-13",22300542,39,"Boston Celtics",1610612738,FALSE,FALSE,FALSE,"H","BOS vs. HOU","BOS",1,1,"HOU","BOS","HOU","W","Svi Mykhailiuk",18,1,3,1629004,TRUE,2,5,0.4,2,3,0.666666666666667,NA,TRUE,0,2,0,9,0,0,1,0,1,0,0,0,0,1,6,-1,7.2,"https://stats.nba.com/media/img/teams/logos/season/2023-24/BOS_logo.svg","https://stats.nba.com/player/1629004","https://ak-static.cms.nba.com/wp-content/uploads/headshots/nba/latest/260x190/1629004.png","https://ak-static.cms.nba.com/wp-content/uploads/headshots/nba/latest/260x190/1629004.png","https://stats.nba.com/media/players/700/1629004.png","https://ak-static.cms.nba.com/wp-content/uploads/headshots/nba/latest/260x190/1629004.png"
"390",12371,2024,"2023-24","NBA","Regular Season","2024-01-13",22300542,39,"Boston Celtics",1610612738,FALSE,FALSE,FALSE,"H","BOS vs. HOU","BOS",1,1,"HOU","BOS","HOU","W","Al Horford",32,2,1,201143,TRUE,2,3,0.667,1,2,0.5,1,TRUE,1,1,1,20,2,2,0,4,4,1,0,1,0,0,7,29,16.3,"https://stats.nba.com/media/img/teams/logos/season/2023-24/BOS_logo.svg","https://stats.nba.com/player/201143","https://stats.nba.com/media/players/230x185/201143.png","https://ak-static.cms.nba.com/wp-content/uploads/headshots/nba/latest/260x190/201143.png","https://stats.nba.com/media/players/700/201143.png","https://ak-static.cms.nba.com/wp-content/uploads/headshots/nba/latest/260x190/201143.png"
"391",12372,2024,"2023-24","NBA","Regular Season","2024-01-13",22300542,39,"Boston Celtics",1610612738,FALSE,FALSE,FALSE,"H","BOS vs. HOU","BOS",1,1,"HOU","BOS","HOU","W","Kristaps Porziņģis",29,1,1,204001,TRUE,6,11,0.545,3,5,0.6,1,TRUE,3,6,0.5,28,2,2,1,6,7,5,1,3,2,3,17,24,42.9,"https://stats.nba.com/media/img/teams/logos/season/2023-24/BOS_logo.svg","https://stats.nba.com/player/204001","https://stats.nba.com/media/players/230x185/204001.png","https://ak-static.cms.nba.com/wp-content/uploads/headshots/nba/latest/260x190/204001.png","https://stats.nba.com/media/players/700/204001.png","https://ak-static.cms.nba.com/wp-content/uploads/headshots/nba/latest/260x190/204001.png"
"392",12373,2024,"2023-24","NBA","Regular Season","2024-01-13",22300542,39,"Boston Celtics",1610612738,FALSE,FALSE,FALSE,"H","BOS vs. HOU","BOS",1,1,"HOU","BOS","HOU","W","Jayson Tatum",36,1,1,1628369,TRUE,9,17,0.529,4,7,0.571428571428571,0.714,TRUE,5,10,0.5,30,5,7,1,7,8,5,1,1,2,2,27,9,48.1,"https://stats.nba.com/media/img/teams/logos/season/2023-24/BOS_logo.svg","https://stats.nba.com/player/1628369","https://ak-static.cms.nba.com/wp-content/uploads/headshots/nba/latest/260x190/1628369.png","https://ak-static.cms.nba.com/wp-content/uploads/headshots/nba/latest/260x190/1628369.png","https://stats.nba.com/media/players/700/1628369.png","https://ak-static.cms.nba.com/wp-content/uploads/headshots/nba/latest/260x190/1628369.png"
"393",12374,2024,"2023-24","NBA","Regular Season","2024-01-13",22300542,39,"Boston Celtics",1610612738,FALSE,FALSE,FALSE,"H","BOS vs. HOU","BOS",1,1,"HOU","BOS","HOU","W","Payton Pritchard",39,1,1,1630202,TRUE,7,10,0.7,3,6,0.5,1,TRUE,4,4,1,23,2,2,2,2,4,3,0,0,2,1,19,12,26.3,"https://stats.nba.com/media/img/teams/logos/season/2023-24/BOS_logo.svg","https://stats.nba.com/player/1630202","https://ak-static.cms.nba.com/wp-content/uploads/headshots/nba/latest/260x190/1630202.png","https://ak-static.cms.nba.com/wp-content/uploads/headshots/nba/latest/260x190/1630202.png","https://stats.nba.com/media/players/700/1630202.png","https://stats.nba.com/media/img/league/nba-headshot-fallback.png"
"394",12406,2024,"2023-24","NBA","Regular Season","2024-01-13",22300542,39,"Boston Celtics",1610612738,FALSE,FALSE,FALSE,"H","BOS vs. HOU","BOS",1,1,"HOU","BOS","HOU","W","Jaylen Brown",37,1,3,1627759,TRUE,11,15,0.733,4,6,0.666666666666667,0.6,TRUE,7,9,0.777777777777778,28,6,10,1,5,6,2,2,2,3,5,32,19,51.2,"https://stats.nba.com/media/img/teams/logos/season/2023-24/BOS_logo.svg","https://stats.nba.com/player/1627759","https://stats.nba.com/media/players/230x185/1627759.png","https://ak-static.cms.nba.com/wp-content/uploads/headshots/nba/latest/260x190/1627759.png","https://stats.nba.com/media/players/700/1627759.png","https://ak-static.cms.nba.com/wp-content/uploads/headshots/nba/latest/260x190/1627759.png"
"395",12407,2024,"2023-24","NBA","Regular Season","2024-01-13",22300542,39,"Boston Celtics",1610612738,FALSE,FALSE,FALSE,"H","BOS vs. HOU","BOS",1,1,"HOU","BOS","HOU","W","Luke Kornet",26,1,1,1628436,TRUE,1,2,0.5,0,0,0,NA,TRUE,1,2,0.5,14,0,0,1,1,2,0,0,1,0,5,2,0,7.4,"https://stats.nba.com/media/img/teams/logos/season/2023-24/BOS_logo.svg","https://stats.nba.com/player/1628436","https://ak-static.cms.nba.com/wp-content/uploads/headshots/nba/latest/260x190/1628436.png","https://ak-static.cms.nba.com/wp-content/uploads/headshots/nba/latest/260x190/1628436.png","https://stats.nba.com/media/players/700/1628436.png","https://ak-static.cms.nba.com/wp-content/uploads/headshots/nba/latest/260x190/1628436.png"
"396",12433,2024,"2023-24","NBA","Regular Season","2024-01-13",22300542,39,"Boston Celtics",1610612738,FALSE,FALSE,FALSE,"H","BOS vs. HOU","BOS",1,1,"HOU","BOS","HOU","W","Derrick White",36,1,1,1628401,TRUE,5,9,0.556,3,5,0.6,NA,TRUE,2,4,0.5,25,0,0,1,2,3,5,2,0,0,1,13,29,30.1,"https://stats.nba.com/media/img/teams/logos/season/2023-24/BOS_logo.svg","https://stats.nba.com/player/1628401","https://ak-static.cms.nba.com/wp-content/uploads/headshots/nba/latest/260x190/1628401.png","https://ak-static.cms.nba.com/wp-content/uploads/headshots/nba/latest/260x190/1628401.png","https://stats.nba.com/media/players/700/1628401.png","https://ak-static.cms.nba.com/wp-content/uploads/headshots/nba/latest/260x190/1628401.png"
"397",12434,2024,"2023-24","NBA","Regular Season","2024-01-13",22300542,39,"Boston Celtics",1610612738,FALSE,FALSE,FALSE,"H","BOS vs. HOU","BOS",1,1,"HOU","BOS","HOU","W","Oshae Brissett",23,1,1,1629052,TRUE,2,2,1,1,1,1,NA,TRUE,1,1,1,9,0,0,0,3,3,2,1,0,0,1,5,-1,14.6,"https://stats.nba.com/media/img/teams/logos/season/2023-24/BOS_logo.svg","https://stats.nba.com/player/1629052","https://ak-static.cms.nba.com/wp-content/uploads/headshots/nba/latest/260x190/1629052.png","https://ak-static.cms.nba.com/wp-content/uploads/headshots/nba/latest/260x190/1629052.png","https://stats.nba.com/media/players/700/1629052.png","https://stats.nba.com/media/img/league/nba-headshot-fallback.png"
"398",12466,2024,"2023-24","NBA","Regular Season","2024-01-13",22300542,39,"Boston Celtics",1610612738,FALSE,FALSE,FALSE,"H","BOS vs. HOU","BOS",1,1,"HOU","BOS","HOU","W","Jrue Holiday",36,1,1,201950,TRUE,4,10,0.4,1,4,0.25,1,TRUE,3,6,0.5,26,2,2,2,4,6,3,0,0,1,2,11,22,21.7,"https://stats.nba.com/media/img/teams/logos/season/2023-24/BOS_logo.svg","https://stats.nba.com/player/201950","https://stats.nba.com/media/players/230x185/201950.png","https://ak-static.cms.nba.com/wp-content/uploads/headshots/nba/latest/260x190/201950.png","https://stats.nba.com/media/players/700/201950.png","https://ak-static.cms.nba.com/wp-content/uploads/headshots/nba/latest/260x190/201950.png"
"399",12467,2024,"2023-24","NBA","Regular Season","2024-01-13",22300542,39,"Boston Celtics",1610612738,FALSE,FALSE,FALSE,"H","BOS vs. HOU","BOS",1,1,"HOU","BOS","HOU","W","Lamar Stevens",15,1,3,1630205,TRUE,0,2,0,0,0,0,NA,TRUE,0,2,0,7,0,0,0,0,0,0,0,0,1,0,0,-2,-1,"https://stats.nba.com/media/img/teams/logos/season/2023-24/BOS_logo.svg","https://stats.nba.com/player/1630205","https://ak-static.cms.nba.com/wp-content/uploads/headshots/nba/latest/260x190/1630205.png","https://ak-static.cms.nba.com/wp-content/uploads/headshots/nba/latest/260x190/1630205.png","https://stats.nba.com/media/players/700/1630205.png","https://stats.nba.com/media/img/league/nba-headshot-fallback.png"
"400",12502,2024,"2023-24","NBA","Regular Season","2024-01-13",22300542,39,"Boston Celtics",1610612738,FALSE,FALSE,FALSE,"H","BOS vs. HOU","BOS",1,1,"HOU","BOS","HOU","W","Sam Hauser",38,1,1,1630573,TRUE,2,9,0.222,2,8,0.25,NA,TRUE,0,1,0,20,0,0,0,6,6,0,0,0,0,0,6,20,13.2,"https://stats.nba.com/media/img/teams/logos/season/2023-24/BOS_logo.svg","https://stats.nba.com/player/1630573","https://ak-static.cms.nba.com/wp-content/uploads/headshots/nba/latest/260x190/1630573.png","https://ak-static.cms.nba.com/wp-content/uploads/headshots/nba/latest/260x190/1630573.png","https://stats.nba.com/media/players/700/1630573.png","https://stats.nba.com/media/img/league/nba-headshot-fallback.png"
"401",12605,2024,"2023-24","NBA","Regular Season","2024-01-15",22300563,40,"Boston Celtics",1610612738,FALSE,FALSE,FALSE,"A","BOS @ TOR","BOS",1,1,"TOR","BOS","TOR","W","Luke Kornet",27,1,1,1628436,TRUE,2,2,1,0,0,0,NA,TRUE,2,2,1,18,0,0,0,3,3,0,0,1,0,1,4,12,10.6,"https://stats.nba.com/media/img/teams/logos/season/2023-24/BOS_logo.svg","https://stats.nba.com/player/1628436","https://ak-static.cms.nba.com/wp-content/uploads/headshots/nba/latest/260x190/1628436.png","https://ak-static.cms.nba.com/wp-content/uploads/headshots/nba/latest/260x190/1628436.png","https://stats.nba.com/media/players/700/1628436.png","https://ak-static.cms.nba.com/wp-content/uploads/headshots/nba/latest/260x190/1628436.png"
"402",12642,2024,"2023-24","NBA","Regular Season","2024-01-15",22300563,40,"Boston Celtics",1610612738,FALSE,FALSE,FALSE,"A","BOS @ TOR","BOS",1,1,"TOR","BOS","TOR","W","Al Horford",33,1,1,201143,TRUE,4,10,0.4,2,4,0.5,NA,TRUE,2,6,0.333333333333333,35,0,0,2,9,11,2,1,0,1,3,10,1,28.2,"https://stats.nba.com/media/img/teams/logos/season/2023-24/BOS_logo.svg","https://stats.nba.com/player/201143","https://stats.nba.com/media/players/230x185/201143.png","https://ak-static.cms.nba.com/wp-content/uploads/headshots/nba/latest/260x190/201143.png","https://stats.nba.com/media/players/700/201143.png","https://ak-static.cms.nba.com/wp-content/uploads/headshots/nba/latest/260x190/201143.png"
"403",12643,2024,"2023-24","NBA","Regular Season","2024-01-15",22300563,40,"Boston Celtics",1610612738,FALSE,FALSE,FALSE,"A","BOS @ TOR","BOS",1,1,"TOR","BOS","TOR","W","Jrue Holiday",37,1,1,201950,TRUE,7,14,0.5,4,6,0.666666666666667,1,TRUE,3,8,0.375,34,4,4,1,5,6,7,1,2,1,2,22,4,47.7,"https://stats.nba.com/media/img/teams/logos/season/2023-24/BOS_logo.svg","https://stats.nba.com/player/201950","https://stats.nba.com/media/players/230x185/201950.png","https://ak-static.cms.nba.com/wp-content/uploads/headshots/nba/latest/260x190/201950.png","https://stats.nba.com/media/players/700/201950.png","https://ak-static.cms.nba.com/wp-content/uploads/headshots/nba/latest/260x190/201950.png"
"404",12644,2024,"2023-24","NBA","Regular Season","2024-01-15",22300563,40,"Boston Celtics",1610612738,FALSE,FALSE,FALSE,"A","BOS @ TOR","BOS",1,1,"TOR","BOS","TOR","W","Derrick White",37,1,3,1628401,TRUE,7,18,0.389,5,11,0.454545454545455,1,TRUE,2,7,0.285714285714286,37,3,3,0,2,2,1,0,0,3,1,22,-8,22.9,"https://stats.nba.com/media/img/teams/logos/season/2023-24/BOS_logo.svg","https://stats.nba.com/player/1628401","https://ak-static.cms.nba.com/wp-content/uploads/headshots/nba/latest/260x190/1628401.png","https://ak-static.cms.nba.com/wp-content/uploads/headshots/nba/latest/260x190/1628401.png","https://stats.nba.com/media/players/700/1628401.png","https://ak-static.cms.nba.com/wp-content/uploads/headshots/nba/latest/260x190/1628401.png"
"405",12682,2024,"2023-24","NBA","Regular Season","2024-01-15",22300563,40,"Boston Celtics",1610612738,FALSE,FALSE,FALSE,"A","BOS @ TOR","BOS",1,1,"TOR","BOS","TOR","W","Kristaps Porziņģis",30,1,3,204001,TRUE,2,6,0.333,1,4,0.25,0.833,TRUE,1,2,0.5,32,10,12,0,6,6,2,0,2,6,4,15,2,25.2,"https://stats.nba.com/media/img/teams/logos/season/2023-24/BOS_logo.svg","https://stats.nba.com/player/204001","https://stats.nba.com/media/players/230x185/204001.png","https://ak-static.cms.nba.com/wp-content/uploads/headshots/nba/latest/260x190/204001.png","https://stats.nba.com/media/players/700/204001.png","https://ak-static.cms.nba.com/wp-content/uploads/headshots/nba/latest/260x190/204001.png"
"406",12683,2024,"2023-24","NBA","Regular Season","2024-01-15",22300563,40,"Boston Celtics",1610612738,FALSE,FALSE,FALSE,"A","BOS @ TOR","BOS",1,1,"TOR","BOS","TOR","W","Sam Hauser",39,1,1,1630573,TRUE,1,2,0.5,1,1,1,NA,TRUE,0,1,0,16,0,0,0,5,5,0,0,1,0,0,3,5,12,"https://stats.nba.com/media/img/teams/logos/season/2023-24/BOS_logo.svg","https://stats.nba.com/player/1630573","https://ak-static.cms.nba.com/wp-content/uploads/headshots/nba/latest/260x190/1630573.png","https://ak-static.cms.nba.com/wp-content/uploads/headshots/nba/latest/260x190/1630573.png","https://stats.nba.com/media/players/700/1630573.png","https://stats.nba.com/media/img/league/nba-headshot-fallback.png"
"407",12724,2024,"2023-24","NBA","Regular Season","2024-01-15",22300563,40,"Boston Celtics",1610612738,FALSE,FALSE,FALSE,"A","BOS @ TOR","BOS",1,1,"TOR","BOS","TOR","W","Jayson Tatum",37,1,1,1628369,TRUE,7,19,0.368,1,6,0.166666666666667,1,TRUE,6,13,0.461538461538462,37,4,4,0,14,14,6,1,1,1,2,19,8,49.8,"https://stats.nba.com/media/img/teams/logos/season/2023-24/BOS_logo.svg","https://stats.nba.com/player/1628369","https://ak-static.cms.nba.com/wp-content/uploads/headshots/nba/latest/260x190/1628369.png","https://ak-static.cms.nba.com/wp-content/uploads/headshots/nba/latest/260x190/1628369.png","https://stats.nba.com/media/players/700/1628369.png","https://ak-static.cms.nba.com/wp-content/uploads/headshots/nba/latest/260x190/1628369.png"
"408",12817,2024,"2023-24","NBA","Regular Season","2024-01-15",22300563,40,"Boston Celtics",1610612738,FALSE,FALSE,FALSE,"A","BOS @ TOR","BOS",1,1,"TOR","BOS","TOR","W","Oshae Brissett",24,1,1,1629052,TRUE,2,4,0.5,1,1,1,1,TRUE,1,3,0.333333333333333,7,2,2,2,1,3,0,0,0,0,1,7,5,10.6,"https://stats.nba.com/media/img/teams/logos/season/2023-24/BOS_logo.svg","https://stats.nba.com/player/1629052","https://ak-static.cms.nba.com/wp-content/uploads/headshots/nba/latest/260x190/1629052.png","https://ak-static.cms.nba.com/wp-content/uploads/headshots/nba/latest/260x190/1629052.png","https://stats.nba.com/media/players/700/1629052.png","https://stats.nba.com/media/img/league/nba-headshot-fallback.png"
"409",12818,2024,"2023-24","NBA","Regular Season","2024-01-15",22300563,40,"Boston Celtics",1610612738,FALSE,FALSE,FALSE,"A","BOS @ TOR","BOS",1,1,"TOR","BOS","TOR","W","Payton Pritchard",40,1,1,1630202,TRUE,1,7,0.143,1,6,0.166666666666667,NA,TRUE,0,1,0,24,0,0,0,3,3,2,0,0,0,2,3,16,9.6,"https://stats.nba.com/media/img/teams/logos/season/2023-24/BOS_logo.svg","https://stats.nba.com/player/1630202","https://ak-static.cms.nba.com/wp-content/uploads/headshots/nba/latest/260x190/1630202.png","https://ak-static.cms.nba.com/wp-content/uploads/headshots/nba/latest/260x190/1630202.png","https://stats.nba.com/media/players/700/1630202.png","https://stats.nba.com/media/img/league/nba-headshot-fallback.png"
"410",12890,2024,"2023-24","NBA","Regular Season","2024-01-17",22300571,41,"Boston Celtics",1610612738,FALSE,FALSE,FALSE,"H","BOS vs. SAS","BOS",1,1,"SAS","BOS","SAS","W","Al Horford",34,1,1,201143,TRUE,3,4,0.75,3,4,0.75,NA,TRUE,0,0,0,25,0,0,0,3,3,0,1,0,0,2,9,14,15.6,"https://stats.nba.com/media/img/teams/logos/season/2023-24/BOS_logo.svg","https://stats.nba.com/player/201143","https://stats.nba.com/media/players/230x185/201143.png","https://ak-static.cms.nba.com/wp-content/uploads/headshots/nba/latest/260x190/201143.png","https://stats.nba.com/media/players/700/201143.png","https://ak-static.cms.nba.com/wp-content/uploads/headshots/nba/latest/260x190/201143.png"
"411",12891,2024,"2023-24","NBA","Regular Season","2024-01-17",22300571,41,"Boston Celtics",1610612738,FALSE,FALSE,FALSE,"H","BOS vs. SAS","BOS",1,1,"SAS","BOS","SAS","W","Luke Kornet",28,1,1,1628436,TRUE,3,5,0.6,0,0,0,NA,TRUE,3,5,0.6,30,0,0,3,6,9,4,1,3,2,2,6,11,32.8,"https://stats.nba.com/media/img/teams/logos/season/2023-24/BOS_logo.svg","https://stats.nba.com/player/1628436","https://ak-static.cms.nba.com/wp-content/uploads/headshots/nba/latest/260x190/1628436.png","https://ak-static.cms.nba.com/wp-content/uploads/headshots/nba/latest/260x190/1628436.png","https://stats.nba.com/media/players/700/1628436.png","https://ak-static.cms.nba.com/wp-content/uploads/headshots/nba/latest/260x190/1628436.png"
"412",12892,2024,"2023-24","NBA","Regular Season","2024-01-17",22300571,41,"Boston Celtics",1610612738,FALSE,FALSE,FALSE,"H","BOS vs. SAS","BOS",1,1,"SAS","BOS","SAS","W","Svi Mykhailiuk",19,3,7,1629004,TRUE,0,2,0,0,2,0,NA,TRUE,0,0,0,4,0,0,0,0,0,0,0,0,0,0,0,-2,0,"https://stats.nba.com/media/img/teams/logos/season/2023-24/BOS_logo.svg","https://stats.nba.com/player/1629004","https://ak-static.cms.nba.com/wp-content/uploads/headshots/nba/latest/260x190/1629004.png","https://ak-static.cms.nba.com/wp-content/uploads/headshots/nba/latest/260x190/1629004.png","https://stats.nba.com/media/players/700/1629004.png","https://ak-static.cms.nba.com/wp-content/uploads/headshots/nba/latest/260x190/1629004.png"
"413",12893,2024,"2023-24","NBA","Regular Season","2024-01-17",22300571,41,"Boston Celtics",1610612738,FALSE,FALSE,FALSE,"H","BOS vs. SAS","BOS",1,1,"SAS","BOS","SAS","W","Sam Hauser",40,1,1,1630573,TRUE,3,6,0.5,1,4,0.25,NA,TRUE,2,2,1,20,0,0,0,4,4,2,0,0,2,0,7,18,12.8,"https://stats.nba.com/media/img/teams/logos/season/2023-24/BOS_logo.svg","https://stats.nba.com/player/1630573","https://ak-static.cms.nba.com/wp-content/uploads/headshots/nba/latest/260x190/1630573.png","https://ak-static.cms.nba.com/wp-content/uploads/headshots/nba/latest/260x190/1630573.png","https://stats.nba.com/media/players/700/1630573.png","https://stats.nba.com/media/img/league/nba-headshot-fallback.png"
"414",12894,2024,"2023-24","NBA","Regular Season","2024-01-17",22300571,41,"Boston Celtics",1610612738,FALSE,FALSE,FALSE,"H","BOS vs. SAS","BOS",1,1,"SAS","BOS","SAS","W","Dalano Banton",20,5,7,1630625,TRUE,0,2,0,0,1,0,0.5,TRUE,0,1,0,4,1,2,1,1,2,0,0,0,0,0,1,-2,3.4,"https://stats.nba.com/media/img/teams/logos/season/2023-24/BOS_logo.svg","https://stats.nba.com/player/1630625","https://ak-static.cms.nba.com/wp-content/uploads/headshots/nba/latest/260x190/1630625.png","https://ak-static.cms.nba.com/wp-content/uploads/headshots/nba/latest/260x190/1630625.png","https://stats.nba.com/media/players/700/1630625.png","https://stats.nba.com/media/img/league/nba-headshot-fallback.png"
"415",12931,2024,"2023-24","NBA","Regular Season","2024-01-17",22300571,41,"Boston Celtics",1610612738,FALSE,FALSE,FALSE,"H","BOS vs. SAS","BOS",1,1,"SAS","BOS","SAS","W","Jaylen Brown",38,3,1,1627759,TRUE,8,16,0.5,3,6,0.5,1,TRUE,5,10,0.5,31,2,2,1,6,7,5,1,1,3,2,21,12,39.9,"https://stats.nba.com/media/img/teams/logos/season/2023-24/BOS_logo.svg","https://stats.nba.com/player/1627759","https://stats.nba.com/media/players/230x185/1627759.png","https://ak-static.cms.nba.com/wp-content/uploads/headshots/nba/latest/260x190/1627759.png","https://stats.nba.com/media/players/700/1627759.png","https://ak-static.cms.nba.com/wp-content/uploads/headshots/nba/latest/260x190/1627759.png"
"416",12932,2024,"2023-24","NBA","Regular Season","2024-01-17",22300571,41,"Boston Celtics",1610612738,FALSE,FALSE,FALSE,"H","BOS vs. SAS","BOS",1,1,"SAS","BOS","SAS","W","Oshae Brissett",25,1,3,1629052,TRUE,2,5,0.4,0,1,0,0.75,TRUE,2,4,0.5,13,3,4,1,3,4,1,0,0,1,0,7,4,12.3,"https://stats.nba.com/media/img/teams/logos/season/2023-24/BOS_logo.svg","https://stats.nba.com/player/1629052","https://ak-static.cms.nba.com/wp-content/uploads/headshots/nba/latest/260x190/1629052.png","https://ak-static.cms.nba.com/wp-content/uploads/headshots/nba/latest/260x190/1629052.png","https://stats.nba.com/media/players/700/1629052.png","https://stats.nba.com/media/img/league/nba-headshot-fallback.png"
"417",12933,2024,"2023-24","NBA","Regular Season","2024-01-17",22300571,41,"Boston Celtics",1610612738,FALSE,FALSE,FALSE,"H","BOS vs. SAS","BOS",1,1,"SAS","BOS","SAS","W","Neemias Queta",15,5,3,1629674,TRUE,2,4,0.5,0,0,0,1,TRUE,2,4,0.5,12,2,2,4,4,8,0,0,2,0,5,6,6,21.6,"https://stats.nba.com/media/img/teams/logos/season/2023-24/BOS_logo.svg","https://stats.nba.com/player/1629674","https://ak-static.cms.nba.com/wp-content/uploads/headshots/nba/latest/260x190/1629674.png","https://ak-static.cms.nba.com/wp-content/uploads/headshots/nba/latest/260x190/1629674.png","https://stats.nba.com/media/players/700/1629674.png","https://stats.nba.com/media/img/league/nba-headshot-fallback.png"
"418",12934,2024,"2023-24","NBA","Regular Season","2024-01-17",22300571,41,"Boston Celtics",1610612738,FALSE,FALSE,FALSE,"H","BOS vs. SAS","BOS",1,1,"SAS","BOS","SAS","W","Jordan Walsh",1,120,120,1641775,TRUE,0,1,0,0,1,0,NA,TRUE,0,0,0,3,0,0,0,4,4,0,0,0,0,0,0,-1,4.8,"https://stats.nba.com/media/img/teams/logos/season/2023-24/BOS_logo.svg","https://stats.nba.com/player/1641775","https://ak-static.cms.nba.com/wp-content/uploads/headshots/nba/latest/260x190/1641775.png","https://ak-static.cms.nba.com/wp-content/uploads/headshots/nba/latest/260x190/1641775.png","https://stats.nba.com/media/players/700/1641775.png","https://stats.nba.com/media/img/league/nba-headshot-fallback.png"
"419",12973,2024,"2023-24","NBA","Regular Season","2024-01-17",22300571,41,"Boston Celtics",1610612738,FALSE,FALSE,FALSE,"H","BOS vs. SAS","BOS",1,1,"SAS","BOS","SAS","W","Jrue Holiday",38,1,1,201950,TRUE,8,14,0.571,6,7,0.857142857142857,NA,TRUE,2,7,0.285714285714286,31,0,0,0,4,4,4,0,0,1,0,22,10,31.8,"https://stats.nba.com/media/img/teams/logos/season/2023-24/BOS_logo.svg","https://stats.nba.com/player/201950","https://stats.nba.com/media/players/230x185/201950.png","https://ak-static.cms.nba.com/wp-content/uploads/headshots/nba/latest/260x190/201950.png","https://stats.nba.com/media/players/700/201950.png","https://ak-static.cms.nba.com/wp-content/uploads/headshots/nba/latest/260x190/201950.png"
"420",12974,2024,"2023-24","NBA","Regular Season","2024-01-17",22300571,41,"Boston Celtics",1610612738,FALSE,FALSE,FALSE,"H","BOS vs. SAS","BOS",1,1,"SAS","BOS","SAS","W","Lamar Stevens",16,3,7,1630205,TRUE,0,0,NA,0,0,0,NA,TRUE,0,0,0,5,0,0,0,0,0,0,1,0,1,0,0,-2,2,"https://stats.nba.com/media/img/teams/logos/season/2023-24/BOS_logo.svg","https://stats.nba.com/player/1630205","https://ak-static.cms.nba.com/wp-content/uploads/headshots/nba/latest/260x190/1630205.png","https://ak-static.cms.nba.com/wp-content/uploads/headshots/nba/latest/260x190/1630205.png","https://stats.nba.com/media/players/700/1630205.png","https://stats.nba.com/media/img/league/nba-headshot-fallback.png"
"421",13013,2024,"2023-24","NBA","Regular Season","2024-01-17",22300571,41,"Boston Celtics",1610612738,FALSE,FALSE,FALSE,"H","BOS vs. SAS","BOS",1,1,"SAS","BOS","SAS","W","Jayson Tatum",38,1,1,1628369,TRUE,9,21,0.429,3,8,0.375,0.6,TRUE,6,13,0.461538461538462,32,3,5,0,5,5,2,0,0,2,2,24,11,31,"https://stats.nba.com/media/img/teams/logos/season/2023-24/BOS_logo.svg","https://stats.nba.com/player/1628369","https://ak-static.cms.nba.com/wp-content/uploads/headshots/nba/latest/260x190/1628369.png","https://ak-static.cms.nba.com/wp-content/uploads/headshots/nba/latest/260x190/1628369.png","https://stats.nba.com/media/players/700/1628369.png","https://ak-static.cms.nba.com/wp-content/uploads/headshots/nba/latest/260x190/1628369.png"
"422",13014,2024,"2023-24","NBA","Regular Season","2024-01-17",22300571,41,"Boston Celtics",1610612738,FALSE,FALSE,FALSE,"H","BOS vs. SAS","BOS",1,1,"SAS","BOS","SAS","W","JD Davison",2,24,51,1631120,TRUE,0,0,NA,0,0,0,1,TRUE,0,0,0,3,2,2,1,0,1,0,0,0,0,0,2,-1,3.2,"https://stats.nba.com/media/img/teams/logos/season/2023-24/BOS_logo.svg","https://stats.nba.com/player/1631120","https://ak-static.cms.nba.com/wp-content/uploads/headshots/nba/latest/260x190/1631120.png","https://ak-static.cms.nba.com/wp-content/uploads/headshots/nba/latest/260x190/1631120.png","https://stats.nba.com/media/players/700/1631120.png","https://stats.nba.com/media/img/league/nba-headshot-fallback.png"
"423",13052,2024,"2023-24","NBA","Regular Season","2024-01-17",22300571,41,"Boston Celtics",1610612738,FALSE,FALSE,FALSE,"H","BOS vs. SAS","BOS",1,1,"SAS","BOS","SAS","W","Payton Pritchard",41,1,1,1630202,TRUE,4,10,0.4,2,4,0.5,1,TRUE,2,6,0.333333333333333,27,2,2,1,2,3,4,1,0,0,2,12,17,24.6,"https://stats.nba.com/media/img/teams/logos/season/2023-24/BOS_logo.svg","https://stats.nba.com/player/1630202","https://ak-static.cms.nba.com/wp-content/uploads/headshots/nba/latest/260x190/1630202.png","https://ak-static.cms.nba.com/wp-content/uploads/headshots/nba/latest/260x190/1630202.png","https://stats.nba.com/media/players/700/1630202.png","https://stats.nba.com/media/img/league/nba-headshot-fallback.png"
"424",13218,2024,"2023-24","NBA","Regular Season","2024-01-19",22300586,42,"Boston Celtics",1610612738,FALSE,TRUE,FALSE,"H","BOS vs. DEN","BOS",1,1,"DEN","DEN","BOS","L","Kristaps Porziņģis",31,3,1,204001,FALSE,6,11,0.545,3,5,0.6,0.75,TRUE,3,6,0.5,36,6,8,4,4,8,2,0,1,0,4,21,2,36.6,"https://stats.nba.com/media/img/teams/logos/season/2023-24/BOS_logo.svg","https://stats.nba.com/player/204001","https://stats.nba.com/media/players/230x185/204001.png","https://ak-static.cms.nba.com/wp-content/uploads/headshots/nba/latest/260x190/204001.png","https://stats.nba.com/media/players/700/204001.png","https://ak-static.cms.nba.com/wp-content/uploads/headshots/nba/latest/260x190/204001.png"
"425",13219,2024,"2023-24","NBA","Regular Season","2024-01-19",22300586,42,"Boston Celtics",1610612738,FALSE,TRUE,FALSE,"H","BOS vs. DEN","BOS",1,1,"DEN","DEN","BOS","L","Payton Pritchard",42,1,1,1630202,FALSE,1,2,0.5,1,1,1,NA,TRUE,0,1,0,12,0,0,1,1,2,1,0,0,0,1,3,0,6.9,"https://stats.nba.com/media/img/teams/logos/season/2023-24/BOS_logo.svg","https://stats.nba.com/player/1630202","https://ak-static.cms.nba.com/wp-content/uploads/headshots/nba/latest/260x190/1630202.png","https://ak-static.cms.nba.com/wp-content/uploads/headshots/nba/latest/260x190/1630202.png","https://stats.nba.com/media/players/700/1630202.png","https://stats.nba.com/media/img/league/nba-headshot-fallback.png"
"426",13246,2024,"2023-24","NBA","Regular Season","2024-01-19",22300586,42,"Boston Celtics",1610612738,FALSE,TRUE,FALSE,"H","BOS vs. DEN","BOS",1,1,"DEN","DEN","BOS","L","Derrick White",38,3,1,1628401,FALSE,9,18,0.5,5,12,0.416666666666667,1,TRUE,4,6,0.666666666666667,36,1,1,1,2,3,5,2,1,1,3,24,-2,43.1,"https://stats.nba.com/media/img/teams/logos/season/2023-24/BOS_logo.svg","https://stats.nba.com/player/1628401","https://ak-static.cms.nba.com/wp-content/uploads/headshots/nba/latest/260x190/1628401.png","https://ak-static.cms.nba.com/wp-content/uploads/headshots/nba/latest/260x190/1628401.png","https://stats.nba.com/media/players/700/1628401.png","https://ak-static.cms.nba.com/wp-content/uploads/headshots/nba/latest/260x190/1628401.png"
"427",13284,2024,"2023-24","NBA","Regular Season","2024-01-19",22300586,42,"Boston Celtics",1610612738,FALSE,TRUE,FALSE,"H","BOS vs. DEN","BOS",1,1,"DEN","DEN","BOS","L","Al Horford",35,1,2,201143,FALSE,2,5,0.4,2,5,0.4,NA,TRUE,0,0,0,27,0,0,3,7,10,2,0,0,0,3,6,4,21,"https://stats.nba.com/media/img/teams/logos/season/2023-24/BOS_logo.svg","https://stats.nba.com/player/201143","https://stats.nba.com/media/players/230x185/201143.png","https://ak-static.cms.nba.com/wp-content/uploads/headshots/nba/latest/260x190/201143.png","https://stats.nba.com/media/players/700/201143.png","https://ak-static.cms.nba.com/wp-content/uploads/headshots/nba/latest/260x190/201143.png"
"428",13285,2024,"2023-24","NBA","Regular Season","2024-01-19",22300586,42,"Boston Celtics",1610612738,FALSE,TRUE,FALSE,"H","BOS vs. DEN","BOS",1,1,"DEN","DEN","BOS","L","Jaylen Brown",39,1,1,1627759,FALSE,6,19,0.316,1,9,0.111111111111111,0,TRUE,5,10,0.5,36,0,2,0,2,2,1,2,0,0,3,13,-2,22.9,"https://stats.nba.com/media/img/teams/logos/season/2023-24/BOS_logo.svg","https://stats.nba.com/player/1627759","https://stats.nba.com/media/players/230x185/1627759.png","https://ak-static.cms.nba.com/wp-content/uploads/headshots/nba/latest/260x190/1627759.png","https://stats.nba.com/media/players/700/1627759.png","https://ak-static.cms.nba.com/wp-content/uploads/headshots/nba/latest/260x190/1627759.png"
"429",13286,2024,"2023-24","NBA","Regular Season","2024-01-19",22300586,42,"Boston Celtics",1610612738,FALSE,TRUE,FALSE,"H","BOS vs. DEN","BOS",1,1,"DEN","DEN","BOS","L","Sam Hauser",41,1,1,1630573,FALSE,0,1,0,0,1,0,NA,TRUE,0,0,0,16,0,0,0,1,1,1,0,0,0,2,0,-5,2.7,"https://stats.nba.com/media/img/teams/logos/season/2023-24/BOS_logo.svg","https://stats.nba.com/player/1630573","https://ak-static.cms.nba.com/wp-content/uploads/headshots/nba/latest/260x190/1630573.png","https://ak-static.cms.nba.com/wp-content/uploads/headshots/nba/latest/260x190/1630573.png","https://stats.nba.com/media/players/700/1630573.png","https://stats.nba.com/media/img/league/nba-headshot-fallback.png"
"430",13315,2024,"2023-24","NBA","Regular Season","2024-01-19",22300586,42,"Boston Celtics",1610612738,FALSE,TRUE,FALSE,"H","BOS vs. DEN","BOS",1,1,"DEN","DEN","BOS","L","Jayson Tatum",39,1,1,1628369,FALSE,9,24,0.375,1,8,0.125,1,TRUE,8,16,0.5,39,3,3,2,6,8,5,1,0,0,1,22,6,42.1,"https://stats.nba.com/media/img/teams/logos/season/2023-24/BOS_logo.svg","https://stats.nba.com/player/1628369","https://ak-static.cms.nba.com/wp-content/uploads/headshots/nba/latest/260x190/1628369.png","https://ak-static.cms.nba.com/wp-content/uploads/headshots/nba/latest/260x190/1628369.png","https://stats.nba.com/media/players/700/1628369.png","https://ak-static.cms.nba.com/wp-content/uploads/headshots/nba/latest/260x190/1628369.png"
"431",13338,2024,"2023-24","NBA","Regular Season","2024-01-19",22300586,42,"Boston Celtics",1610612738,FALSE,TRUE,FALSE,"H","BOS vs. DEN","BOS",1,1,"DEN","DEN","BOS","L","Jrue Holiday",39,1,2,201950,FALSE,3,7,0.429,1,3,0.333333333333333,NA,TRUE,2,4,0.5,30,0,0,1,1,2,3,0,0,1,0,7,-12,12.9,"https://stats.nba.com/media/img/teams/logos/season/2023-24/BOS_logo.svg","https://stats.nba.com/player/201950","https://stats.nba.com/media/players/230x185/201950.png","https://ak-static.cms.nba.com/wp-content/uploads/headshots/nba/latest/260x190/201950.png","https://stats.nba.com/media/players/700/201950.png","https://ak-static.cms.nba.com/wp-content/uploads/headshots/nba/latest/260x190/201950.png"
"432",13339,2024,"2023-24","NBA","Regular Season","2024-01-19",22300586,42,"Boston Celtics",1610612738,FALSE,TRUE,FALSE,"H","BOS vs. DEN","BOS",1,1,"DEN","DEN","BOS","L","Luke Kornet",29,1,1,1628436,FALSE,2,2,1,0,0,0,NA,TRUE,2,2,1,8,0,0,0,2,2,1,0,0,0,0,4,-1,7.9,"https://stats.nba.com/media/img/teams/logos/season/2023-24/BOS_logo.svg","https://stats.nba.com/player/1628436","https://ak-static.cms.nba.com/wp-content/uploads/headshots/nba/latest/260x190/1628436.png","https://ak-static.cms.nba.com/wp-content/uploads/headshots/nba/latest/260x190/1628436.png","https://stats.nba.com/media/players/700/1628436.png","https://ak-static.cms.nba.com/wp-content/uploads/headshots/nba/latest/260x190/1628436.png"
"433",13519,2024,"2023-24","NBA","Regular Season","2024-01-21",22300603,43,"Boston Celtics",1610612738,TRUE,FALSE,FALSE,"A","BOS @ HOU","BOS",1,0,"HOU","BOS","HOU","W","Jaylen Brown",40,1,0,1627759,TRUE,6,14,0.429,1,3,0.333333333333333,0,TRUE,5,11,0.454545454545455,31,0,2,0,11,11,10,3,0,3,0,13,4,47.2,"https://stats.nba.com/media/img/teams/logos/season/2023-24/BOS_logo.svg","https://stats.nba.com/player/1627759","https://stats.nba.com/media/players/230x185/1627759.png","https://ak-static.cms.nba.com/wp-content/uploads/headshots/nba/latest/260x190/1627759.png","https://stats.nba.com/media/players/700/1627759.png","https://ak-static.cms.nba.com/wp-content/uploads/headshots/nba/latest/260x190/1627759.png"
"434",13520,2024,"2023-24","NBA","Regular Season","2024-01-21",22300603,43,"Boston Celtics",1610612738,TRUE,FALSE,FALSE,"A","BOS @ HOU","BOS",1,0,"HOU","BOS","HOU","W","Jayson Tatum",40,1,0,1628369,TRUE,4,17,0.235,1,6,0.166666666666667,0.75,TRUE,3,11,0.272727272727273,35,9,12,1,6,7,3,1,0,2,0,18,-4,31.9,"https://stats.nba.com/media/img/teams/logos/season/2023-24/BOS_logo.svg","https://stats.nba.com/player/1628369","https://ak-static.cms.nba.com/wp-content/uploads/headshots/nba/latest/260x190/1628369.png","https://ak-static.cms.nba.com/wp-content/uploads/headshots/nba/latest/260x190/1628369.png","https://stats.nba.com/media/players/700/1628369.png","https://ak-static.cms.nba.com/wp-content/uploads/headshots/nba/latest/260x190/1628369.png"
"435",13521,2024,"2023-24","NBA","Regular Season","2024-01-21",22300603,43,"Boston Celtics",1610612738,TRUE,FALSE,FALSE,"A","BOS @ HOU","BOS",1,0,"HOU","BOS","HOU","W","Payton Pritchard",43,1,0,1630202,TRUE,3,6,0.5,3,5,0.6,NA,TRUE,0,1,0,30,0,0,1,1,2,4,2,0,0,1,9,5,23.4,"https://stats.nba.com/media/img/teams/logos/season/2023-24/BOS_logo.svg","https://stats.nba.com/player/1630202","https://ak-static.cms.nba.com/wp-content/uploads/headshots/nba/latest/260x190/1630202.png","https://ak-static.cms.nba.com/wp-content/uploads/headshots/nba/latest/260x190/1630202.png","https://stats.nba.com/media/players/700/1630202.png","https://stats.nba.com/media/img/league/nba-headshot-fallback.png"
"436",13549,2024,"2023-24","NBA","Regular Season","2024-01-21",22300603,43,"Boston Celtics",1610612738,TRUE,FALSE,FALSE,"A","BOS @ HOU","BOS",1,0,"HOU","BOS","HOU","W","Neemias Queta",16,3,3,1629674,TRUE,0,0,NA,0,0,0,NA,TRUE,0,0,0,3,0,0,0,0,0,0,1,0,0,2,0,-1,3,"https://stats.nba.com/media/img/teams/logos/season/2023-24/BOS_logo.svg","https://stats.nba.com/player/1629674","https://ak-static.cms.nba.com/wp-content/uploads/headshots/nba/latest/260x190/1629674.png","https://ak-static.cms.nba.com/wp-content/uploads/headshots/nba/latest/260x190/1629674.png","https://stats.nba.com/media/players/700/1629674.png","https://stats.nba.com/media/img/league/nba-headshot-fallback.png"
"437",13550,2024,"2023-24","NBA","Regular Season","2024-01-21",22300603,43,"Boston Celtics",1610612738,TRUE,FALSE,FALSE,"A","BOS @ HOU","BOS",1,0,"HOU","BOS","HOU","W","Sam Hauser",42,1,0,1630573,TRUE,3,12,0.25,3,12,0.25,NA,TRUE,0,0,0,31,0,0,2,5,7,6,1,1,1,0,9,8,31.4,"https://stats.nba.com/media/img/teams/logos/season/2023-24/BOS_logo.svg","https://stats.nba.com/player/1630573","https://ak-static.cms.nba.com/wp-content/uploads/headshots/nba/latest/260x190/1630573.png","https://ak-static.cms.nba.com/wp-content/uploads/headshots/nba/latest/260x190/1630573.png","https://stats.nba.com/media/players/700/1630573.png","https://stats.nba.com/media/img/league/nba-headshot-fallback.png"
"438",13572,2024,"2023-24","NBA","Regular Season","2024-01-21",22300603,43,"Boston Celtics",1610612738,TRUE,FALSE,FALSE,"A","BOS @ HOU","BOS",1,0,"HOU","BOS","HOU","W","Oshae Brissett",26,3,3,1629052,TRUE,3,5,0.6,0,2,0,NA,TRUE,3,3,1,18,0,0,1,1,2,3,0,1,3,4,6,4,12.9,"https://stats.nba.com/media/img/teams/logos/season/2023-24/BOS_logo.svg","https://stats.nba.com/player/1629052","https://ak-static.cms.nba.com/wp-content/uploads/headshots/nba/latest/260x190/1629052.png","https://ak-static.cms.nba.com/wp-content/uploads/headshots/nba/latest/260x190/1629052.png","https://stats.nba.com/media/players/700/1629052.png","https://stats.nba.com/media/img/league/nba-headshot-fallback.png"
"439",13585,2024,"2023-24","NBA","Regular Season","2024-01-21",22300603,43,"Boston Celtics",1610612738,TRUE,FALSE,FALSE,"A","BOS @ HOU","BOS",1,0,"HOU","BOS","HOU","W","Derrick White",39,1,0,1628401,TRUE,9,19,0.474,3,8,0.375,NA,TRUE,6,11,0.545454545454545,36,0,0,2,9,11,3,0,2,3,2,21,13,41.7,"https://stats.nba.com/media/img/teams/logos/season/2023-24/BOS_logo.svg","https://stats.nba.com/player/1628401","https://ak-static.cms.nba.com/wp-content/uploads/headshots/nba/latest/260x190/1628401.png","https://ak-static.cms.nba.com/wp-content/uploads/headshots/nba/latest/260x190/1628401.png","https://stats.nba.com/media/players/700/1628401.png","https://ak-static.cms.nba.com/wp-content/uploads/headshots/nba/latest/260x190/1628401.png"
"440",13586,2024,"2023-24","NBA","Regular Season","2024-01-21",22300603,43,"Boston Celtics",1610612738,TRUE,FALSE,FALSE,"A","BOS @ HOU","BOS",1,0,"HOU","BOS","HOU","W","Luke Kornet",30,1,0,1628436,TRUE,4,4,1,0,0,0,NA,TRUE,4,4,1,23,0,0,5,4,9,1,1,3,1,3,8,-2,31.3,"https://stats.nba.com/media/img/teams/logos/season/2023-24/BOS_logo.svg","https://stats.nba.com/player/1628436","https://ak-static.cms.nba.com/wp-content/uploads/headshots/nba/latest/260x190/1628436.png","https://ak-static.cms.nba.com/wp-content/uploads/headshots/nba/latest/260x190/1628436.png","https://stats.nba.com/media/players/700/1628436.png","https://ak-static.cms.nba.com/wp-content/uploads/headshots/nba/latest/260x190/1628436.png"
"441",13611,2024,"2023-24","NBA","Regular Season","2024-01-21",22300603,43,"Boston Celtics",1610612738,TRUE,FALSE,FALSE,"A","BOS @ HOU","BOS",1,0,"HOU","BOS","HOU","W","Kristaps Porziņģis",32,1,3,204001,TRUE,11,21,0.524,6,11,0.545454545454545,1,TRUE,5,10,0.5,33,4,4,4,2,6,1,1,5,3,5,32,18,55.7,"https://stats.nba.com/media/img/teams/logos/season/2023-24/BOS_logo.svg","https://stats.nba.com/player/204001","https://stats.nba.com/media/players/230x185/204001.png","https://ak-static.cms.nba.com/wp-content/uploads/headshots/nba/latest/260x190/204001.png","https://stats.nba.com/media/players/700/204001.png","https://ak-static.cms.nba.com/wp-content/uploads/headshots/nba/latest/260x190/204001.png"
"442",13651,2024,"2023-24","NBA","Regular Season","2024-01-22",22300611,44,"Boston Celtics",1610612738,TRUE,FALSE,TRUE,"A","BOS @ DAL","BOS",0,2,"DAL","BOS","DAL","W","Jaylen Brown",41,0,2,1627759,TRUE,13,22,0.591,2,7,0.285714285714286,0.667,TRUE,11,15,0.733333333333333,37,6,9,1,2,3,4,0,2,0,5,34,-6,49.6,"https://stats.nba.com/media/img/teams/logos/season/2023-24/BOS_logo.svg","https://stats.nba.com/player/1627759","https://stats.nba.com/media/players/230x185/1627759.png","https://ak-static.cms.nba.com/wp-content/uploads/headshots/nba/latest/260x190/1627759.png","https://stats.nba.com/media/players/700/1627759.png","https://ak-static.cms.nba.com/wp-content/uploads/headshots/nba/latest/260x190/1627759.png"
"443",13652,2024,"2023-24","NBA","Regular Season","2024-01-22",22300611,44,"Boston Celtics",1610612738,TRUE,FALSE,TRUE,"A","BOS @ DAL","BOS",0,2,"DAL","BOS","DAL","W","Jayson Tatum",41,0,2,1628369,TRUE,11,21,0.524,2,8,0.25,0.789,TRUE,9,13,0.692307692307692,41,15,19,0,11,11,5,3,2,0,4,39,27,74.7,"https://stats.nba.com/media/img/teams/logos/season/2023-24/BOS_logo.svg","https://stats.nba.com/player/1628369","https://ak-static.cms.nba.com/wp-content/uploads/headshots/nba/latest/260x190/1628369.png","https://ak-static.cms.nba.com/wp-content/uploads/headshots/nba/latest/260x190/1628369.png","https://stats.nba.com/media/players/700/1628369.png","https://ak-static.cms.nba.com/wp-content/uploads/headshots/nba/latest/260x190/1628369.png"
"444",13653,2024,"2023-24","NBA","Regular Season","2024-01-22",22300611,44,"Boston Celtics",1610612738,TRUE,FALSE,TRUE,"A","BOS @ DAL","BOS",0,2,"DAL","BOS","DAL","W","Derrick White",40,0,2,1628401,TRUE,2,12,0.167,1,7,0.142857142857143,0.5,TRUE,1,5,0.2,34,1,2,0,4,4,1,2,1,1,3,6,-11,20.3,"https://stats.nba.com/media/img/teams/logos/season/2023-24/BOS_logo.svg","https://stats.nba.com/player/1628401","https://ak-static.cms.nba.com/wp-content/uploads/headshots/nba/latest/260x190/1628401.png","https://ak-static.cms.nba.com/wp-content/uploads/headshots/nba/latest/260x190/1628401.png","https://stats.nba.com/media/players/700/1628401.png","https://ak-static.cms.nba.com/wp-content/uploads/headshots/nba/latest/260x190/1628401.png"
"445",13702,2024,"2023-24","NBA","Regular Season","2024-01-22",22300611,44,"Boston Celtics",1610612738,TRUE,FALSE,TRUE,"A","BOS @ DAL","BOS",0,2,"DAL","BOS","DAL","W","Al Horford",36,2,2,201143,TRUE,4,7,0.571,3,6,0.5,NA,TRUE,1,1,1,31,0,0,1,5,6,3,1,0,1,2,11,8,24.7,"https://stats.nba.com/media/img/teams/logos/season/2023-24/BOS_logo.svg","https://stats.nba.com/player/201143","https://stats.nba.com/media/players/230x185/201143.png","https://ak-static.cms.nba.com/wp-content/uploads/headshots/nba/latest/260x190/201143.png","https://stats.nba.com/media/players/700/201143.png","https://ak-static.cms.nba.com/wp-content/uploads/headshots/nba/latest/260x190/201143.png"
"446",13703,2024,"2023-24","NBA","Regular Season","2024-01-22",22300611,44,"Boston Celtics",1610612738,TRUE,FALSE,TRUE,"A","BOS @ DAL","BOS",0,2,"DAL","BOS","DAL","W","Luke Kornet",31,0,2,1628436,TRUE,1,3,0.333,0,0,0,NA,TRUE,1,3,0.333333333333333,19,0,0,1,4,5,1,0,1,2,2,2,-4,10.5,"https://stats.nba.com/media/img/teams/logos/season/2023-24/BOS_logo.svg","https://stats.nba.com/player/1628436","https://ak-static.cms.nba.com/wp-content/uploads/headshots/nba/latest/260x190/1628436.png","https://ak-static.cms.nba.com/wp-content/uploads/headshots/nba/latest/260x190/1628436.png","https://stats.nba.com/media/players/700/1628436.png","https://ak-static.cms.nba.com/wp-content/uploads/headshots/nba/latest/260x190/1628436.png"
"447",13756,2024,"2023-24","NBA","Regular Season","2024-01-22",22300611,44,"Boston Celtics",1610612738,TRUE,FALSE,TRUE,"A","BOS @ DAL","BOS",0,2,"DAL","BOS","DAL","W","Jrue Holiday",40,2,2,201950,TRUE,6,13,0.462,5,12,0.416666666666667,NA,TRUE,1,1,1,38,0,0,0,7,7,6,0,1,1,2,17,19,36.4,"https://stats.nba.com/media/img/teams/logos/season/2023-24/BOS_logo.svg","https://stats.nba.com/player/201950","https://stats.nba.com/media/players/230x185/201950.png","https://ak-static.cms.nba.com/wp-content/uploads/headshots/nba/latest/260x190/201950.png","https://stats.nba.com/media/players/700/201950.png","https://ak-static.cms.nba.com/wp-content/uploads/headshots/nba/latest/260x190/201950.png"
"448",13757,2024,"2023-24","NBA","Regular Season","2024-01-22",22300611,44,"Boston Celtics",1610612738,TRUE,FALSE,TRUE,"A","BOS @ DAL","BOS",0,2,"DAL","BOS","DAL","W","Payton Pritchard",44,0,2,1630202,TRUE,2,7,0.286,1,4,0.25,NA,TRUE,1,3,0.333333333333333,25,0,0,1,6,7,6,1,1,1,1,5,16,27.4,"https://stats.nba.com/media/img/teams/logos/season/2023-24/BOS_logo.svg","https://stats.nba.com/player/1630202","https://ak-static.cms.nba.com/wp-content/uploads/headshots/nba/latest/260x190/1630202.png","https://ak-static.cms.nba.com/wp-content/uploads/headshots/nba/latest/260x190/1630202.png","https://stats.nba.com/media/players/700/1630202.png","https://stats.nba.com/media/img/league/nba-headshot-fallback.png"
"449",13794,2024,"2023-24","NBA","Regular Season","2024-01-22",22300611,44,"Boston Celtics",1610612738,TRUE,FALSE,TRUE,"A","BOS @ DAL","BOS",0,2,"DAL","BOS","DAL","W","Sam Hauser",43,0,2,1630573,TRUE,2,3,0.667,1,2,0.5,NA,TRUE,1,1,1,15,0,0,1,0,1,0,0,0,0,1,5,-4,6.2,"https://stats.nba.com/media/img/teams/logos/season/2023-24/BOS_logo.svg","https://stats.nba.com/player/1630573","https://ak-static.cms.nba.com/wp-content/uploads/headshots/nba/latest/260x190/1630573.png","https://ak-static.cms.nba.com/wp-content/uploads/headshots/nba/latest/260x190/1630573.png","https://stats.nba.com/media/players/700/1630573.png","https://stats.nba.com/media/img/league/nba-headshot-fallback.png"
"450",14094,2024,"2023-24","NBA","Regular Season","2024-01-25",22300630,45,"Boston Celtics",1610612738,FALSE,FALSE,FALSE,"A","BOS @ MIA","BOS",2,1,"MIA","BOS","MIA","W","Luke Kornet",32,2,1,1628436,TRUE,4,4,1,0,0,0,1,TRUE,4,4,1,19,4,4,1,4,5,1,0,0,0,1,12,10,19.5,"https://stats.nba.com/media/img/teams/logos/season/2023-24/BOS_logo.svg","https://stats.nba.com/player/1628436","https://ak-static.cms.nba.com/wp-content/uploads/headshots/nba/latest/260x190/1628436.png","https://ak-static.cms.nba.com/wp-content/uploads/headshots/nba/latest/260x190/1628436.png","https://stats.nba.com/media/players/700/1628436.png","https://ak-static.cms.nba.com/wp-content/uploads/headshots/nba/latest/260x190/1628436.png"
"451",14095,2024,"2023-24","NBA","Regular Season","2024-01-25",22300630,45,"Boston Celtics",1610612738,FALSE,FALSE,FALSE,"A","BOS @ MIA","BOS",2,1,"MIA","BOS","MIA","W","Oshae Brissett",27,3,1,1629052,TRUE,2,2,1,0,0,0,NA,TRUE,2,2,1,3,0,0,1,1,2,0,0,0,0,0,4,-1,6.4,"https://stats.nba.com/media/img/teams/logos/season/2023-24/BOS_logo.svg","https://stats.nba.com/player/1629052","https://ak-static.cms.nba.com/wp-content/uploads/headshots/nba/latest/260x190/1629052.png","https://ak-static.cms.nba.com/wp-content/uploads/headshots/nba/latest/260x190/1629052.png","https://stats.nba.com/media/players/700/1629052.png","https://stats.nba.com/media/img/league/nba-headshot-fallback.png"
"452",14096,2024,"2023-24","NBA","Regular Season","2024-01-25",22300630,45,"Boston Celtics",1610612738,FALSE,FALSE,FALSE,"A","BOS @ MIA","BOS",2,1,"MIA","BOS","MIA","W","Neemias Queta",17,3,1,1629674,TRUE,0,0,NA,0,0,0,NA,TRUE,0,0,0,4,0,0,0,1,1,0,0,1,0,2,0,3,4.2,"https://stats.nba.com/media/img/teams/logos/season/2023-24/BOS_logo.svg","https://stats.nba.com/player/1629674","https://ak-static.cms.nba.com/wp-content/uploads/headshots/nba/latest/260x190/1629674.png","https://ak-static.cms.nba.com/wp-content/uploads/headshots/nba/latest/260x190/1629674.png","https://stats.nba.com/media/players/700/1629674.png","https://stats.nba.com/media/img/league/nba-headshot-fallback.png"
"453",14097,2024,"2023-24","NBA","Regular Season","2024-01-25",22300630,45,"Boston Celtics",1610612738,FALSE,FALSE,FALSE,"A","BOS @ MIA","BOS",2,1,"MIA","BOS","MIA","W","Payton Pritchard",45,2,1,1630202,TRUE,4,7,0.571,1,2,0.5,1,TRUE,3,5,0.6,23,2,2,0,3,3,3,0,0,0,0,11,13,19.1,"https://stats.nba.com/media/img/teams/logos/season/2023-24/BOS_logo.svg","https://stats.nba.com/player/1630202","https://ak-static.cms.nba.com/wp-content/uploads/headshots/nba/latest/260x190/1630202.png","https://ak-static.cms.nba.com/wp-content/uploads/headshots/nba/latest/260x190/1630202.png","https://stats.nba.com/media/players/700/1630202.png","https://stats.nba.com/media/img/league/nba-headshot-fallback.png"
"454",14133,2024,"2023-24","NBA","Regular Season","2024-01-25",22300630,45,"Boston Celtics",1610612738,FALSE,FALSE,FALSE,"A","BOS @ MIA","BOS",2,1,"MIA","BOS","MIA","W","Jaylen Brown",42,2,1,1627759,TRUE,7,11,0.636,4,8,0.5,NA,TRUE,3,3,1,27,0,0,1,3,4,5,3,0,3,1,18,22,36.3,"https://stats.nba.com/media/img/teams/logos/season/2023-24/BOS_logo.svg","https://stats.nba.com/player/1627759","https://stats.nba.com/media/players/230x185/1627759.png","https://ak-static.cms.nba.com/wp-content/uploads/headshots/nba/latest/260x190/1627759.png","https://stats.nba.com/media/players/700/1627759.png","https://ak-static.cms.nba.com/wp-content/uploads/headshots/nba/latest/260x190/1627759.png"
"455",14134,2024,"2023-24","NBA","Regular Season","2024-01-25",22300630,45,"Boston Celtics",1610612738,FALSE,FALSE,FALSE,"A","BOS @ MIA","BOS",2,1,"MIA","BOS","MIA","W","Derrick White",41,2,1,1628401,TRUE,6,12,0.5,3,9,0.333333333333333,NA,TRUE,3,3,1,29,0,0,2,4,6,6,0,2,1,0,15,24,36.2,"https://stats.nba.com/media/img/teams/logos/season/2023-24/BOS_logo.svg","https://stats.nba.com/player/1628401","https://ak-static.cms.nba.com/wp-content/uploads/headshots/nba/latest/260x190/1628401.png","https://ak-static.cms.nba.com/wp-content/uploads/headshots/nba/latest/260x190/1628401.png","https://stats.nba.com/media/players/700/1628401.png","https://ak-static.cms.nba.com/wp-content/uploads/headshots/nba/latest/260x190/1628401.png"
"456",14162,2024,"2023-24","NBA","Regular Season","2024-01-25",22300630,45,"Boston Celtics",1610612738,FALSE,FALSE,FALSE,"A","BOS @ MIA","BOS",2,1,"MIA","BOS","MIA","W","Jayson Tatum",42,2,1,1628369,TRUE,7,15,0.467,3,7,0.428571428571429,0.9,TRUE,4,8,0.5,32,9,10,1,7,8,4,0,0,1,1,26,22,40.6,"https://stats.nba.com/media/img/teams/logos/season/2023-24/BOS_logo.svg","https://stats.nba.com/player/1628369","https://ak-static.cms.nba.com/wp-content/uploads/headshots/nba/latest/260x190/1628369.png","https://ak-static.cms.nba.com/wp-content/uploads/headshots/nba/latest/260x190/1628369.png","https://stats.nba.com/media/players/700/1628369.png","https://ak-static.cms.nba.com/wp-content/uploads/headshots/nba/latest/260x190/1628369.png"
"457",14163,2024,"2023-24","NBA","Regular Season","2024-01-25",22300630,45,"Boston Celtics",1610612738,FALSE,FALSE,FALSE,"A","BOS @ MIA","BOS",2,1,"MIA","BOS","MIA","W","Sam Hauser",44,2,1,1630573,TRUE,2,2,1,1,1,1,NA,TRUE,1,1,1,12,0,0,0,0,0,1,0,0,1,0,5,13,5.5,"https://stats.nba.com/media/img/teams/logos/season/2023-24/BOS_logo.svg","https://stats.nba.com/player/1630573","https://ak-static.cms.nba.com/wp-content/uploads/headshots/nba/latest/260x190/1630573.png","https://ak-static.cms.nba.com/wp-content/uploads/headshots/nba/latest/260x190/1630573.png","https://stats.nba.com/media/players/700/1630573.png","https://stats.nba.com/media/img/league/nba-headshot-fallback.png"
"458",14180,2024,"2023-24","NBA","Regular Season","2024-01-25",22300630,45,"Boston Celtics",1610612738,FALSE,FALSE,FALSE,"A","BOS @ MIA","BOS",2,1,"MIA","BOS","MIA","W","Jrue Holiday",41,2,1,201950,TRUE,7,8,0.875,3,4,0.75,NA,TRUE,4,4,1,29,0,0,0,5,5,5,0,1,3,1,17,13,30.5,"https://stats.nba.com/media/img/teams/logos/season/2023-24/BOS_logo.svg","https://stats.nba.com/player/201950","https://stats.nba.com/media/players/230x185/201950.png","https://ak-static.cms.nba.com/wp-content/uploads/headshots/nba/latest/260x190/201950.png","https://stats.nba.com/media/players/700/201950.png","https://ak-static.cms.nba.com/wp-content/uploads/headshots/nba/latest/260x190/201950.png"
"459",14181,2024,"2023-24","NBA","Regular Season","2024-01-25",22300630,45,"Boston Celtics",1610612738,FALSE,FALSE,FALSE,"A","BOS @ MIA","BOS",2,1,"MIA","BOS","MIA","W","Jordan Walsh",2,7,9,1641775,TRUE,0,0,NA,0,0,0,NA,TRUE,0,0,0,3,0,0,0,1,1,1,0,0,0,0,0,2,2.7,"https://stats.nba.com/media/img/teams/logos/season/2023-24/BOS_logo.svg","https://stats.nba.com/player/1641775","https://ak-static.cms.nba.com/wp-content/uploads/headshots/nba/latest/260x190/1641775.png","https://ak-static.cms.nba.com/wp-content/uploads/headshots/nba/latest/260x190/1641775.png","https://stats.nba.com/media/players/700/1641775.png","https://stats.nba.com/media/img/league/nba-headshot-fallback.png"
"460",14212,2024,"2023-24","NBA","Regular Season","2024-01-25",22300630,45,"Boston Celtics",1610612738,FALSE,FALSE,FALSE,"A","BOS @ MIA","BOS",2,1,"MIA","BOS","MIA","W","Al Horford",37,2,1,201143,TRUE,3,4,0.75,2,3,0.666666666666667,NA,TRUE,1,1,1,23,0,0,0,7,7,6,0,1,1,2,8,12,27.4,"https://stats.nba.com/media/img/teams/logos/season/2023-24/BOS_logo.svg","https://stats.nba.com/player/201143","https://stats.nba.com/media/players/230x185/201143.png","https://ak-static.cms.nba.com/wp-content/uploads/headshots/nba/latest/260x190/201143.png","https://stats.nba.com/media/players/700/201143.png","https://ak-static.cms.nba.com/wp-content/uploads/headshots/nba/latest/260x190/201143.png"
"461",14213,2024,"2023-24","NBA","Regular Season","2024-01-25",22300630,45,"Boston Celtics",1610612738,FALSE,FALSE,FALSE,"A","BOS @ MIA","BOS",2,1,"MIA","BOS","MIA","W","Kristaps Porziņģis",33,3,4,204001,TRUE,6,9,0.667,3,4,0.75,1,TRUE,3,5,0.6,21,4,4,0,4,4,1,0,0,0,1,19,26,25.3,"https://stats.nba.com/media/img/teams/logos/season/2023-24/BOS_logo.svg","https://stats.nba.com/player/204001","https://stats.nba.com/media/players/230x185/204001.png","https://ak-static.cms.nba.com/wp-content/uploads/headshots/nba/latest/260x190/204001.png","https://stats.nba.com/media/players/700/204001.png","https://ak-static.cms.nba.com/wp-content/uploads/headshots/nba/latest/260x190/204001.png"
"462",14214,2024,"2023-24","NBA","Regular Season","2024-01-25",22300630,45,"Boston Celtics",1610612738,FALSE,FALSE,FALSE,"A","BOS @ MIA","BOS",2,1,"MIA","BOS","MIA","W","Svi Mykhailiuk",20,7,1,1629004,TRUE,2,2,1,2,2,1,NA,TRUE,0,0,0,3,0,0,0,0,0,0,0,0,0,0,6,2,6,"https://stats.nba.com/media/img/teams/logos/season/2023-24/BOS_logo.svg","https://stats.nba.com/player/1629004","https://ak-static.cms.nba.com/wp-content/uploads/headshots/nba/latest/260x190/1629004.png","https://ak-static.cms.nba.com/wp-content/uploads/headshots/nba/latest/260x190/1629004.png","https://stats.nba.com/media/players/700/1629004.png","https://ak-static.cms.nba.com/wp-content/uploads/headshots/nba/latest/260x190/1629004.png"
"463",14215,2024,"2023-24","NBA","Regular Season","2024-01-25",22300630,45,"Boston Celtics",1610612738,FALSE,FALSE,FALSE,"A","BOS @ MIA","BOS",2,1,"MIA","BOS","MIA","W","Lamar Stevens",17,7,1,1630205,TRUE,1,3,0.333,0,0,0,NA,TRUE,1,3,0.333333333333333,4,0,0,0,1,1,1,0,0,1,0,2,3,3.7,"https://stats.nba.com/media/img/teams/logos/season/2023-24/BOS_logo.svg","https://stats.nba.com/player/1630205","https://ak-static.cms.nba.com/wp-content/uploads/headshots/nba/latest/260x190/1630205.png","https://ak-static.cms.nba.com/wp-content/uploads/headshots/nba/latest/260x190/1630205.png","https://stats.nba.com/media/players/700/1630205.png","https://stats.nba.com/media/img/league/nba-headshot-fallback.png"
"464",14240,2024,"2023-24","NBA","Regular Season","2024-01-25",22300630,45,"Boston Celtics",1610612738,FALSE,FALSE,FALSE,"A","BOS @ MIA","BOS",2,1,"MIA","BOS","MIA","W","Dalano Banton",21,7,1,1630625,TRUE,0,1,0,0,0,0,NA,TRUE,0,1,0,7,0,0,0,0,0,2,1,0,0,1,0,1,6,"https://stats.nba.com/media/img/teams/logos/season/2023-24/BOS_logo.svg","https://stats.nba.com/player/1630625","https://ak-static.cms.nba.com/wp-content/uploads/headshots/nba/latest/260x190/1630625.png","https://ak-static.cms.nba.com/wp-content/uploads/headshots/nba/latest/260x190/1630625.png","https://stats.nba.com/media/players/700/1630625.png","https://stats.nba.com/media/img/league/nba-headshot-fallback.png"
"465",14431,2024,"2023-24","NBA","Regular Season","2024-01-27",22300646,46,"Boston Celtics",1610612738,FALSE,TRUE,FALSE,"H","BOS vs. LAC","BOS",1,1,"LAC","LAC","BOS","L","Al Horford",38,1,1,201143,FALSE,0,5,0,0,4,0,NA,TRUE,0,1,0,19,0,0,0,2,2,1,0,0,1,1,0,-21,2.9,"https://stats.nba.com/media/img/teams/logos/season/2023-24/BOS_logo.svg","https://stats.nba.com/player/201143","https://stats.nba.com/media/players/230x185/201143.png","https://ak-static.cms.nba.com/wp-content/uploads/headshots/nba/latest/260x190/201143.png","https://stats.nba.com/media/players/700/201143.png","https://ak-static.cms.nba.com/wp-content/uploads/headshots/nba/latest/260x190/201143.png"
"466",14432,2024,"2023-24","NBA","Regular Season","2024-01-27",22300646,46,"Boston Celtics",1610612738,FALSE,TRUE,FALSE,"H","BOS vs. LAC","BOS",1,1,"LAC","LAC","BOS","L","Derrick White",42,1,1,1628401,FALSE,0,8,0,0,4,0,1,TRUE,0,4,0,24,2,2,0,2,2,2,0,3,1,2,2,-22,15.4,"https://stats.nba.com/media/img/teams/logos/season/2023-24/BOS_logo.svg","https://stats.nba.com/player/1628401","https://ak-static.cms.nba.com/wp-content/uploads/headshots/nba/latest/260x190/1628401.png","https://ak-static.cms.nba.com/wp-content/uploads/headshots/nba/latest/260x190/1628401.png","https://stats.nba.com/media/players/700/1628401.png","https://ak-static.cms.nba.com/wp-content/uploads/headshots/nba/latest/260x190/1628401.png"
"467",14433,2024,"2023-24","NBA","Regular Season","2024-01-27",22300646,46,"Boston Celtics",1610612738,FALSE,TRUE,FALSE,"H","BOS vs. LAC","BOS",1,1,"LAC","LAC","BOS","L","Oshae Brissett",28,1,1,1629052,FALSE,2,5,0.4,0,1,0,0.5,TRUE,2,4,0.5,16,1,2,1,4,5,2,0,0,1,0,5,9,13,"https://stats.nba.com/media/img/teams/logos/season/2023-24/BOS_logo.svg","https://stats.nba.com/player/1629052","https://ak-static.cms.nba.com/wp-content/uploads/headshots/nba/latest/260x190/1629052.png","https://ak-static.cms.nba.com/wp-content/uploads/headshots/nba/latest/260x190/1629052.png","https://stats.nba.com/media/players/700/1629052.png","https://stats.nba.com/media/img/league/nba-headshot-fallback.png"
"468",14434,2024,"2023-24","NBA","Regular Season","2024-01-27",22300646,46,"Boston Celtics",1610612738,FALSE,TRUE,FALSE,"H","BOS vs. LAC","BOS",1,1,"LAC","LAC","BOS","L","Payton Pritchard",46,1,1,1630202,FALSE,4,8,0.5,3,7,0.428571428571429,1,TRUE,1,1,1,21,1,1,0,4,4,2,0,0,0,1,12,-12,19.8,"https://stats.nba.com/media/img/teams/logos/season/2023-24/BOS_logo.svg","https://stats.nba.com/player/1630202","https://ak-static.cms.nba.com/wp-content/uploads/headshots/nba/latest/260x190/1630202.png","https://ak-static.cms.nba.com/wp-content/uploads/headshots/nba/latest/260x190/1630202.png","https://stats.nba.com/media/players/700/1630202.png","https://stats.nba.com/media/img/league/nba-headshot-fallback.png"
"469",14435,2024,"2023-24","NBA","Regular Season","2024-01-27",22300646,46,"Boston Celtics",1610612738,FALSE,TRUE,FALSE,"H","BOS vs. LAC","BOS",1,1,"LAC","LAC","BOS","L","Sam Hauser",45,1,1,1630573,FALSE,2,5,0.4,2,4,0.5,NA,TRUE,0,1,0,20,0,0,0,3,3,1,0,1,0,1,6,-11,14.1,"https://stats.nba.com/media/img/teams/logos/season/2023-24/BOS_logo.svg","https://stats.nba.com/player/1630573","https://ak-static.cms.nba.com/wp-content/uploads/headshots/nba/latest/260x190/1630573.png","https://ak-static.cms.nba.com/wp-content/uploads/headshots/nba/latest/260x190/1630573.png","https://stats.nba.com/media/players/700/1630573.png","https://stats.nba.com/media/img/league/nba-headshot-fallback.png"
"470",14475,2024,"2023-24","NBA","Regular Season","2024-01-27",22300646,46,"Boston Celtics",1610612738,FALSE,TRUE,FALSE,"H","BOS vs. LAC","BOS",1,1,"LAC","LAC","BOS","L","Svi Mykhailiuk",21,1,7,1629004,FALSE,2,5,0.4,2,5,0.4,NA,TRUE,0,0,0,8,0,0,0,1,1,1,1,0,0,0,6,14,11.7,"https://stats.nba.com/media/img/teams/logos/season/2023-24/BOS_logo.svg","https://stats.nba.com/player/1629004","https://ak-static.cms.nba.com/wp-content/uploads/headshots/nba/latest/260x190/1629004.png","https://ak-static.cms.nba.com/wp-content/uploads/headshots/nba/latest/260x190/1629004.png","https://stats.nba.com/media/players/700/1629004.png","https://ak-static.cms.nba.com/wp-content/uploads/headshots/nba/latest/260x190/1629004.png"
"471",14476,2024,"2023-24","NBA","Regular Season","2024-01-27",22300646,46,"Boston Celtics",1610612738,FALSE,TRUE,FALSE,"H","BOS vs. LAC","BOS",1,1,"LAC","LAC","BOS","L","Neemias Queta",18,1,1,1629674,FALSE,4,4,1,0,0,0,NA,TRUE,4,4,1,12,0,0,2,3,5,1,0,2,0,0,8,15,21.5,"https://stats.nba.com/media/img/teams/logos/season/2023-24/BOS_logo.svg","https://stats.nba.com/player/1629674","https://ak-static.cms.nba.com/wp-content/uploads/headshots/nba/latest/260x190/1629674.png","https://ak-static.cms.nba.com/wp-content/uploads/headshots/nba/latest/260x190/1629674.png","https://stats.nba.com/media/players/700/1629674.png","https://stats.nba.com/media/img/league/nba-headshot-fallback.png"
"472",14553,2024,"2023-24","NBA","Regular Season","2024-01-27",22300646,46,"Boston Celtics",1610612738,FALSE,TRUE,FALSE,"H","BOS vs. LAC","BOS",1,1,"LAC","LAC","BOS","L","Jrue Holiday",42,1,1,201950,FALSE,2,11,0.182,1,7,0.142857142857143,1,TRUE,1,4,0.25,28,2,2,0,3,3,4,1,0,2,1,7,-28,17.6,"https://stats.nba.com/media/img/teams/logos/season/2023-24/BOS_logo.svg","https://stats.nba.com/player/201950","https://stats.nba.com/media/players/230x185/201950.png","https://ak-static.cms.nba.com/wp-content/uploads/headshots/nba/latest/260x190/201950.png","https://stats.nba.com/media/players/700/201950.png","https://ak-static.cms.nba.com/wp-content/uploads/headshots/nba/latest/260x190/201950.png"
"473",14554,2024,"2023-24","NBA","Regular Season","2024-01-27",22300646,46,"Boston Celtics",1610612738,FALSE,TRUE,FALSE,"H","BOS vs. LAC","BOS",1,1,"LAC","LAC","BOS","L","Jayson Tatum",43,1,1,1628369,FALSE,8,18,0.444,2,4,0.5,1,TRUE,6,14,0.428571428571429,30,3,3,3,8,11,1,0,1,3,2,21,-32,35.7,"https://stats.nba.com/media/img/teams/logos/season/2023-24/BOS_logo.svg","https://stats.nba.com/player/1628369","https://ak-static.cms.nba.com/wp-content/uploads/headshots/nba/latest/260x190/1628369.png","https://ak-static.cms.nba.com/wp-content/uploads/headshots/nba/latest/260x190/1628369.png","https://stats.nba.com/media/players/700/1628369.png","https://ak-static.cms.nba.com/wp-content/uploads/headshots/nba/latest/260x190/1628369.png"
"474",14555,2024,"2023-24","NBA","Regular Season","2024-01-27",22300646,46,"Boston Celtics",1610612738,FALSE,TRUE,FALSE,"H","BOS vs. LAC","BOS",1,1,"LAC","LAC","BOS","L","Luke Kornet",33,1,7,1628436,FALSE,5,10,0.5,0,0,0,1,TRUE,5,10,0.5,18,1,1,4,1,5,0,0,1,0,2,11,-15,20,"https://stats.nba.com/media/img/teams/logos/season/2023-24/BOS_logo.svg","https://stats.nba.com/player/1628436","https://ak-static.cms.nba.com/wp-content/uploads/headshots/nba/latest/260x190/1628436.png","https://ak-static.cms.nba.com/wp-content/uploads/headshots/nba/latest/260x190/1628436.png","https://stats.nba.com/media/players/700/1628436.png","https://ak-static.cms.nba.com/wp-content/uploads/headshots/nba/latest/260x190/1628436.png"
"475",14556,2024,"2023-24","NBA","Regular Season","2024-01-27",22300646,46,"Boston Celtics",1610612738,FALSE,TRUE,FALSE,"H","BOS vs. LAC","BOS",1,1,"LAC","LAC","BOS","L","Dalano Banton",22,1,4,1630625,FALSE,1,4,0.25,0,2,0,NA,TRUE,1,2,0.5,12,0,0,0,0,0,3,0,0,1,0,2,12,5.5,"https://stats.nba.com/media/img/teams/logos/season/2023-24/BOS_logo.svg","https://stats.nba.com/player/1630625","https://ak-static.cms.nba.com/wp-content/uploads/headshots/nba/latest/260x190/1630625.png","https://ak-static.cms.nba.com/wp-content/uploads/headshots/nba/latest/260x190/1630625.png","https://stats.nba.com/media/players/700/1630625.png","https://stats.nba.com/media/img/league/nba-headshot-fallback.png"
"476",14595,2024,"2023-24","NBA","Regular Season","2024-01-27",22300646,46,"Boston Celtics",1610612738,FALSE,TRUE,FALSE,"H","BOS vs. LAC","BOS",1,1,"LAC","LAC","BOS","L","Jaylen Brown",43,1,1,1627759,FALSE,3,13,0.231,0,2,0,1,TRUE,3,11,0.272727272727273,24,2,2,5,1,6,2,0,1,1,3,8,-18,20.2,"https://stats.nba.com/media/img/teams/logos/season/2023-24/BOS_logo.svg","https://stats.nba.com/player/1627759","https://stats.nba.com/media/players/230x185/1627759.png","https://ak-static.cms.nba.com/wp-content/uploads/headshots/nba/latest/260x190/1627759.png","https://stats.nba.com/media/players/700/1627759.png","https://ak-static.cms.nba.com/wp-content/uploads/headshots/nba/latest/260x190/1627759.png"
"477",14596,2024,"2023-24","NBA","Regular Season","2024-01-27",22300646,46,"Boston Celtics",1610612738,FALSE,TRUE,FALSE,"H","BOS vs. LAC","BOS",1,1,"LAC","LAC","BOS","L","Lamar Stevens",18,1,7,1630205,FALSE,3,4,0.75,0,0,0,0.667,TRUE,3,4,0.75,8,2,3,3,2,5,1,0,0,1,0,8,14,14.5,"https://stats.nba.com/media/img/teams/logos/season/2023-24/BOS_logo.svg","https://stats.nba.com/player/1630205","https://ak-static.cms.nba.com/wp-content/uploads/headshots/nba/latest/260x190/1630205.png","https://ak-static.cms.nba.com/wp-content/uploads/headshots/nba/latest/260x190/1630205.png","https://stats.nba.com/media/players/700/1630205.png","https://stats.nba.com/media/img/league/nba-headshot-fallback.png"
"478",14746,2024,"2023-24","NBA","Regular Season","2024-01-29",22300659,47,"Boston Celtics",1610612738,TRUE,FALSE,FALSE,"H","BOS vs. NOP","BOS",1,0,"NOP","BOS","NOP","W","Jrue Holiday",43,1,0,201950,TRUE,7,11,0.636,3,5,0.6,0.75,TRUE,4,6,0.666666666666667,33,3,4,2,1,3,2,1,0,1,1,20,-4,28.6,"https://stats.nba.com/media/img/teams/logos/season/2023-24/BOS_logo.svg","https://stats.nba.com/player/201950","https://stats.nba.com/media/players/230x185/201950.png","https://ak-static.cms.nba.com/wp-content/uploads/headshots/nba/latest/260x190/201950.png","https://stats.nba.com/media/players/700/201950.png","https://ak-static.cms.nba.com/wp-content/uploads/headshots/nba/latest/260x190/201950.png"
"479",14747,2024,"2023-24","NBA","Regular Season","2024-01-29",22300659,47,"Boston Celtics",1610612738,TRUE,FALSE,FALSE,"H","BOS vs. NOP","BOS",1,0,"NOP","BOS","NOP","W","Sam Hauser",46,1,0,1630573,TRUE,4,8,0.5,3,7,0.428571428571429,NA,TRUE,1,1,1,26,0,0,0,0,0,1,1,0,0,0,11,9,15.5,"https://stats.nba.com/media/img/teams/logos/season/2023-24/BOS_logo.svg","https://stats.nba.com/player/1630573","https://ak-static.cms.nba.com/wp-content/uploads/headshots/nba/latest/260x190/1630573.png","https://ak-static.cms.nba.com/wp-content/uploads/headshots/nba/latest/260x190/1630573.png","https://stats.nba.com/media/players/700/1630573.png","https://stats.nba.com/media/img/league/nba-headshot-fallback.png"
"480",14796,2024,"2023-24","NBA","Regular Season","2024-01-29",22300659,47,"Boston Celtics",1610612738,TRUE,FALSE,FALSE,"H","BOS vs. NOP","BOS",1,0,"NOP","BOS","NOP","W","Jaylen Brown",44,1,0,1627759,TRUE,8,15,0.533,1,5,0.2,0.714,TRUE,7,10,0.7,37,5,7,2,9,11,7,0,1,0,3,22,6,48.7,"https://stats.nba.com/media/img/teams/logos/season/2023-24/BOS_logo.svg","https://stats.nba.com/player/1627759","https://stats.nba.com/media/players/230x185/1627759.png","https://ak-static.cms.nba.com/wp-content/uploads/headshots/nba/latest/260x190/1627759.png","https://stats.nba.com/media/players/700/1627759.png","https://ak-static.cms.nba.com/wp-content/uploads/headshots/nba/latest/260x190/1627759.png"
"481",14797,2024,"2023-24","NBA","Regular Season","2024-01-29",22300659,47,"Boston Celtics",1610612738,TRUE,FALSE,FALSE,"H","BOS vs. NOP","BOS",1,0,"NOP","BOS","NOP","W","Jayson Tatum",44,1,0,1628369,TRUE,10,18,0.556,2,8,0.25,0.857,TRUE,8,10,0.8,38,6,7,0,10,10,8,3,1,7,1,28,9,57,"https://stats.nba.com/media/img/teams/logos/season/2023-24/BOS_logo.svg","https://stats.nba.com/player/1628369","https://ak-static.cms.nba.com/wp-content/uploads/headshots/nba/latest/260x190/1628369.png","https://ak-static.cms.nba.com/wp-content/uploads/headshots/nba/latest/260x190/1628369.png","https://stats.nba.com/media/players/700/1628369.png","https://ak-static.cms.nba.com/wp-content/uploads/headshots/nba/latest/260x190/1628369.png"
"482",14798,2024,"2023-24","NBA","Regular Season","2024-01-29",22300659,47,"Boston Celtics",1610612738,TRUE,FALSE,FALSE,"H","BOS vs. NOP","BOS",1,0,"NOP","BOS","NOP","W","Derrick White",43,1,0,1628401,TRUE,6,14,0.429,4,10,0.4,0.5,TRUE,2,4,0.5,35,1,2,0,1,1,4,1,1,1,2,17,7,29.2,"https://stats.nba.com/media/img/teams/logos/season/2023-24/BOS_logo.svg","https://stats.nba.com/player/1628401","https://ak-static.cms.nba.com/wp-content/uploads/headshots/nba/latest/260x190/1628401.png","https://ak-static.cms.nba.com/wp-content/uploads/headshots/nba/latest/260x190/1628401.png","https://stats.nba.com/media/players/700/1628401.png","https://ak-static.cms.nba.com/wp-content/uploads/headshots/nba/latest/260x190/1628401.png"
"483",14799,2024,"2023-24","NBA","Regular Season","2024-01-29",22300659,47,"Boston Celtics",1610612738,TRUE,FALSE,FALSE,"H","BOS vs. NOP","BOS",1,0,"NOP","BOS","NOP","W","Payton Pritchard",47,1,0,1630202,TRUE,2,5,0.4,1,4,0.25,NA,TRUE,1,1,1,14,0,0,0,0,0,0,1,0,1,3,5,-8,7,"https://stats.nba.com/media/img/teams/logos/season/2023-24/BOS_logo.svg","https://stats.nba.com/player/1630202","https://ak-static.cms.nba.com/wp-content/uploads/headshots/nba/latest/260x190/1630202.png","https://ak-static.cms.nba.com/wp-content/uploads/headshots/nba/latest/260x190/1630202.png","https://stats.nba.com/media/players/700/1630202.png","https://stats.nba.com/media/img/league/nba-headshot-fallback.png"
"484",14943,2024,"2023-24","NBA","Regular Season","2024-01-29",22300659,47,"Boston Celtics",1610612738,TRUE,FALSE,FALSE,"H","BOS vs. NOP","BOS",1,0,"NOP","BOS","NOP","W","Al Horford",39,1,2,201143,TRUE,4,9,0.444,3,6,0.5,NA,TRUE,1,3,0.333333333333333,36,0,0,1,7,8,4,0,1,0,1,11,12,29.6,"https://stats.nba.com/media/img/teams/logos/season/2023-24/BOS_logo.svg","https://stats.nba.com/player/201143","https://stats.nba.com/media/players/230x185/201143.png","https://ak-static.cms.nba.com/wp-content/uploads/headshots/nba/latest/260x190/201143.png","https://stats.nba.com/media/players/700/201143.png","https://ak-static.cms.nba.com/wp-content/uploads/headshots/nba/latest/260x190/201143.png"
"485",14944,2024,"2023-24","NBA","Regular Season","2024-01-29",22300659,47,"Boston Celtics",1610612738,TRUE,FALSE,FALSE,"H","BOS vs. NOP","BOS",1,0,"NOP","BOS","NOP","W","Oshae Brissett",29,1,0,1629052,TRUE,0,1,0,0,1,0,NA,TRUE,0,0,0,11,0,0,1,4,5,0,0,0,0,3,0,2,6,"https://stats.nba.com/media/img/teams/logos/season/2023-24/BOS_logo.svg","https://stats.nba.com/player/1629052","https://ak-static.cms.nba.com/wp-content/uploads/headshots/nba/latest/260x190/1629052.png","https://ak-static.cms.nba.com/wp-content/uploads/headshots/nba/latest/260x190/1629052.png","https://stats.nba.com/media/players/700/1629052.png","https://stats.nba.com/media/img/league/nba-headshot-fallback.png"
"486",14945,2024,"2023-24","NBA","Regular Season","2024-01-29",22300659,47,"Boston Celtics",1610612738,TRUE,FALSE,FALSE,"H","BOS vs. NOP","BOS",1,0,"NOP","BOS","NOP","W","Neemias Queta",19,1,0,1629674,TRUE,2,4,0.5,0,0,0,NA,TRUE,2,4,0.5,10,0,0,0,2,2,1,0,1,1,1,4,-3,9.9,"https://stats.nba.com/media/img/teams/logos/season/2023-24/BOS_logo.svg","https://stats.nba.com/player/1629674","https://ak-static.cms.nba.com/wp-content/uploads/headshots/nba/latest/260x190/1629674.png","https://ak-static.cms.nba.com/wp-content/uploads/headshots/nba/latest/260x190/1629674.png","https://stats.nba.com/media/players/700/1629674.png","https://stats.nba.com/media/img/league/nba-headshot-fallback.png"
"487",14999,2024,"2023-24","NBA","Regular Season","2024-01-30",22300670,48,"Boston Celtics",1610612738,TRUE,FALSE,TRUE,"H","BOS vs. IND","BOS",0,1,"IND","BOS","IND","W","Jrue Holiday",44,0,1,201950,TRUE,6,8,0.75,3,3,1,1,TRUE,3,5,0.6,39,2,2,0,5,5,4,1,3,1,0,17,2,40,"https://stats.nba.com/media/img/teams/logos/season/2023-24/BOS_logo.svg","https://stats.nba.com/player/201950","https://stats.nba.com/media/players/230x185/201950.png","https://ak-static.cms.nba.com/wp-content/uploads/headshots/nba/latest/260x190/201950.png","https://stats.nba.com/media/players/700/201950.png","https://ak-static.cms.nba.com/wp-content/uploads/headshots/nba/latest/260x190/201950.png"
"488",15015,2024,"2023-24","NBA","Regular Season","2024-01-30",22300670,48,"Boston Celtics",1610612738,TRUE,FALSE,TRUE,"H","BOS vs. IND","BOS",0,1,"IND","BOS","IND","W","Neemias Queta",20,0,1,1629674,TRUE,2,3,0.667,0,0,0,0,TRUE,2,3,0.666666666666667,14,0,1,0,1,1,1,0,2,1,1,4,15,11.7,"https://stats.nba.com/media/img/teams/logos/season/2023-24/BOS_logo.svg","https://stats.nba.com/player/1629674","https://ak-static.cms.nba.com/wp-content/uploads/headshots/nba/latest/260x190/1629674.png","https://ak-static.cms.nba.com/wp-content/uploads/headshots/nba/latest/260x190/1629674.png","https://stats.nba.com/media/players/700/1629674.png","https://stats.nba.com/media/img/league/nba-headshot-fallback.png"
"489",15016,2024,"2023-24","NBA","Regular Season","2024-01-30",22300670,48,"Boston Celtics",1610612738,TRUE,FALSE,TRUE,"H","BOS vs. IND","BOS",0,1,"IND","BOS","IND","W","Payton Pritchard",48,0,1,1630202,TRUE,1,4,0.25,1,3,0.333333333333333,NA,TRUE,0,1,0,17,0,0,1,3,4,3,0,0,0,2,3,12,12.3,"https://stats.nba.com/media/img/teams/logos/season/2023-24/BOS_logo.svg","https://stats.nba.com/player/1630202","https://ak-static.cms.nba.com/wp-content/uploads/headshots/nba/latest/260x190/1630202.png","https://ak-static.cms.nba.com/wp-content/uploads/headshots/nba/latest/260x190/1630202.png","https://stats.nba.com/media/players/700/1630202.png","https://stats.nba.com/media/img/league/nba-headshot-fallback.png"
"490",15037,2024,"2023-24","NBA","Regular Season","2024-01-30",22300670,48,"Boston Celtics",1610612738,TRUE,FALSE,TRUE,"H","BOS vs. IND","BOS",0,1,"IND","BOS","IND","W","Oshae Brissett",30,0,1,1629052,TRUE,0,0,NA,0,0,0,NA,TRUE,0,0,0,6,0,0,0,1,1,0,0,0,0,1,0,3,1.2,"https://stats.nba.com/media/img/teams/logos/season/2023-24/BOS_logo.svg","https://stats.nba.com/player/1629052","https://ak-static.cms.nba.com/wp-content/uploads/headshots/nba/latest/260x190/1629052.png","https://ak-static.cms.nba.com/wp-content/uploads/headshots/nba/latest/260x190/1629052.png","https://stats.nba.com/media/players/700/1629052.png","https://stats.nba.com/media/img/league/nba-headshot-fallback.png"
"491",15038,2024,"2023-24","NBA","Regular Season","2024-01-30",22300670,48,"Boston Celtics",1610612738,TRUE,FALSE,TRUE,"H","BOS vs. IND","BOS",0,1,"IND","BOS","IND","W","Sam Hauser",47,0,1,1630573,TRUE,3,5,0.6,3,5,0.6,NA,TRUE,0,0,0,23,0,0,0,2,2,1,1,0,2,3,9,14,13.9,"https://stats.nba.com/media/img/teams/logos/season/2023-24/BOS_logo.svg","https://stats.nba.com/player/1630573","https://ak-static.cms.nba.com/wp-content/uploads/headshots/nba/latest/260x190/1630573.png","https://ak-static.cms.nba.com/wp-content/uploads/headshots/nba/latest/260x190/1630573.png","https://stats.nba.com/media/players/700/1630573.png","https://stats.nba.com/media/img/league/nba-headshot-fallback.png"
"492",15054,2024,"2023-24","NBA","Regular Season","2024-01-30",22300670,48,"Boston Celtics",1610612738,TRUE,FALSE,TRUE,"H","BOS vs. IND","BOS",0,1,"IND","BOS","IND","W","Jayson Tatum",45,0,1,1628369,TRUE,12,19,0.632,4,9,0.444444444444444,0.667,TRUE,8,10,0.8,39,2,3,0,7,7,7,1,2,2,2,30,-4,55.9,"https://stats.nba.com/media/img/teams/logos/season/2023-24/BOS_logo.svg","https://stats.nba.com/player/1628369","https://ak-static.cms.nba.com/wp-content/uploads/headshots/nba/latest/260x190/1628369.png","https://ak-static.cms.nba.com/wp-content/uploads/headshots/nba/latest/260x190/1628369.png","https://stats.nba.com/media/players/700/1628369.png","https://ak-static.cms.nba.com/wp-content/uploads/headshots/nba/latest/260x190/1628369.png"
"493",15092,2024,"2023-24","NBA","Regular Season","2024-01-30",22300670,48,"Boston Celtics",1610612738,TRUE,FALSE,TRUE,"H","BOS vs. IND","BOS",0,1,"IND","BOS","IND","W","Kristaps Porziņģis",34,4,1,204001,TRUE,6,17,0.353,2,6,0.333333333333333,0.75,TRUE,4,11,0.363636363636364,31,3,4,4,8,12,2,0,1,4,5,17,-7,33.4,"https://stats.nba.com/media/img/teams/logos/season/2023-24/BOS_logo.svg","https://stats.nba.com/player/204001","https://stats.nba.com/media/players/230x185/204001.png","https://ak-static.cms.nba.com/wp-content/uploads/headshots/nba/latest/260x190/204001.png","https://stats.nba.com/media/players/700/204001.png","https://ak-static.cms.nba.com/wp-content/uploads/headshots/nba/latest/260x190/204001.png"
"494",15093,2024,"2023-24","NBA","Regular Season","2024-01-30",22300670,48,"Boston Celtics",1610612738,TRUE,FALSE,TRUE,"H","BOS vs. IND","BOS",0,1,"IND","BOS","IND","W","Jaylen Brown",45,0,1,1627759,TRUE,9,15,0.6,0,3,0,0.875,TRUE,9,12,0.75,36,7,8,2,4,6,2,2,0,0,0,25,-6,41.2,"https://stats.nba.com/media/img/teams/logos/season/2023-24/BOS_logo.svg","https://stats.nba.com/player/1627759","https://stats.nba.com/media/players/230x185/1627759.png","https://ak-static.cms.nba.com/wp-content/uploads/headshots/nba/latest/260x190/1627759.png","https://stats.nba.com/media/players/700/1627759.png","https://ak-static.cms.nba.com/wp-content/uploads/headshots/nba/latest/260x190/1627759.png"
"495",15094,2024,"2023-24","NBA","Regular Season","2024-01-30",22300670,48,"Boston Celtics",1610612738,TRUE,FALSE,TRUE,"H","BOS vs. IND","BOS",0,1,"IND","BOS","IND","W","Derrick White",44,0,1,1628401,TRUE,8,16,0.5,4,7,0.571428571428571,1,TRUE,4,9,0.444444444444444,35,4,4,0,2,2,5,1,1,0,2,24,-4,39.9,"https://stats.nba.com/media/img/teams/logos/season/2023-24/BOS_logo.svg","https://stats.nba.com/player/1628401","https://ak-static.cms.nba.com/wp-content/uploads/headshots/nba/latest/260x190/1628401.png","https://ak-static.cms.nba.com/wp-content/uploads/headshots/nba/latest/260x190/1628401.png","https://stats.nba.com/media/players/700/1628401.png","https://ak-static.cms.nba.com/wp-content/uploads/headshots/nba/latest/260x190/1628401.png"
"496",15311,2024,"2023-24","NBA","Regular Season","2024-02-01",22300684,49,"Boston Celtics",1610612738,FALSE,FALSE,FALSE,"H","BOS vs. LAL","BOS",1,2,"LAL","LAL","BOS","L","Kristaps Porziņģis",35,1,2,204001,FALSE,7,15,0.467,1,7,0.142857142857143,1,TRUE,6,8,0.75,29,2,2,1,6,7,3,1,5,3,1,17,-22,44.9,"https://stats.nba.com/media/img/teams/logos/season/2023-24/BOS_logo.svg","https://stats.nba.com/player/204001","https://stats.nba.com/media/players/230x185/204001.png","https://ak-static.cms.nba.com/wp-content/uploads/headshots/nba/latest/260x190/204001.png","https://stats.nba.com/media/players/700/204001.png","https://ak-static.cms.nba.com/wp-content/uploads/headshots/nba/latest/260x190/204001.png"
"497",15312,2024,"2023-24","NBA","Regular Season","2024-02-01",22300684,49,"Boston Celtics",1610612738,FALSE,FALSE,FALSE,"H","BOS vs. LAL","BOS",1,2,"LAL","LAL","BOS","L","Jaylen Brown",46,1,5,1627759,FALSE,4,12,0.333,0,3,0,NA,TRUE,4,9,0.444444444444444,27,0,0,3,5,8,7,1,0,3,5,8,-20,28.1,"https://stats.nba.com/media/img/teams/logos/season/2023-24/BOS_logo.svg","https://stats.nba.com/player/1627759","https://stats.nba.com/media/players/230x185/1627759.png","https://ak-static.cms.nba.com/wp-content/uploads/headshots/nba/latest/260x190/1627759.png","https://stats.nba.com/media/players/700/1627759.png","https://ak-static.cms.nba.com/wp-content/uploads/headshots/nba/latest/260x190/1627759.png"
"498",15313,2024,"2023-24","NBA","Regular Season","2024-02-01",22300684,49,"Boston Celtics",1610612738,FALSE,FALSE,FALSE,"H","BOS vs. LAL","BOS",1,2,"LAL","LAL","BOS","L","Derrick White",45,1,2,1628401,FALSE,4,11,0.364,1,5,0.2,NA,TRUE,3,6,0.5,33,0,0,1,3,4,6,0,2,2,3,9,-19,26.8,"https://stats.nba.com/media/img/teams/logos/season/2023-24/BOS_logo.svg","https://stats.nba.com/player/1628401","https://ak-static.cms.nba.com/wp-content/uploads/headshots/nba/latest/260x190/1628401.png","https://ak-static.cms.nba.com/wp-content/uploads/headshots/nba/latest/260x190/1628401.png","https://stats.nba.com/media/players/700/1628401.png","https://ak-static.cms.nba.com/wp-content/uploads/headshots/nba/latest/260x190/1628401.png"
"499",15314,2024,"2023-24","NBA","Regular Season","2024-02-01",22300684,49,"Boston Celtics",1610612738,FALSE,FALSE,FALSE,"H","BOS vs. LAL","BOS",1,2,"LAL","LAL","BOS","L","Dalano Banton",23,4,2,1630625,FALSE,0,0,NA,0,0,0,1,TRUE,0,0,0,2,2,2,0,1,1,1,0,0,0,0,2,4,4.7,"https://stats.nba.com/media/img/teams/logos/season/2023-24/BOS_logo.svg","https://stats.nba.com/player/1630625","https://ak-static.cms.nba.com/wp-content/uploads/headshots/nba/latest/260x190/1630625.png","https://ak-static.cms.nba.com/wp-content/uploads/headshots/nba/latest/260x190/1630625.png","https://stats.nba.com/media/players/700/1630625.png","https://stats.nba.com/media/img/league/nba-headshot-fallback.png"
"500",15326,2024,"2023-24","NBA","Regular Season","2024-02-01",22300684,49,"Boston Celtics",1610612738,FALSE,FALSE,FALSE,"H","BOS vs. LAL","BOS",1,2,"LAL","LAL","BOS","L","Al Horford",40,2,2,201143,FALSE,2,6,0.333,2,6,0.333333333333333,NA,TRUE,0,0,0,24,0,0,0,9,9,1,1,2,0,0,6,3,27.3,"https://stats.nba.com/media/img/teams/logos/season/2023-24/BOS_logo.svg","https://stats.nba.com/player/201143","https://stats.nba.com/media/players/230x185/201143.png","https://ak-static.cms.nba.com/wp-content/uploads/headshots/nba/latest/260x190/201143.png","https://stats.nba.com/media/players/700/201143.png","https://ak-static.cms.nba.com/wp-content/uploads/headshots/nba/latest/260x190/201143.png"
"501",15327,2024,"2023-24","NBA","Regular Season","2024-02-01",22300684,49,"Boston Celtics",1610612738,FALSE,FALSE,FALSE,"H","BOS vs. LAL","BOS",1,2,"LAL","LAL","BOS","L","Oshae Brissett",31,1,2,1629052,FALSE,0,1,0,0,1,0,NA,TRUE,0,0,0,2,0,0,1,0,1,0,0,0,0,0,0,4,1.2,"https://stats.nba.com/media/img/teams/logos/season/2023-24/BOS_logo.svg","https://stats.nba.com/player/1629052","https://ak-static.cms.nba.com/wp-content/uploads/headshots/nba/latest/260x190/1629052.png","https://ak-static.cms.nba.com/wp-content/uploads/headshots/nba/latest/260x190/1629052.png","https://stats.nba.com/media/players/700/1629052.png","https://stats.nba.com/media/img/league/nba-headshot-fallback.png"
"502",15328,2024,"2023-24","NBA","Regular Season","2024-02-01",22300684,49,"Boston Celtics",1610612738,FALSE,FALSE,FALSE,"H","BOS vs. LAL","BOS",1,2,"LAL","LAL","BOS","L","Neemias Queta",21,1,2,1629674,FALSE,3,5,0.6,0,0,0,1,TRUE,3,5,0.6,13,1,1,4,3,7,1,0,1,0,2,7,7,19.9,"https://stats.nba.com/media/img/teams/logos/season/2023-24/BOS_logo.svg","https://stats.nba.com/player/1629674","https://ak-static.cms.nba.com/wp-content/uploads/headshots/nba/latest/260x190/1629674.png","https://ak-static.cms.nba.com/wp-content/uploads/headshots/nba/latest/260x190/1629674.png","https://stats.nba.com/media/players/700/1629674.png","https://stats.nba.com/media/img/league/nba-headshot-fallback.png"
"503",15329,2024,"2023-24","NBA","Regular Season","2024-02-01",22300684,49,"Boston Celtics",1610612738,FALSE,FALSE,FALSE,"H","BOS vs. LAL","BOS",1,2,"LAL","LAL","BOS","L","Payton Pritchard",49,1,2,1630202,FALSE,3,6,0.5,2,5,0.4,NA,TRUE,1,1,1,21,0,0,0,0,0,1,0,1,1,1,8,13,11.5,"https://stats.nba.com/media/img/teams/logos/season/2023-24/BOS_logo.svg","https://stats.nba.com/player/1630202","https://ak-static.cms.nba.com/wp-content/uploads/headshots/nba/latest/260x190/1630202.png","https://ak-static.cms.nba.com/wp-content/uploads/headshots/nba/latest/260x190/1630202.png","https://stats.nba.com/media/players/700/1630202.png","https://stats.nba.com/media/img/league/nba-headshot-fallback.png"
"504",15368,2024,"2023-24","NBA","Regular Season","2024-02-01",22300684,49,"Boston Celtics",1610612738,FALSE,FALSE,FALSE,"H","BOS vs. LAL","BOS",1,2,"LAL","LAL","BOS","L","Sam Hauser",48,1,2,1630573,FALSE,6,11,0.545,5,9,0.555555555555556,NA,TRUE,1,2,0.5,23,0,0,0,3,3,0,0,0,0,1,17,6,20.6,"https://stats.nba.com/media/img/teams/logos/season/2023-24/BOS_logo.svg","https://stats.nba.com/player/1630573","https://ak-static.cms.nba.com/wp-content/uploads/headshots/nba/latest/260x190/1630573.png","https://ak-static.cms.nba.com/wp-content/uploads/headshots/nba/latest/260x190/1630573.png","https://stats.nba.com/media/players/700/1630573.png","https://stats.nba.com/media/img/league/nba-headshot-fallback.png"
"505",15385,2024,"2023-24","NBA","Regular Season","2024-02-01",22300684,49,"Boston Celtics",1610612738,FALSE,FALSE,FALSE,"H","BOS vs. LAL","BOS",1,2,"LAL","LAL","BOS","L","Jrue Holiday",45,1,2,201950,FALSE,4,9,0.444,0,2,0,NA,TRUE,4,7,0.571428571428571,29,0,0,2,5,7,7,0,0,4,3,8,-9,22.9,"https://stats.nba.com/media/img/teams/logos/season/2023-24/BOS_logo.svg","https://stats.nba.com/player/201950","https://stats.nba.com/media/players/230x185/201950.png","https://ak-static.cms.nba.com/wp-content/uploads/headshots/nba/latest/260x190/201950.png","https://stats.nba.com/media/players/700/201950.png","https://ak-static.cms.nba.com/wp-content/uploads/headshots/nba/latest/260x190/201950.png"
"506",15386,2024,"2023-24","NBA","Regular Season","2024-02-01",22300684,49,"Boston Celtics",1610612738,FALSE,FALSE,FALSE,"H","BOS vs. LAL","BOS",1,2,"LAL","LAL","BOS","L","Jayson Tatum",46,1,2,1628369,FALSE,8,21,0.381,5,10,0.5,1,TRUE,3,11,0.272727272727273,37,2,2,2,5,7,3,1,1,2,3,23,-12,39.9,"https://stats.nba.com/media/img/teams/logos/season/2023-24/BOS_logo.svg","https://stats.nba.com/player/1628369","https://ak-static.cms.nba.com/wp-content/uploads/headshots/nba/latest/260x190/1628369.png","https://ak-static.cms.nba.com/wp-content/uploads/headshots/nba/latest/260x190/1628369.png","https://stats.nba.com/media/players/700/1628369.png","https://ak-static.cms.nba.com/wp-content/uploads/headshots/nba/latest/260x190/1628369.png"
"507",15726,2024,"2023-24","NBA","Regular Season","2024-02-04",22300706,50,"Boston Celtics",1610612738,FALSE,FALSE,FALSE,"H","BOS vs. MEM","BOS",2,2,"MEM","BOS","MEM","W","Luke Kornet",34,7,2,1628436,TRUE,0,2,0,0,0,0,1,TRUE,0,2,0,15,2,2,5,3,8,1,1,1,1,0,2,-5,18.1,"https://stats.nba.com/media/img/teams/logos/season/2023-24/BOS_logo.svg","https://stats.nba.com/player/1628436","https://ak-static.cms.nba.com/wp-content/uploads/headshots/nba/latest/260x190/1628436.png","https://ak-static.cms.nba.com/wp-content/uploads/headshots/nba/latest/260x190/1628436.png","https://stats.nba.com/media/players/700/1628436.png","https://ak-static.cms.nba.com/wp-content/uploads/headshots/nba/latest/260x190/1628436.png"
"508",15727,2024,"2023-24","NBA","Regular Season","2024-02-04",22300706,50,"Boston Celtics",1610612738,FALSE,FALSE,FALSE,"H","BOS vs. MEM","BOS",2,2,"MEM","BOS","MEM","W","Neemias Queta",22,2,9,1629674,TRUE,4,4,1,0,0,0,NA,TRUE,4,4,1,10,0,0,4,4,8,0,2,0,0,0,8,18,23.6,"https://stats.nba.com/media/img/teams/logos/season/2023-24/BOS_logo.svg","https://stats.nba.com/player/1629674","https://ak-static.cms.nba.com/wp-content/uploads/headshots/nba/latest/260x190/1629674.png","https://ak-static.cms.nba.com/wp-content/uploads/headshots/nba/latest/260x190/1629674.png","https://stats.nba.com/media/players/700/1629674.png","https://stats.nba.com/media/img/league/nba-headshot-fallback.png"
"509",15763,2024,"2023-24","NBA","Regular Season","2024-02-04",22300706,50,"Boston Celtics",1610612738,FALSE,FALSE,FALSE,"H","BOS vs. MEM","BOS",2,2,"MEM","BOS","MEM","W","Jayson Tatum",47,2,2,1628369,TRUE,12,22,0.545,6,12,0.5,1,TRUE,6,10,0.6,31,4,4,1,7,8,7,1,0,2,1,34,27,55.1,"https://stats.nba.com/media/img/teams/logos/season/2023-24/BOS_logo.svg","https://stats.nba.com/player/1628369","https://ak-static.cms.nba.com/wp-content/uploads/headshots/nba/latest/260x190/1628369.png","https://ak-static.cms.nba.com/wp-content/uploads/headshots/nba/latest/260x190/1628369.png","https://stats.nba.com/media/players/700/1628369.png","https://ak-static.cms.nba.com/wp-content/uploads/headshots/nba/latest/260x190/1628369.png"
"510",15764,2024,"2023-24","NBA","Regular Season","2024-02-04",22300706,50,"Boston Celtics",1610612738,FALSE,FALSE,FALSE,"H","BOS vs. MEM","BOS",2,2,"MEM","BOS","MEM","W","Svi Mykhailiuk",22,7,9,1629004,TRUE,2,5,0.4,2,5,0.4,NA,TRUE,0,0,0,7,0,0,0,2,2,3,0,0,0,0,6,11,12.9,"https://stats.nba.com/media/img/teams/logos/season/2023-24/BOS_logo.svg","https://stats.nba.com/player/1629004","https://ak-static.cms.nba.com/wp-content/uploads/headshots/nba/latest/260x190/1629004.png","https://ak-static.cms.nba.com/wp-content/uploads/headshots/nba/latest/260x190/1629004.png","https://stats.nba.com/media/players/700/1629004.png","https://ak-static.cms.nba.com/wp-content/uploads/headshots/nba/latest/260x190/1629004.png"
"511",15765,2024,"2023-24","NBA","Regular Season","2024-02-04",22300706,50,"Boston Celtics",1610612738,FALSE,FALSE,FALSE,"H","BOS vs. MEM","BOS",2,2,"MEM","BOS","MEM","W","Payton Pritchard",50,2,2,1630202,TRUE,2,8,0.25,0,6,0,1,TRUE,2,2,1,15,2,2,1,1,2,3,1,0,1,2,6,2,14.9,"https://stats.nba.com/media/img/teams/logos/season/2023-24/BOS_logo.svg","https://stats.nba.com/player/1630202","https://ak-static.cms.nba.com/wp-content/uploads/headshots/nba/latest/260x190/1630202.png","https://ak-static.cms.nba.com/wp-content/uploads/headshots/nba/latest/260x190/1630202.png","https://stats.nba.com/media/players/700/1630202.png","https://stats.nba.com/media/img/league/nba-headshot-fallback.png"
"512",15805,2024,"2023-24","NBA","Regular Season","2024-02-04",22300706,50,"Boston Celtics",1610612738,FALSE,FALSE,FALSE,"H","BOS vs. MEM","BOS",2,2,"MEM","BOS","MEM","W","Kristaps Porziņģis",36,2,2,204001,TRUE,10,17,0.588,2,5,0.4,0.8,TRUE,8,12,0.666666666666667,28,4,5,2,6,8,2,1,2,1,2,26,26,46.6,"https://stats.nba.com/media/img/teams/logos/season/2023-24/BOS_logo.svg","https://stats.nba.com/player/204001","https://stats.nba.com/media/players/230x185/204001.png","https://ak-static.cms.nba.com/wp-content/uploads/headshots/nba/latest/260x190/204001.png","https://stats.nba.com/media/players/700/204001.png","https://ak-static.cms.nba.com/wp-content/uploads/headshots/nba/latest/260x190/204001.png"
"513",15806,2024,"2023-24","NBA","Regular Season","2024-02-04",22300706,50,"Boston Celtics",1610612738,FALSE,FALSE,FALSE,"H","BOS vs. MEM","BOS",2,2,"MEM","BOS","MEM","W","Lamar Stevens",19,7,7,1630205,TRUE,2,4,0.5,1,1,1,NA,TRUE,1,3,0.333333333333333,7,0,0,1,1,2,0,0,0,0,1,5,11,7.4,"https://stats.nba.com/media/img/teams/logos/season/2023-24/BOS_logo.svg","https://stats.nba.com/player/1630205","https://ak-static.cms.nba.com/wp-content/uploads/headshots/nba/latest/260x190/1630205.png","https://ak-static.cms.nba.com/wp-content/uploads/headshots/nba/latest/260x190/1630205.png","https://stats.nba.com/media/players/700/1630205.png","https://stats.nba.com/media/img/league/nba-headshot-fallback.png"
"514",15807,2024,"2023-24","NBA","Regular Season","2024-02-04",22300706,50,"Boston Celtics",1610612738,FALSE,FALSE,FALSE,"H","BOS vs. MEM","BOS",2,2,"MEM","BOS","MEM","W","Dalano Banton",24,2,5,1630625,TRUE,0,4,0,0,2,0,NA,TRUE,0,2,0,7,0,0,0,1,1,2,0,0,0,0,0,11,4.2,"https://stats.nba.com/media/img/teams/logos/season/2023-24/BOS_logo.svg","https://stats.nba.com/player/1630625","https://ak-static.cms.nba.com/wp-content/uploads/headshots/nba/latest/260x190/1630625.png","https://ak-static.cms.nba.com/wp-content/uploads/headshots/nba/latest/260x190/1630625.png","https://stats.nba.com/media/players/700/1630625.png","https://stats.nba.com/media/img/league/nba-headshot-fallback.png"
"515",15842,2024,"2023-24","NBA","Regular Season","2024-02-04",22300706,50,"Boston Celtics",1610612738,FALSE,FALSE,FALSE,"H","BOS vs. MEM","BOS",2,2,"MEM","BOS","MEM","W","Jrue Holiday",46,2,4,201950,TRUE,2,6,0.333,1,3,0.333333333333333,1,TRUE,1,3,0.333333333333333,27,2,2,0,3,3,4,1,0,2,1,7,11,17.6,"https://stats.nba.com/media/img/teams/logos/season/2023-24/BOS_logo.svg","https://stats.nba.com/player/201950","https://stats.nba.com/media/players/230x185/201950.png","https://ak-static.cms.nba.com/wp-content/uploads/headshots/nba/latest/260x190/201950.png","https://stats.nba.com/media/players/700/201950.png","https://ak-static.cms.nba.com/wp-content/uploads/headshots/nba/latest/260x190/201950.png"
"516",15843,2024,"2023-24","NBA","Regular Season","2024-02-04",22300706,50,"Boston Celtics",1610612738,FALSE,FALSE,FALSE,"H","BOS vs. MEM","BOS",2,2,"MEM","BOS","MEM","W","Derrick White",46,2,2,1628401,TRUE,5,10,0.5,4,8,0.5,0.5,TRUE,1,2,0.5,28,1,2,1,2,3,3,1,1,1,1,15,27,28.1,"https://stats.nba.com/media/img/teams/logos/season/2023-24/BOS_logo.svg","https://stats.nba.com/player/1628401","https://ak-static.cms.nba.com/wp-content/uploads/headshots/nba/latest/260x190/1628401.png","https://ak-static.cms.nba.com/wp-content/uploads/headshots/nba/latest/260x190/1628401.png","https://stats.nba.com/media/players/700/1628401.png","https://ak-static.cms.nba.com/wp-content/uploads/headshots/nba/latest/260x190/1628401.png"
"517",15844,2024,"2023-24","NBA","Regular Season","2024-02-04",22300706,50,"Boston Celtics",1610612738,FALSE,FALSE,FALSE,"H","BOS vs. MEM","BOS",2,2,"MEM","BOS","MEM","W","Jordan Walsh",3,9,9,1641775,TRUE,1,1,1,0,0,0,NA,TRUE,1,1,1,9,0,0,1,0,1,1,1,0,0,2,2,16,7.7,"https://stats.nba.com/media/img/teams/logos/season/2023-24/BOS_logo.svg","https://stats.nba.com/player/1641775","https://ak-static.cms.nba.com/wp-content/uploads/headshots/nba/latest/260x190/1641775.png","https://ak-static.cms.nba.com/wp-content/uploads/headshots/nba/latest/260x190/1641775.png","https://stats.nba.com/media/players/700/1641775.png","https://stats.nba.com/media/img/league/nba-headshot-fallback.png"
"518",15915,2024,"2023-24","NBA","Regular Season","2024-02-04",22300706,50,"Boston Celtics",1610612738,FALSE,FALSE,FALSE,"H","BOS vs. MEM","BOS",2,2,"MEM","BOS","MEM","W","Al Horford",41,2,2,201143,TRUE,5,9,0.556,1,5,0.2,NA,TRUE,4,4,1,23,0,0,0,5,5,2,2,0,1,1,11,27,25,"https://stats.nba.com/media/img/teams/logos/season/2023-24/BOS_logo.svg","https://stats.nba.com/player/201143","https://stats.nba.com/media/players/230x185/201143.png","https://ak-static.cms.nba.com/wp-content/uploads/headshots/nba/latest/260x190/201143.png","https://stats.nba.com/media/players/700/201143.png","https://ak-static.cms.nba.com/wp-content/uploads/headshots/nba/latest/260x190/201143.png"
"519",15916,2024,"2023-24","NBA","Regular Season","2024-02-04",22300706,50,"Boston Celtics",1610612738,FALSE,FALSE,FALSE,"H","BOS vs. MEM","BOS",2,2,"MEM","BOS","MEM","W","Oshae Brissett",32,2,2,1629052,TRUE,2,4,0.5,1,1,1,1,TRUE,1,3,0.333333333333333,11,1,1,1,2,3,1,1,0,1,1,6,2,13.1,"https://stats.nba.com/media/img/teams/logos/season/2023-24/BOS_logo.svg","https://stats.nba.com/player/1629052","https://ak-static.cms.nba.com/wp-content/uploads/headshots/nba/latest/260x190/1629052.png","https://ak-static.cms.nba.com/wp-content/uploads/headshots/nba/latest/260x190/1629052.png","https://stats.nba.com/media/players/700/1629052.png","https://stats.nba.com/media/img/league/nba-headshot-fallback.png"
"520",15917,2024,"2023-24","NBA","Regular Season","2024-02-04",22300706,50,"Boston Celtics",1610612738,FALSE,FALSE,FALSE,"H","BOS vs. MEM","BOS",2,2,"MEM","BOS","MEM","W","Sam Hauser",49,2,2,1630573,TRUE,1,3,0.333,1,3,0.333333333333333,NA,TRUE,0,0,0,24,0,0,0,3,3,1,0,0,0,1,3,16,8.1,"https://stats.nba.com/media/img/teams/logos/season/2023-24/BOS_logo.svg","https://stats.nba.com/player/1630573","https://ak-static.cms.nba.com/wp-content/uploads/headshots/nba/latest/260x190/1630573.png","https://ak-static.cms.nba.com/wp-content/uploads/headshots/nba/latest/260x190/1630573.png","https://stats.nba.com/media/players/700/1630573.png","https://stats.nba.com/media/img/league/nba-headshot-fallback.png"
"521",16201,2024,"2023-24","NBA","Regular Season","2024-02-07",22300729,51,"Boston Celtics",1610612738,FALSE,FALSE,FALSE,"H","BOS vs. ATL","BOS",2,1,"ATL","BOS","ATL","W","Payton Pritchard",51,2,1,1630202,TRUE,3,5,0.6,2,4,0.5,NA,TRUE,1,1,1,16,0,0,0,2,2,2,1,0,2,1,8,11,14.4,"https://stats.nba.com/media/img/teams/logos/season/2023-24/BOS_logo.svg","https://stats.nba.com/player/1630202","https://ak-static.cms.nba.com/wp-content/uploads/headshots/nba/latest/260x190/1630202.png","https://ak-static.cms.nba.com/wp-content/uploads/headshots/nba/latest/260x190/1630202.png","https://stats.nba.com/media/players/700/1630202.png","https://stats.nba.com/media/img/league/nba-headshot-fallback.png"
"522",16223,2024,"2023-24","NBA","Regular Season","2024-02-07",22300729,51,"Boston Celtics",1610612738,FALSE,FALSE,FALSE,"H","BOS vs. ATL","BOS",2,1,"ATL","BOS","ATL","W","Sam Hauser",50,2,1,1630573,TRUE,3,8,0.375,2,6,0.333333333333333,1,TRUE,1,2,0.5,25,2,2,2,3,5,0,0,0,2,1,10,14,14,"https://stats.nba.com/media/img/teams/logos/season/2023-24/BOS_logo.svg","https://stats.nba.com/player/1630573","https://ak-static.cms.nba.com/wp-content/uploads/headshots/nba/latest/260x190/1630573.png","https://ak-static.cms.nba.com/wp-content/uploads/headshots/nba/latest/260x190/1630573.png","https://stats.nba.com/media/players/700/1630573.png","https://stats.nba.com/media/img/league/nba-headshot-fallback.png"
"523",16251,2024,"2023-24","NBA","Regular Season","2024-02-07",22300729,51,"Boston Celtics",1610612738,FALSE,FALSE,FALSE,"H","BOS vs. ATL","BOS",2,1,"ATL","BOS","ATL","W","Kristaps Porziņģis",37,2,1,204001,TRUE,13,19,0.684,2,4,0.5,0.75,TRUE,11,15,0.733333333333333,31,3,4,0,3,3,1,0,2,2,2,31,2,40.1,"https://stats.nba.com/media/img/teams/logos/season/2023-24/BOS_logo.svg","https://stats.nba.com/player/204001","https://stats.nba.com/media/players/230x185/204001.png","https://ak-static.cms.nba.com/wp-content/uploads/headshots/nba/latest/260x190/204001.png","https://stats.nba.com/media/players/700/204001.png","https://ak-static.cms.nba.com/wp-content/uploads/headshots/nba/latest/260x190/204001.png"
"524",16252,2024,"2023-24","NBA","Regular Season","2024-02-07",22300729,51,"Boston Celtics",1610612738,FALSE,FALSE,FALSE,"H","BOS vs. ATL","BOS",2,1,"ATL","BOS","ATL","W","Luke Kornet",35,2,1,1628436,TRUE,2,2,1,0,0,0,NA,TRUE,2,2,1,21,0,0,1,5,6,0,0,2,0,2,4,2,17.2,"https://stats.nba.com/media/img/teams/logos/season/2023-24/BOS_logo.svg","https://stats.nba.com/player/1628436","https://ak-static.cms.nba.com/wp-content/uploads/headshots/nba/latest/260x190/1628436.png","https://ak-static.cms.nba.com/wp-content/uploads/headshots/nba/latest/260x190/1628436.png","https://stats.nba.com/media/players/700/1628436.png","https://ak-static.cms.nba.com/wp-content/uploads/headshots/nba/latest/260x190/1628436.png"
"525",16253,2024,"2023-24","NBA","Regular Season","2024-02-07",22300729,51,"Boston Celtics",1610612738,FALSE,FALSE,FALSE,"H","BOS vs. ATL","BOS",2,1,"ATL","BOS","ATL","W","Oshae Brissett",33,2,3,1629052,TRUE,0,1,0,0,1,0,1,TRUE,0,0,0,6,2,2,0,0,0,2,0,0,0,0,2,-1,5,"https://stats.nba.com/media/img/teams/logos/season/2023-24/BOS_logo.svg","https://stats.nba.com/player/1629052","https://ak-static.cms.nba.com/wp-content/uploads/headshots/nba/latest/260x190/1629052.png","https://ak-static.cms.nba.com/wp-content/uploads/headshots/nba/latest/260x190/1629052.png","https://stats.nba.com/media/players/700/1629052.png","https://stats.nba.com/media/img/league/nba-headshot-fallback.png"
"526",16312,2024,"2023-24","NBA","Regular Season","2024-02-07",22300729,51,"Boston Celtics",1610612738,FALSE,FALSE,FALSE,"H","BOS vs. ATL","BOS",2,1,"ATL","BOS","ATL","W","Jaylen Brown",47,5,1,1627759,TRUE,7,11,0.636,0,2,0,1,TRUE,7,9,0.777777777777778,34,1,1,0,6,6,6,1,0,2,4,15,-3,32.2,"https://stats.nba.com/media/img/teams/logos/season/2023-24/BOS_logo.svg","https://stats.nba.com/player/1627759","https://stats.nba.com/media/players/230x185/1627759.png","https://ak-static.cms.nba.com/wp-content/uploads/headshots/nba/latest/260x190/1627759.png","https://stats.nba.com/media/players/700/1627759.png","https://ak-static.cms.nba.com/wp-content/uploads/headshots/nba/latest/260x190/1627759.png"
"527",16313,2024,"2023-24","NBA","Regular Season","2024-02-07",22300729,51,"Boston Celtics",1610612738,FALSE,FALSE,FALSE,"H","BOS vs. ATL","BOS",2,1,"ATL","BOS","ATL","W","Jayson Tatum",48,2,1,1628369,TRUE,8,21,0.381,2,13,0.153846153846154,1,TRUE,6,8,0.75,36,2,2,0,9,9,7,1,0,3,3,20,3,41.3,"https://stats.nba.com/media/img/teams/logos/season/2023-24/BOS_logo.svg","https://stats.nba.com/player/1628369","https://ak-static.cms.nba.com/wp-content/uploads/headshots/nba/latest/260x190/1628369.png","https://ak-static.cms.nba.com/wp-content/uploads/headshots/nba/latest/260x190/1628369.png","https://stats.nba.com/media/players/700/1628369.png","https://ak-static.cms.nba.com/wp-content/uploads/headshots/nba/latest/260x190/1628369.png"
"528",16314,2024,"2023-24","NBA","Regular Season","2024-02-07",22300729,51,"Boston Celtics",1610612738,FALSE,FALSE,FALSE,"H","BOS vs. ATL","BOS",2,1,"ATL","BOS","ATL","W","Derrick White",47,2,1,1628401,TRUE,8,14,0.571,5,10,0.5,NA,TRUE,3,4,0.75,35,0,0,1,5,6,7,1,1,2,2,21,0,42.7,"https://stats.nba.com/media/img/teams/logos/season/2023-24/BOS_logo.svg","https://stats.nba.com/player/1628401","https://ak-static.cms.nba.com/wp-content/uploads/headshots/nba/latest/260x190/1628401.png","https://ak-static.cms.nba.com/wp-content/uploads/headshots/nba/latest/260x190/1628401.png","https://stats.nba.com/media/players/700/1628401.png","https://ak-static.cms.nba.com/wp-content/uploads/headshots/nba/latest/260x190/1628401.png"
"529",16336,2024,"2023-24","NBA","Regular Season","2024-02-07",22300729,51,"Boston Celtics",1610612738,FALSE,FALSE,FALSE,"H","BOS vs. ATL","BOS",2,1,"ATL","BOS","ATL","W","Al Horford",42,2,1,201143,TRUE,5,12,0.417,4,9,0.444444444444444,NA,TRUE,1,3,0.333333333333333,36,0,0,2,6,8,8,2,4,1,1,14,12,52.6,"https://stats.nba.com/media/img/teams/logos/season/2023-24/BOS_logo.svg","https://stats.nba.com/player/201143","https://stats.nba.com/media/players/230x185/201143.png","https://ak-static.cms.nba.com/wp-content/uploads/headshots/nba/latest/260x190/201143.png","https://stats.nba.com/media/players/700/201143.png","https://ak-static.cms.nba.com/wp-content/uploads/headshots/nba/latest/260x190/201143.png"
"530",16556,2024,"2023-24","NBA","Regular Season","2024-02-09",22300743,52,"Boston Celtics",1610612738,FALSE,FALSE,FALSE,"H","BOS vs. WAS","BOS",1,1,"WAS","BOS","WAS","W","Al Horford",43,1,1,201143,TRUE,2,5,0.4,1,2,0.5,0.5,TRUE,1,3,0.333333333333333,23,1,2,2,3,5,1,2,0,0,1,6,7,19.5,"https://stats.nba.com/media/img/teams/logos/season/2023-24/BOS_logo.svg","https://stats.nba.com/player/201143","https://stats.nba.com/media/players/230x185/201143.png","https://ak-static.cms.nba.com/wp-content/uploads/headshots/nba/latest/260x190/201143.png","https://stats.nba.com/media/players/700/201143.png","https://ak-static.cms.nba.com/wp-content/uploads/headshots/nba/latest/260x190/201143.png"
"531",16557,2024,"2023-24","NBA","Regular Season","2024-02-09",22300743,52,"Boston Celtics",1610612738,FALSE,FALSE,FALSE,"H","BOS vs. WAS","BOS",1,1,"WAS","BOS","WAS","W","Jrue Holiday",47,4,1,201950,TRUE,9,13,0.692,2,2,1,NA,TRUE,7,11,0.636363636363636,34,0,0,3,4,7,5,1,0,2,2,20,-11,36.9,"https://stats.nba.com/media/img/teams/logos/season/2023-24/BOS_logo.svg","https://stats.nba.com/player/201950","https://stats.nba.com/media/players/230x185/201950.png","https://ak-static.cms.nba.com/wp-content/uploads/headshots/nba/latest/260x190/201950.png","https://stats.nba.com/media/players/700/201950.png","https://ak-static.cms.nba.com/wp-content/uploads/headshots/nba/latest/260x190/201950.png"
"532",16558,2024,"2023-24","NBA","Regular Season","2024-02-09",22300743,52,"Boston Celtics",1610612738,FALSE,FALSE,FALSE,"H","BOS vs. WAS","BOS",1,1,"WAS","BOS","WAS","W","Jaylen Brown",48,1,1,1627759,TRUE,9,15,0.6,0,1,0,NA,TRUE,9,14,0.642857142857143,35,0,0,1,6,7,3,1,0,3,3,18,-15,30.9,"https://stats.nba.com/media/img/teams/logos/season/2023-24/BOS_logo.svg","https://stats.nba.com/player/1627759","https://stats.nba.com/media/players/230x185/1627759.png","https://ak-static.cms.nba.com/wp-content/uploads/headshots/nba/latest/260x190/1627759.png","https://stats.nba.com/media/players/700/1627759.png","https://ak-static.cms.nba.com/wp-content/uploads/headshots/nba/latest/260x190/1627759.png"
"533",16559,2024,"2023-24","NBA","Regular Season","2024-02-09",22300743,52,"Boston Celtics",1610612738,FALSE,FALSE,FALSE,"H","BOS vs. WAS","BOS",1,1,"WAS","BOS","WAS","W","Payton Pritchard",52,1,1,1630202,TRUE,4,7,0.571,2,5,0.4,1,TRUE,2,2,1,17,1,1,0,6,6,1,0,0,0,0,11,7,19.7,"https://stats.nba.com/media/img/teams/logos/season/2023-24/BOS_logo.svg","https://stats.nba.com/player/1630202","https://ak-static.cms.nba.com/wp-content/uploads/headshots/nba/latest/260x190/1630202.png","https://ak-static.cms.nba.com/wp-content/uploads/headshots/nba/latest/260x190/1630202.png","https://stats.nba.com/media/players/700/1630202.png","https://stats.nba.com/media/img/league/nba-headshot-fallback.png"
"534",16582,2024,"2023-24","NBA","Regular Season","2024-02-09",22300743,52,"Boston Celtics",1610612738,FALSE,FALSE,FALSE,"H","BOS vs. WAS","BOS",1,1,"WAS","BOS","WAS","W","Kristaps Porziņģis",38,1,1,204001,TRUE,9,18,0.5,2,4,0.5,1,TRUE,7,14,0.5,33,14,14,2,9,11,0,0,1,3,3,34,8,47.2,"https://stats.nba.com/media/img/teams/logos/season/2023-24/BOS_logo.svg","https://stats.nba.com/player/204001","https://stats.nba.com/media/players/230x185/204001.png","https://ak-static.cms.nba.com/wp-content/uploads/headshots/nba/latest/260x190/204001.png","https://stats.nba.com/media/players/700/204001.png","https://ak-static.cms.nba.com/wp-content/uploads/headshots/nba/latest/260x190/204001.png"
"535",16583,2024,"2023-24","NBA","Regular Season","2024-02-09",22300743,52,"Boston Celtics",1610612738,FALSE,FALSE,FALSE,"H","BOS vs. WAS","BOS",1,1,"WAS","BOS","WAS","W","Jayson Tatum",49,1,1,1628369,TRUE,12,22,0.545,3,10,0.3,0.889,TRUE,9,12,0.75,38,8,9,1,9,10,8,1,2,2,1,35,9,66,"https://stats.nba.com/media/img/teams/logos/season/2023-24/BOS_logo.svg","https://stats.nba.com/player/1628369","https://ak-static.cms.nba.com/wp-content/uploads/headshots/nba/latest/260x190/1628369.png","https://ak-static.cms.nba.com/wp-content/uploads/headshots/nba/latest/260x190/1628369.png","https://stats.nba.com/media/players/700/1628369.png","https://ak-static.cms.nba.com/wp-content/uploads/headshots/nba/latest/260x190/1628369.png"
"536",16584,2024,"2023-24","NBA","Regular Season","2024-02-09",22300743,52,"Boston Celtics",1610612738,FALSE,FALSE,FALSE,"H","BOS vs. WAS","BOS",1,1,"WAS","BOS","WAS","W","Sam Hauser",51,1,1,1630573,TRUE,1,6,0.167,1,6,0.166666666666667,1,TRUE,0,0,0,16,2,2,0,1,1,1,1,0,0,1,5,14,10.7,"https://stats.nba.com/media/img/teams/logos/season/2023-24/BOS_logo.svg","https://stats.nba.com/player/1630573","https://ak-static.cms.nba.com/wp-content/uploads/headshots/nba/latest/260x190/1630573.png","https://ak-static.cms.nba.com/wp-content/uploads/headshots/nba/latest/260x190/1630573.png","https://stats.nba.com/media/players/700/1630573.png","https://stats.nba.com/media/img/league/nba-headshot-fallback.png"
"537",16595,2024,"2023-24","NBA","Regular Season","2024-02-09",22300743,52,"Boston Celtics",1610612738,FALSE,FALSE,FALSE,"H","BOS vs. WAS","BOS",1,1,"WAS","BOS","WAS","W","Luke Kornet",36,1,1,1628436,TRUE,0,0,NA,0,0,0,NA,TRUE,0,0,0,11,0,0,0,0,0,0,0,1,0,2,0,4,3,"https://stats.nba.com/media/img/teams/logos/season/2023-24/BOS_logo.svg","https://stats.nba.com/player/1628436","https://ak-static.cms.nba.com/wp-content/uploads/headshots/nba/latest/260x190/1628436.png","https://ak-static.cms.nba.com/wp-content/uploads/headshots/nba/latest/260x190/1628436.png","https://stats.nba.com/media/players/700/1628436.png","https://ak-static.cms.nba.com/wp-content/uploads/headshots/nba/latest/260x190/1628436.png"
"538",16626,2024,"2023-24","NBA","Regular Season","2024-02-09",22300743,52,"Boston Celtics",1610612738,FALSE,FALSE,FALSE,"H","BOS vs. WAS","BOS",1,1,"WAS","BOS","WAS","W","Derrick White",48,1,1,1628401,TRUE,2,6,0.333,0,4,0,NA,TRUE,2,2,1,33,0,0,0,2,2,6,3,1,3,4,4,-3,24.4,"https://stats.nba.com/media/img/teams/logos/season/2023-24/BOS_logo.svg","https://stats.nba.com/player/1628401","https://ak-static.cms.nba.com/wp-content/uploads/headshots/nba/latest/260x190/1628401.png","https://ak-static.cms.nba.com/wp-content/uploads/headshots/nba/latest/260x190/1628401.png","https://stats.nba.com/media/players/700/1628401.png","https://ak-static.cms.nba.com/wp-content/uploads/headshots/nba/latest/260x190/1628401.png"
"539",16890,2024,"2023-24","NBA","Regular Season","2024-02-11",22300759,53,"Boston Celtics",1610612738,FALSE,TRUE,FALSE,"A","BOS @ MIA","BOS",1,1,"MIA","BOS","MIA","W","Jrue Holiday",48,1,1,201950,TRUE,5,8,0.625,5,6,0.833333333333333,NA,TRUE,0,2,0,35,0,0,1,2,3,6,1,1,0,3,15,4,33.6,"https://stats.nba.com/media/img/teams/logos/season/2023-24/BOS_logo.svg","https://stats.nba.com/player/201950","https://stats.nba.com/media/players/230x185/201950.png","https://ak-static.cms.nba.com/wp-content/uploads/headshots/nba/latest/260x190/201950.png","https://stats.nba.com/media/players/700/201950.png","https://ak-static.cms.nba.com/wp-content/uploads/headshots/nba/latest/260x190/201950.png"
"540",16896,2024,"2023-24","NBA","Regular Season","2024-02-11",22300759,53,"Boston Celtics",1610612738,FALSE,TRUE,FALSE,"A","BOS @ MIA","BOS",1,1,"MIA","BOS","MIA","W","Kristaps Porziņģis",39,1,2,204001,TRUE,8,14,0.571,2,4,0.5,0.778,TRUE,6,10,0.6,32,7,9,0,9,9,3,0,2,1,4,25,2,45.3,"https://stats.nba.com/media/img/teams/logos/season/2023-24/BOS_logo.svg","https://stats.nba.com/player/204001","https://stats.nba.com/media/players/230x185/204001.png","https://ak-static.cms.nba.com/wp-content/uploads/headshots/nba/latest/260x190/204001.png","https://stats.nba.com/media/players/700/204001.png","https://ak-static.cms.nba.com/wp-content/uploads/headshots/nba/latest/260x190/204001.png"
"541",16897,2024,"2023-24","NBA","Regular Season","2024-02-11",22300759,53,"Boston Celtics",1610612738,FALSE,TRUE,FALSE,"A","BOS @ MIA","BOS",1,1,"MIA","BOS","MIA","W","Jayson Tatum",50,1,1,1628369,TRUE,11,20,0.55,2,6,0.333333333333333,1,TRUE,9,14,0.642857142857143,39,2,2,1,9,10,9,0,2,1,1,26,5,56.5,"https://stats.nba.com/media/img/teams/logos/season/2023-24/BOS_logo.svg","https://stats.nba.com/player/1628369","https://ak-static.cms.nba.com/wp-content/uploads/headshots/nba/latest/260x190/1628369.png","https://ak-static.cms.nba.com/wp-content/uploads/headshots/nba/latest/260x190/1628369.png","https://stats.nba.com/media/players/700/1628369.png","https://ak-static.cms.nba.com/wp-content/uploads/headshots/nba/latest/260x190/1628369.png"
"542",16898,2024,"2023-24","NBA","Regular Season","2024-02-11",22300759,53,"Boston Celtics",1610612738,FALSE,TRUE,FALSE,"A","BOS @ MIA","BOS",1,1,"MIA","BOS","MIA","W","Luke Kornet",37,1,1,1628436,TRUE,0,0,NA,0,0,0,NA,TRUE,0,0,0,2,0,0,0,0,0,0,0,0,0,0,0,0,0,"https://stats.nba.com/media/img/teams/logos/season/2023-24/BOS_logo.svg","https://stats.nba.com/player/1628436","https://ak-static.cms.nba.com/wp-content/uploads/headshots/nba/latest/260x190/1628436.png","https://ak-static.cms.nba.com/wp-content/uploads/headshots/nba/latest/260x190/1628436.png","https://stats.nba.com/media/players/700/1628436.png","https://ak-static.cms.nba.com/wp-content/uploads/headshots/nba/latest/260x190/1628436.png"
"543",16899,2024,"2023-24","NBA","Regular Season","2024-02-11",22300759,53,"Boston Celtics",1610612738,FALSE,TRUE,FALSE,"A","BOS @ MIA","BOS",1,1,"MIA","BOS","MIA","W","Sam Hauser",52,1,1,1630573,TRUE,2,4,0.5,2,4,0.5,NA,TRUE,0,0,0,15,0,0,0,0,0,0,0,0,0,1,6,0,6,"https://stats.nba.com/media/img/teams/logos/season/2023-24/BOS_logo.svg","https://stats.nba.com/player/1630573","https://ak-static.cms.nba.com/wp-content/uploads/headshots/nba/latest/260x190/1630573.png","https://ak-static.cms.nba.com/wp-content/uploads/headshots/nba/latest/260x190/1630573.png","https://stats.nba.com/media/players/700/1630573.png","https://stats.nba.com/media/img/league/nba-headshot-fallback.png"
"544",16917,2024,"2023-24","NBA","Regular Season","2024-02-11",22300759,53,"Boston Celtics",1610612738,FALSE,TRUE,FALSE,"A","BOS @ MIA","BOS",1,1,"MIA","BOS","MIA","W","Jaylen Brown",49,1,1,1627759,TRUE,8,16,0.5,3,8,0.375,0.25,TRUE,5,8,0.625,37,1,4,3,6,9,2,0,0,6,1,20,3,27.8,"https://stats.nba.com/media/img/teams/logos/season/2023-24/BOS_logo.svg","https://stats.nba.com/player/1627759","https://stats.nba.com/media/players/230x185/1627759.png","https://ak-static.cms.nba.com/wp-content/uploads/headshots/nba/latest/260x190/1627759.png","https://stats.nba.com/media/players/700/1627759.png","https://ak-static.cms.nba.com/wp-content/uploads/headshots/nba/latest/260x190/1627759.png"
"545",16918,2024,"2023-24","NBA","Regular Season","2024-02-11",22300759,53,"Boston Celtics",1610612738,FALSE,TRUE,FALSE,"A","BOS @ MIA","BOS",1,1,"MIA","BOS","MIA","W","Derrick White",49,1,1,1628401,TRUE,3,9,0.333,0,5,0,NA,TRUE,3,4,0.75,38,0,0,0,2,2,4,0,1,1,2,6,6,16.4,"https://stats.nba.com/media/img/teams/logos/season/2023-24/BOS_logo.svg","https://stats.nba.com/player/1628401","https://ak-static.cms.nba.com/wp-content/uploads/headshots/nba/latest/260x190/1628401.png","https://ak-static.cms.nba.com/wp-content/uploads/headshots/nba/latest/260x190/1628401.png","https://stats.nba.com/media/players/700/1628401.png","https://ak-static.cms.nba.com/wp-content/uploads/headshots/nba/latest/260x190/1628401.png"
"546",16919,2024,"2023-24","NBA","Regular Season","2024-02-11",22300759,53,"Boston Celtics",1610612738,FALSE,TRUE,FALSE,"A","BOS @ MIA","BOS",1,1,"MIA","BOS","MIA","W","Payton Pritchard",53,1,1,1630202,TRUE,3,5,0.6,2,4,0.5,NA,TRUE,1,1,1,15,0,0,1,2,3,2,0,0,0,0,8,-6,14.6,"https://stats.nba.com/media/img/teams/logos/season/2023-24/BOS_logo.svg","https://stats.nba.com/player/1630202","https://ak-static.cms.nba.com/wp-content/uploads/headshots/nba/latest/260x190/1630202.png","https://ak-static.cms.nba.com/wp-content/uploads/headshots/nba/latest/260x190/1630202.png","https://stats.nba.com/media/players/700/1630202.png","https://stats.nba.com/media/img/league/nba-headshot-fallback.png"
"547",16925,2024,"2023-24","NBA","Regular Season","2024-02-11",22300759,53,"Boston Celtics",1610612738,FALSE,TRUE,FALSE,"A","BOS @ MIA","BOS",1,1,"MIA","BOS","MIA","W","Al Horford",44,1,1,201143,TRUE,1,5,0.2,0,2,0,1,TRUE,1,3,0.333333333333333,25,2,2,0,5,5,0,0,3,0,1,4,2,19,"https://stats.nba.com/media/img/teams/logos/season/2023-24/BOS_logo.svg","https://stats.nba.com/player/201143","https://stats.nba.com/media/players/230x185/201143.png","https://ak-static.cms.nba.com/wp-content/uploads/headshots/nba/latest/260x190/201143.png","https://stats.nba.com/media/players/700/201143.png","https://ak-static.cms.nba.com/wp-content/uploads/headshots/nba/latest/260x190/201143.png"
"548",16926,2024,"2023-24","NBA","Regular Season","2024-02-11",22300759,53,"Boston Celtics",1610612738,FALSE,TRUE,FALSE,"A","BOS @ MIA","BOS",1,1,"MIA","BOS","MIA","W","Oshae Brissett",34,3,1,1629052,TRUE,0,0,NA,0,0,0,NA,TRUE,0,0,0,2,0,0,0,1,1,1,0,0,0,0,0,4,2.7,"https://stats.nba.com/media/img/teams/logos/season/2023-24/BOS_logo.svg","https://stats.nba.com/player/1629052","https://ak-static.cms.nba.com/wp-content/uploads/headshots/nba/latest/260x190/1629052.png","https://ak-static.cms.nba.com/wp-content/uploads/headshots/nba/latest/260x190/1629052.png","https://stats.nba.com/media/players/700/1629052.png","https://stats.nba.com/media/img/league/nba-headshot-fallback.png"
"549",17149,2024,"2023-24","NBA","Regular Season","2024-02-13",22300771,54,"Boston Celtics",1610612738,TRUE,FALSE,FALSE,"A","BOS @ BKN","BOS",1,0,"BKN","BOS","BKN","W","Oshae Brissett",35,1,0,1629052,TRUE,0,0,NA,0,0,0,0.25,TRUE,0,0,0,9,1,4,1,0,1,1,0,0,0,0,1,-13,3.7,"https://stats.nba.com/media/img/teams/logos/season/2023-24/BOS_logo.svg","https://stats.nba.com/player/1629052","https://ak-static.cms.nba.com/wp-content/uploads/headshots/nba/latest/260x190/1629052.png","https://ak-static.cms.nba.com/wp-content/uploads/headshots/nba/latest/260x190/1629052.png","https://stats.nba.com/media/players/700/1629052.png","https://stats.nba.com/media/img/league/nba-headshot-fallback.png"
"550",17183,2024,"2023-24","NBA","Regular Season","2024-02-13",22300771,54,"Boston Celtics",1610612738,TRUE,FALSE,FALSE,"A","BOS @ BKN","BOS",1,0,"BKN","BOS","BKN","W","Luke Kornet",38,1,0,1628436,TRUE,2,2,1,0,0,0,0.5,TRUE,2,2,1,15,1,2,2,3,5,1,0,0,1,5,5,4,11.5,"https://stats.nba.com/media/img/teams/logos/season/2023-24/BOS_logo.svg","https://stats.nba.com/player/1628436","https://ak-static.cms.nba.com/wp-content/uploads/headshots/nba/latest/260x190/1628436.png","https://ak-static.cms.nba.com/wp-content/uploads/headshots/nba/latest/260x190/1628436.png","https://stats.nba.com/media/players/700/1628436.png","https://ak-static.cms.nba.com/wp-content/uploads/headshots/nba/latest/260x190/1628436.png"
"551",17201,2024,"2023-24","NBA","Regular Season","2024-02-13",22300771,54,"Boston Celtics",1610612738,TRUE,FALSE,FALSE,"A","BOS @ BKN","BOS",1,0,"BKN","BOS","BKN","W","Al Horford",45,1,8,201143,TRUE,6,6,1,2,2,1,1,TRUE,4,4,1,37,2,2,1,5,6,4,1,0,0,0,16,2,32.2,"https://stats.nba.com/media/img/teams/logos/season/2023-24/BOS_logo.svg","https://stats.nba.com/player/201143","https://stats.nba.com/media/players/230x185/201143.png","https://ak-static.cms.nba.com/wp-content/uploads/headshots/nba/latest/260x190/201143.png","https://stats.nba.com/media/players/700/201143.png","https://ak-static.cms.nba.com/wp-content/uploads/headshots/nba/latest/260x190/201143.png"
"552",17202,2024,"2023-24","NBA","Regular Season","2024-02-13",22300771,54,"Boston Celtics",1610612738,TRUE,FALSE,FALSE,"A","BOS @ BKN","BOS",1,0,"BKN","BOS","BKN","W","Payton Pritchard",54,1,0,1630202,TRUE,1,6,0.167,1,5,0.2,NA,TRUE,0,1,0,15,0,0,1,2,3,1,0,0,1,3,3,-8,7.1,"https://stats.nba.com/media/img/teams/logos/season/2023-24/BOS_logo.svg","https://stats.nba.com/player/1630202","https://ak-static.cms.nba.com/wp-content/uploads/headshots/nba/latest/260x190/1630202.png","https://ak-static.cms.nba.com/wp-content/uploads/headshots/nba/latest/260x190/1630202.png","https://stats.nba.com/media/players/700/1630202.png","https://stats.nba.com/media/img/league/nba-headshot-fallback.png"
"553",17220,2024,"2023-24","NBA","Regular Season","2024-02-13",22300771,54,"Boston Celtics",1610612738,TRUE,FALSE,FALSE,"A","BOS @ BKN","BOS",1,0,"BKN","BOS","BKN","W","Jayson Tatum",51,1,0,1628369,TRUE,14,26,0.538,5,11,0.454545454545455,1,TRUE,9,15,0.6,39,8,8,0,14,14,5,2,1,2,3,41,21,72.3,"https://stats.nba.com/media/img/teams/logos/season/2023-24/BOS_logo.svg","https://stats.nba.com/player/1628369","https://ak-static.cms.nba.com/wp-content/uploads/headshots/nba/latest/260x190/1628369.png","https://ak-static.cms.nba.com/wp-content/uploads/headshots/nba/latest/260x190/1628369.png","https://stats.nba.com/media/players/700/1628369.png","https://ak-static.cms.nba.com/wp-content/uploads/headshots/nba/latest/260x190/1628369.png"
"554",17246,2024,"2023-24","NBA","Regular Season","2024-02-13",22300771,54,"Boston Celtics",1610612738,TRUE,FALSE,FALSE,"A","BOS @ BKN","BOS",1,0,"BKN","BOS","BKN","W","Jrue Holiday",49,1,0,201950,TRUE,6,10,0.6,2,4,0.5,NA,TRUE,4,6,0.666666666666667,35,0,0,0,5,5,12,2,0,3,5,14,18,41,"https://stats.nba.com/media/img/teams/logos/season/2023-24/BOS_logo.svg","https://stats.nba.com/player/201950","https://stats.nba.com/media/players/230x185/201950.png","https://ak-static.cms.nba.com/wp-content/uploads/headshots/nba/latest/260x190/201950.png","https://stats.nba.com/media/players/700/201950.png","https://ak-static.cms.nba.com/wp-content/uploads/headshots/nba/latest/260x190/201950.png"
"555",17247,2024,"2023-24","NBA","Regular Season","2024-02-13",22300771,54,"Boston Celtics",1610612738,TRUE,FALSE,FALSE,"A","BOS @ BKN","BOS",1,0,"BKN","BOS","BKN","W","Derrick White",50,1,0,1628401,TRUE,6,11,0.545,3,6,0.5,1,TRUE,3,5,0.6,38,1,1,0,2,2,3,0,0,2,1,16,6,20.9,"https://stats.nba.com/media/img/teams/logos/season/2023-24/BOS_logo.svg","https://stats.nba.com/player/1628401","https://ak-static.cms.nba.com/wp-content/uploads/headshots/nba/latest/260x190/1628401.png","https://ak-static.cms.nba.com/wp-content/uploads/headshots/nba/latest/260x190/1628401.png","https://stats.nba.com/media/players/700/1628401.png","https://ak-static.cms.nba.com/wp-content/uploads/headshots/nba/latest/260x190/1628401.png"
"556",17248,2024,"2023-24","NBA","Regular Season","2024-02-13",22300771,54,"Boston Celtics",1610612738,TRUE,FALSE,FALSE,"A","BOS @ BKN","BOS",1,0,"BKN","BOS","BKN","W","Sam Hauser",53,1,0,1630573,TRUE,1,3,0.333,1,3,0.333333333333333,NA,TRUE,0,0,0,14,0,0,1,1,2,0,0,0,0,2,3,1,5.4,"https://stats.nba.com/media/img/teams/logos/season/2023-24/BOS_logo.svg","https://stats.nba.com/player/1630573","https://ak-static.cms.nba.com/wp-content/uploads/headshots/nba/latest/260x190/1630573.png","https://ak-static.cms.nba.com/wp-content/uploads/headshots/nba/latest/260x190/1630573.png","https://stats.nba.com/media/players/700/1630573.png","https://stats.nba.com/media/img/league/nba-headshot-fallback.png"
"557",17277,2024,"2023-24","NBA","Regular Season","2024-02-13",22300771,54,"Boston Celtics",1610612738,TRUE,FALSE,FALSE,"A","BOS @ BKN","BOS",1,0,"BKN","BOS","BKN","W","Jaylen Brown",50,1,8,1627759,TRUE,7,19,0.368,1,6,0.166666666666667,0.667,TRUE,6,13,0.461538461538462,37,4,6,1,0,1,4,1,0,4,5,19,9,25.2,"https://stats.nba.com/media/img/teams/logos/season/2023-24/BOS_logo.svg","https://stats.nba.com/player/1627759","https://stats.nba.com/media/players/230x185/1627759.png","https://ak-static.cms.nba.com/wp-content/uploads/headshots/nba/latest/260x190/1627759.png","https://stats.nba.com/media/players/700/1627759.png","https://ak-static.cms.nba.com/wp-content/uploads/headshots/nba/latest/260x190/1627759.png"
"558",17293,2024,"2023-24","NBA","Regular Season","2024-02-14",22300780,55,"Boston Celtics",1610612738,TRUE,FALSE,TRUE,"H","BOS vs. BKN","BOS",0,7,"BKN","BOS","BKN","W","Jrue Holiday",50,0,7,201950,TRUE,1,3,0.333,1,2,0.5,NA,TRUE,0,1,0,24,0,0,1,3,4,5,0,0,0,0,3,31,15.3,"https://stats.nba.com/media/img/teams/logos/season/2023-24/BOS_logo.svg","https://stats.nba.com/player/201950","https://stats.nba.com/media/players/230x185/201950.png","https://ak-static.cms.nba.com/wp-content/uploads/headshots/nba/latest/260x190/201950.png","https://stats.nba.com/media/players/700/201950.png","https://ak-static.cms.nba.com/wp-content/uploads/headshots/nba/latest/260x190/201950.png"
"559",17350,2024,"2023-24","NBA","Regular Season","2024-02-14",22300780,55,"Boston Celtics",1610612738,TRUE,FALSE,TRUE,"H","BOS vs. BKN","BOS",0,7,"BKN","BOS","BKN","W","Kristaps Porziņģis",40,2,7,204001,TRUE,6,9,0.667,3,4,0.75,NA,TRUE,3,5,0.6,16,0,0,0,5,5,1,0,1,1,0,15,16,24.5,"https://stats.nba.com/media/img/teams/logos/season/2023-24/BOS_logo.svg","https://stats.nba.com/player/204001","https://stats.nba.com/media/players/230x185/204001.png","https://ak-static.cms.nba.com/wp-content/uploads/headshots/nba/latest/260x190/204001.png","https://stats.nba.com/media/players/700/204001.png","https://ak-static.cms.nba.com/wp-content/uploads/headshots/nba/latest/260x190/204001.png"
"560",17351,2024,"2023-24","NBA","Regular Season","2024-02-14",22300780,55,"Boston Celtics",1610612738,TRUE,FALSE,TRUE,"H","BOS vs. BKN","BOS",0,7,"BKN","BOS","BKN","W","Svi Mykhailiuk",23,9,7,1629004,TRUE,1,2,0.5,0,0,0,NA,TRUE,1,2,0.5,13,0,0,0,0,0,0,0,0,1,1,2,8,1,"https://stats.nba.com/media/img/teams/logos/season/2023-24/BOS_logo.svg","https://stats.nba.com/player/1629004","https://ak-static.cms.nba.com/wp-content/uploads/headshots/nba/latest/260x190/1629004.png","https://ak-static.cms.nba.com/wp-content/uploads/headshots/nba/latest/260x190/1629004.png","https://stats.nba.com/media/players/700/1629004.png","https://ak-static.cms.nba.com/wp-content/uploads/headshots/nba/latest/260x190/1629004.png"
"561",17352,2024,"2023-24","NBA","Regular Season","2024-02-14",22300780,55,"Boston Celtics",1610612738,TRUE,FALSE,TRUE,"H","BOS vs. BKN","BOS",0,7,"BKN","BOS","BKN","W","Jordan Walsh",4,9,32,1641775,TRUE,0,3,0,0,2,0,NA,TRUE,0,1,0,18,0,0,1,4,5,0,1,1,2,3,0,8,10,"https://stats.nba.com/media/img/teams/logos/season/2023-24/BOS_logo.svg","https://stats.nba.com/player/1641775","https://ak-static.cms.nba.com/wp-content/uploads/headshots/nba/latest/260x190/1641775.png","https://ak-static.cms.nba.com/wp-content/uploads/headshots/nba/latest/260x190/1641775.png","https://stats.nba.com/media/players/700/1641775.png","https://stats.nba.com/media/img/league/nba-headshot-fallback.png"
"562",17405,2024,"2023-24","NBA","Regular Season","2024-02-14",22300780,55,"Boston Celtics",1610612738,TRUE,FALSE,TRUE,"H","BOS vs. BKN","BOS",0,7,"BKN","BOS","BKN","W","Luke Kornet",39,0,7,1628436,TRUE,4,5,0.8,0,0,0,NA,TRUE,4,5,0.8,19,0,0,4,4,8,3,1,3,0,2,8,27,34.1,"https://stats.nba.com/media/img/teams/logos/season/2023-24/BOS_logo.svg","https://stats.nba.com/player/1628436","https://ak-static.cms.nba.com/wp-content/uploads/headshots/nba/latest/260x190/1628436.png","https://ak-static.cms.nba.com/wp-content/uploads/headshots/nba/latest/260x190/1628436.png","https://stats.nba.com/media/players/700/1628436.png","https://ak-static.cms.nba.com/wp-content/uploads/headshots/nba/latest/260x190/1628436.png"
"563",17406,2024,"2023-24","NBA","Regular Season","2024-02-14",22300780,55,"Boston Celtics",1610612738,TRUE,FALSE,TRUE,"H","BOS vs. BKN","BOS",0,7,"BKN","BOS","BKN","W","Payton Pritchard",55,0,7,1630202,TRUE,11,16,0.688,6,9,0.666666666666667,NA,TRUE,5,7,0.714285714285714,32,0,0,1,3,4,3,0,0,0,1,28,29,37.3,"https://stats.nba.com/media/img/teams/logos/season/2023-24/BOS_logo.svg","https://stats.nba.com/player/1630202","https://ak-static.cms.nba.com/wp-content/uploads/headshots/nba/latest/260x190/1630202.png","https://ak-static.cms.nba.com/wp-content/uploads/headshots/nba/latest/260x190/1630202.png","https://stats.nba.com/media/players/700/1630202.png","https://stats.nba.com/media/img/league/nba-headshot-fallback.png"
"564",17407,2024,"2023-24","NBA","Regular Season","2024-02-14",22300780,55,"Boston Celtics",1610612738,TRUE,FALSE,TRUE,"H","BOS vs. BKN","BOS",0,7,"BKN","BOS","BKN","W","Sam Hauser",54,0,7,1630573,TRUE,5,9,0.556,4,8,0.5,NA,TRUE,1,1,1,29,0,0,0,5,5,2,1,0,0,0,14,40,26,"https://stats.nba.com/media/img/teams/logos/season/2023-24/BOS_logo.svg","https://stats.nba.com/player/1630573","https://ak-static.cms.nba.com/wp-content/uploads/headshots/nba/latest/260x190/1630573.png","https://ak-static.cms.nba.com/wp-content/uploads/headshots/nba/latest/260x190/1630573.png","https://stats.nba.com/media/players/700/1630573.png","https://stats.nba.com/media/img/league/nba-headshot-fallback.png"
"565",17464,2024,"2023-24","NBA","Regular Season","2024-02-14",22300780,55,"Boston Celtics",1610612738,TRUE,FALSE,TRUE,"H","BOS vs. BKN","BOS",0,7,"BKN","BOS","BKN","W","Derrick White",51,0,7,1628401,TRUE,10,16,0.625,5,10,0.5,1,TRUE,5,6,0.833333333333333,28,2,2,0,5,5,4,1,0,2,2,27,44,40,"https://stats.nba.com/media/img/teams/logos/season/2023-24/BOS_logo.svg","https://stats.nba.com/player/1628401","https://ak-static.cms.nba.com/wp-content/uploads/headshots/nba/latest/260x190/1628401.png","https://ak-static.cms.nba.com/wp-content/uploads/headshots/nba/latest/260x190/1628401.png","https://stats.nba.com/media/players/700/1628401.png","https://ak-static.cms.nba.com/wp-content/uploads/headshots/nba/latest/260x190/1628401.png"
"566",17465,2024,"2023-24","NBA","Regular Season","2024-02-14",22300780,55,"Boston Celtics",1610612738,TRUE,FALSE,TRUE,"H","BOS vs. BKN","BOS",0,7,"BKN","BOS","BKN","W","Neemias Queta",23,9,25,1629674,TRUE,4,6,0.667,0,0,0,NA,TRUE,4,6,0.666666666666667,13,0,0,2,2,4,0,1,0,1,3,8,9,14.8,"https://stats.nba.com/media/img/teams/logos/season/2023-24/BOS_logo.svg","https://stats.nba.com/player/1629674","https://ak-static.cms.nba.com/wp-content/uploads/headshots/nba/latest/260x190/1629674.png","https://ak-static.cms.nba.com/wp-content/uploads/headshots/nba/latest/260x190/1629674.png","https://stats.nba.com/media/players/700/1629674.png","https://stats.nba.com/media/img/league/nba-headshot-fallback.png"
"567",17513,2024,"2023-24","NBA","Regular Season","2024-02-14",22300780,55,"Boston Celtics",1610612738,TRUE,FALSE,TRUE,"H","BOS vs. BKN","BOS",0,7,"BKN","BOS","BKN","W","Oshae Brissett",36,0,7,1629052,TRUE,3,6,0.5,1,3,0.333333333333333,0.8,TRUE,2,3,0.666666666666667,20,4,5,0,4,4,5,1,0,0,1,11,11,26.3,"https://stats.nba.com/media/img/teams/logos/season/2023-24/BOS_logo.svg","https://stats.nba.com/player/1629052","https://ak-static.cms.nba.com/wp-content/uploads/headshots/nba/latest/260x190/1629052.png","https://ak-static.cms.nba.com/wp-content/uploads/headshots/nba/latest/260x190/1629052.png","https://stats.nba.com/media/players/700/1629052.png","https://stats.nba.com/media/img/league/nba-headshot-fallback.png"
"568",17555,2024,"2023-24","NBA","Regular Season","2024-02-14",22300780,55,"Boston Celtics",1610612738,TRUE,FALSE,TRUE,"H","BOS vs. BKN","BOS",0,7,"BKN","BOS","BKN","W","Jayson Tatum",52,0,7,1628369,TRUE,7,16,0.438,2,7,0.285714285714286,0.8,TRUE,5,9,0.555555555555556,28,4,5,1,6,7,9,0,0,1,0,20,27,40.9,"https://stats.nba.com/media/img/teams/logos/season/2023-24/BOS_logo.svg","https://stats.nba.com/player/1628369","https://ak-static.cms.nba.com/wp-content/uploads/headshots/nba/latest/260x190/1628369.png","https://ak-static.cms.nba.com/wp-content/uploads/headshots/nba/latest/260x190/1628369.png","https://stats.nba.com/media/players/700/1628369.png","https://ak-static.cms.nba.com/wp-content/uploads/headshots/nba/latest/260x190/1628369.png"
"569",17638,2024,"2023-24","NBA","Regular Season","2024-02-22",22300797,56,"Boston Celtics",1610612738,FALSE,FALSE,FALSE,"A","BOS @ CHI","BOS",7,1,"CHI","BOS","CHI","W","Jayson Tatum",53,7,1,1628369,TRUE,8,17,0.471,5,10,0.5,0.667,TRUE,3,7,0.428571428571429,35,4,6,0,7,7,5,3,0,3,3,25,13,46.9,"https://stats.nba.com/media/img/teams/logos/season/2023-24/BOS_logo.svg","https://stats.nba.com/player/1628369","https://ak-static.cms.nba.com/wp-content/uploads/headshots/nba/latest/260x190/1628369.png","https://ak-static.cms.nba.com/wp-content/uploads/headshots/nba/latest/260x190/1628369.png","https://stats.nba.com/media/players/700/1628369.png","https://ak-static.cms.nba.com/wp-content/uploads/headshots/nba/latest/260x190/1628369.png"
"570",17681,2024,"2023-24","NBA","Regular Season","2024-02-22",22300797,56,"Boston Celtics",1610612738,FALSE,FALSE,FALSE,"A","BOS @ CHI","BOS",7,1,"CHI","BOS","CHI","W","Jrue Holiday",51,7,1,201950,TRUE,3,5,0.6,2,3,0.666666666666667,0.5,TRUE,1,2,0.5,29,1,2,0,3,3,6,2,1,2,3,9,9,28.6,"https://stats.nba.com/media/img/teams/logos/season/2023-24/BOS_logo.svg","https://stats.nba.com/player/201950","https://stats.nba.com/media/players/230x185/201950.png","https://ak-static.cms.nba.com/wp-content/uploads/headshots/nba/latest/260x190/201950.png","https://stats.nba.com/media/players/700/201950.png","https://ak-static.cms.nba.com/wp-content/uploads/headshots/nba/latest/260x190/201950.png"
"571",17682,2024,"2023-24","NBA","Regular Season","2024-02-22",22300797,56,"Boston Celtics",1610612738,FALSE,FALSE,FALSE,"A","BOS @ CHI","BOS",7,1,"CHI","BOS","CHI","W","Sam Hauser",55,7,1,1630573,TRUE,3,3,1,2,2,1,NA,TRUE,1,1,1,14,0,0,0,1,1,1,0,1,0,0,8,6,13.7,"https://stats.nba.com/media/img/teams/logos/season/2023-24/BOS_logo.svg","https://stats.nba.com/player/1630573","https://ak-static.cms.nba.com/wp-content/uploads/headshots/nba/latest/260x190/1630573.png","https://ak-static.cms.nba.com/wp-content/uploads/headshots/nba/latest/260x190/1630573.png","https://stats.nba.com/media/players/700/1630573.png","https://stats.nba.com/media/img/league/nba-headshot-fallback.png"
"572",17744,2024,"2023-24","NBA","Regular Season","2024-02-22",22300797,56,"Boston Celtics",1610612738,FALSE,FALSE,FALSE,"A","BOS @ CHI","BOS",7,1,"CHI","BOS","CHI","W","Al Horford",46,8,1,201143,TRUE,0,1,0,0,0,0,NA,TRUE,0,1,0,23,0,0,1,4,5,0,0,1,1,1,0,1,8,"https://stats.nba.com/media/img/teams/logos/season/2023-24/BOS_logo.svg","https://stats.nba.com/player/201143","https://stats.nba.com/media/players/230x185/201143.png","https://ak-static.cms.nba.com/wp-content/uploads/headshots/nba/latest/260x190/201143.png","https://stats.nba.com/media/players/700/201143.png","https://ak-static.cms.nba.com/wp-content/uploads/headshots/nba/latest/260x190/201143.png"
"573",17745,2024,"2023-24","NBA","Regular Season","2024-02-22",22300797,56,"Boston Celtics",1610612738,FALSE,FALSE,FALSE,"A","BOS @ CHI","BOS",7,1,"CHI","BOS","CHI","W","Svi Mykhailiuk",24,7,7,1629004,TRUE,1,1,1,1,1,1,NA,TRUE,0,0,0,2,0,0,0,1,1,1,0,0,0,0,3,0,5.7,"https://stats.nba.com/media/img/teams/logos/season/2023-24/BOS_logo.svg","https://stats.nba.com/player/1629004","https://ak-static.cms.nba.com/wp-content/uploads/headshots/nba/latest/260x190/1629004.png","https://ak-static.cms.nba.com/wp-content/uploads/headshots/nba/latest/260x190/1629004.png","https://stats.nba.com/media/players/700/1629004.png","https://ak-static.cms.nba.com/wp-content/uploads/headshots/nba/latest/260x190/1629004.png"
"574",17746,2024,"2023-24","NBA","Regular Season","2024-02-22",22300797,56,"Boston Celtics",1610612738,FALSE,FALSE,FALSE,"A","BOS @ CHI","BOS",7,1,"CHI","BOS","CHI","W","Payton Pritchard",56,7,1,1630202,TRUE,3,6,0.5,3,6,0.5,NA,TRUE,0,0,0,20,0,0,0,3,3,1,0,0,2,0,9,-1,12.1,"https://stats.nba.com/media/img/teams/logos/season/2023-24/BOS_logo.svg","https://stats.nba.com/player/1630202","https://ak-static.cms.nba.com/wp-content/uploads/headshots/nba/latest/260x190/1630202.png","https://ak-static.cms.nba.com/wp-content/uploads/headshots/nba/latest/260x190/1630202.png","https://stats.nba.com/media/players/700/1630202.png","https://stats.nba.com/media/img/league/nba-headshot-fallback.png"
"575",17747,2024,"2023-24","NBA","Regular Season","2024-02-22",22300797,56,"Boston Celtics",1610612738,FALSE,FALSE,FALSE,"A","BOS @ CHI","BOS",7,1,"CHI","BOS","CHI","W","Xavier Tillman",35,23,7,1630214,TRUE,1,1,1,0,0,0,NA,TRUE,1,1,1,3,0,0,0,0,0,0,0,1,0,1,2,0,5,"https://stats.nba.com/media/img/teams/logos/season/2023-24/BOS_logo.svg","https://stats.nba.com/player/1630214","https://ak-static.cms.nba.com/wp-content/uploads/headshots/nba/latest/260x190/1630214.png","https://ak-static.cms.nba.com/wp-content/uploads/headshots/nba/latest/260x190/1630214.png","https://stats.nba.com/media/players/700/1630214.png","https://stats.nba.com/media/img/league/nba-headshot-fallback.png"
"576",17803,2024,"2023-24","NBA","Regular Season","2024-02-22",22300797,56,"Boston Celtics",1610612738,FALSE,FALSE,FALSE,"A","BOS @ CHI","BOS",7,1,"CHI","BOS","CHI","W","Derrick White",52,7,1,1628401,TRUE,9,14,0.643,5,10,0.5,1,TRUE,4,4,1,33,5,5,0,3,3,5,2,3,2,1,28,15,52.1,"https://stats.nba.com/media/img/teams/logos/season/2023-24/BOS_logo.svg","https://stats.nba.com/player/1628401","https://ak-static.cms.nba.com/wp-content/uploads/headshots/nba/latest/260x190/1628401.png","https://ak-static.cms.nba.com/wp-content/uploads/headshots/nba/latest/260x190/1628401.png","https://stats.nba.com/media/players/700/1628401.png","https://ak-static.cms.nba.com/wp-content/uploads/headshots/nba/latest/260x190/1628401.png"
"577",17804,2024,"2023-24","NBA","Regular Season","2024-02-22",22300797,56,"Boston Celtics",1610612738,FALSE,FALSE,FALSE,"A","BOS @ CHI","BOS",7,1,"CHI","BOS","CHI","W","Oshae Brissett",37,7,4,1629052,TRUE,0,0,NA,0,0,0,NA,TRUE,0,0,0,2,0,0,0,0,0,0,0,0,0,0,0,0,0,"https://stats.nba.com/media/img/teams/logos/season/2023-24/BOS_logo.svg","https://stats.nba.com/player/1629052","https://ak-static.cms.nba.com/wp-content/uploads/headshots/nba/latest/260x190/1629052.png","https://ak-static.cms.nba.com/wp-content/uploads/headshots/nba/latest/260x190/1629052.png","https://stats.nba.com/media/players/700/1629052.png","https://stats.nba.com/media/img/league/nba-headshot-fallback.png"
"578",17852,2024,"2023-24","NBA","Regular Season","2024-02-22",22300797,56,"Boston Celtics",1610612738,FALSE,FALSE,FALSE,"A","BOS @ CHI","BOS",7,1,"CHI","BOS","CHI","W","Jaylen Brown",51,8,1,1627759,TRUE,7,12,0.583,3,5,0.6,0.667,TRUE,4,7,0.571428571428571,33,4,6,0,5,5,5,1,1,2,2,21,19,38.5,"https://stats.nba.com/media/img/teams/logos/season/2023-24/BOS_logo.svg","https://stats.nba.com/player/1627759","https://stats.nba.com/media/players/230x185/1627759.png","https://ak-static.cms.nba.com/wp-content/uploads/headshots/nba/latest/260x190/1627759.png","https://stats.nba.com/media/players/700/1627759.png","https://ak-static.cms.nba.com/wp-content/uploads/headshots/nba/latest/260x190/1627759.png"
"579",17853,2024,"2023-24","NBA","Regular Season","2024-02-22",22300797,56,"Boston Celtics",1610612738,FALSE,FALSE,FALSE,"A","BOS @ CHI","BOS",7,1,"CHI","BOS","CHI","W","Luke Kornet",40,7,1,1628436,TRUE,5,6,0.833,0,0,0,NA,TRUE,5,6,0.833333333333333,14,0,0,4,0,4,2,1,0,0,1,10,10,20.8,"https://stats.nba.com/media/img/teams/logos/season/2023-24/BOS_logo.svg","https://stats.nba.com/player/1628436","https://ak-static.cms.nba.com/wp-content/uploads/headshots/nba/latest/260x190/1628436.png","https://ak-static.cms.nba.com/wp-content/uploads/headshots/nba/latest/260x190/1628436.png","https://stats.nba.com/media/players/700/1628436.png","https://ak-static.cms.nba.com/wp-content/uploads/headshots/nba/latest/260x190/1628436.png"
"580",17854,2024,"2023-24","NBA","Regular Season","2024-02-22",22300797,56,"Boston Celtics",1610612738,FALSE,FALSE,FALSE,"A","BOS @ CHI","BOS",7,1,"CHI","BOS","CHI","W","Jaden Springer",33,14,1,1630531,TRUE,0,1,0,0,1,0,NA,TRUE,0,0,0,2,0,0,0,0,0,0,0,0,0,0,0,0,0,"https://stats.nba.com/media/img/teams/logos/season/2023-24/BOS_logo.svg","https://stats.nba.com/player/1630531","https://ak-static.cms.nba.com/wp-content/uploads/headshots/nba/latest/260x190/1630531.png","https://ak-static.cms.nba.com/wp-content/uploads/headshots/nba/latest/260x190/1630531.png","https://stats.nba.com/media/players/700/1630531.png","https://stats.nba.com/media/img/league/nba-headshot-fallback.png"
"581",17899,2024,"2023-24","NBA","Regular Season","2024-02-22",22300797,56,"Boston Celtics",1610612738,FALSE,FALSE,FALSE,"A","BOS @ CHI","BOS",7,1,"CHI","BOS","CHI","W","Kristaps Porziņģis",41,7,1,204001,TRUE,5,16,0.313,2,9,0.222222222222222,1,TRUE,3,7,0.428571428571429,30,2,2,0,4,4,1,1,3,1,4,14,13,31.3,"https://stats.nba.com/media/img/teams/logos/season/2023-24/BOS_logo.svg","https://stats.nba.com/player/204001","https://stats.nba.com/media/players/230x185/204001.png","https://ak-static.cms.nba.com/wp-content/uploads/headshots/nba/latest/260x190/204001.png","https://stats.nba.com/media/players/700/204001.png","https://ak-static.cms.nba.com/wp-content/uploads/headshots/nba/latest/260x190/204001.png"
"582",18126,2024,"2023-24","NBA","Regular Season","2024-02-24",22300816,57,"Boston Celtics",1610612738,FALSE,FALSE,FALSE,"A","BOS @ NYK","BOS",1,2,"NYK","BOS","NYK","W","Al Horford",47,1,2,201143,TRUE,5,7,0.714,0,0,0,NA,TRUE,5,7,0.714285714285714,26,0,0,4,3,7,0,0,1,0,2,10,11,21.4,"https://stats.nba.com/media/img/teams/logos/season/2023-24/BOS_logo.svg","https://stats.nba.com/player/201143","https://stats.nba.com/media/players/230x185/201143.png","https://ak-static.cms.nba.com/wp-content/uploads/headshots/nba/latest/260x190/201143.png","https://stats.nba.com/media/players/700/201143.png","https://ak-static.cms.nba.com/wp-content/uploads/headshots/nba/latest/260x190/201143.png"
"583",18127,2024,"2023-24","NBA","Regular Season","2024-02-24",22300816,57,"Boston Celtics",1610612738,FALSE,FALSE,FALSE,"A","BOS @ NYK","BOS",1,2,"NYK","BOS","NYK","W","Derrick White",53,1,2,1628401,TRUE,5,8,0.625,3,5,0.6,NA,TRUE,2,3,0.666666666666667,32,0,0,1,2,3,6,2,0,0,1,13,7,31.6,"https://stats.nba.com/media/img/teams/logos/season/2023-24/BOS_logo.svg","https://stats.nba.com/player/1628401","https://ak-static.cms.nba.com/wp-content/uploads/headshots/nba/latest/260x190/1628401.png","https://ak-static.cms.nba.com/wp-content/uploads/headshots/nba/latest/260x190/1628401.png","https://stats.nba.com/media/players/700/1628401.png","https://ak-static.cms.nba.com/wp-content/uploads/headshots/nba/latest/260x190/1628401.png"
"584",18128,2024,"2023-24","NBA","Regular Season","2024-02-24",22300816,57,"Boston Celtics",1610612738,FALSE,FALSE,FALSE,"A","BOS @ NYK","BOS",1,2,"NYK","BOS","NYK","W","Payton Pritchard",57,1,2,1630202,TRUE,1,3,0.333,0,1,0,NA,TRUE,1,2,0.5,15,0,0,2,0,2,2,1,0,1,2,2,3,9.4,"https://stats.nba.com/media/img/teams/logos/season/2023-24/BOS_logo.svg","https://stats.nba.com/player/1630202","https://ak-static.cms.nba.com/wp-content/uploads/headshots/nba/latest/260x190/1630202.png","https://ak-static.cms.nba.com/wp-content/uploads/headshots/nba/latest/260x190/1630202.png","https://stats.nba.com/media/players/700/1630202.png","https://stats.nba.com/media/img/league/nba-headshot-fallback.png"
"585",18145,2024,"2023-24","NBA","Regular Season","2024-02-24",22300816,57,"Boston Celtics",1610612738,FALSE,FALSE,FALSE,"A","BOS @ NYK","BOS",1,2,"NYK","BOS","NYK","W","Kristaps Porziņģis",42,1,2,204001,TRUE,7,11,0.636,3,4,0.75,1,TRUE,4,7,0.571428571428571,32,5,5,2,2,4,4,0,1,1,3,22,12,34.8,"https://stats.nba.com/media/img/teams/logos/season/2023-24/BOS_logo.svg","https://stats.nba.com/player/204001","https://stats.nba.com/media/players/230x185/204001.png","https://ak-static.cms.nba.com/wp-content/uploads/headshots/nba/latest/260x190/204001.png","https://stats.nba.com/media/players/700/204001.png","https://ak-static.cms.nba.com/wp-content/uploads/headshots/nba/latest/260x190/204001.png"
"586",18146,2024,"2023-24","NBA","Regular Season","2024-02-24",22300816,57,"Boston Celtics",1610612738,FALSE,FALSE,FALSE,"A","BOS @ NYK","BOS",1,2,"NYK","BOS","NYK","W","Jayson Tatum",54,1,2,1628369,TRUE,7,15,0.467,2,8,0.25,0.75,TRUE,5,7,0.714285714285714,43,3,4,1,5,6,6,2,1,4,3,19,15,40.2,"https://stats.nba.com/media/img/teams/logos/season/2023-24/BOS_logo.svg","https://stats.nba.com/player/1628369","https://ak-static.cms.nba.com/wp-content/uploads/headshots/nba/latest/260x190/1628369.png","https://ak-static.cms.nba.com/wp-content/uploads/headshots/nba/latest/260x190/1628369.png","https://stats.nba.com/media/players/700/1628369.png","https://ak-static.cms.nba.com/wp-content/uploads/headshots/nba/latest/260x190/1628369.png"
"587",18156,2024,"2023-24","NBA","Regular Season","2024-02-24",22300816,57,"Boston Celtics",1610612738,FALSE,FALSE,FALSE,"A","BOS @ NYK","BOS",1,2,"NYK","BOS","NYK","W","Jrue Holiday",52,1,2,201950,TRUE,5,10,0.5,2,6,0.333333333333333,NA,TRUE,3,4,0.75,35,0,0,0,1,1,6,2,1,1,2,12,14,30.2,"https://stats.nba.com/media/img/teams/logos/season/2023-24/BOS_logo.svg","https://stats.nba.com/player/201950","https://stats.nba.com/media/players/230x185/201950.png","https://ak-static.cms.nba.com/wp-content/uploads/headshots/nba/latest/260x190/201950.png","https://stats.nba.com/media/players/700/201950.png","https://ak-static.cms.nba.com/wp-content/uploads/headshots/nba/latest/260x190/201950.png"
"588",18157,2024,"2023-24","NBA","Regular Season","2024-02-24",22300816,57,"Boston Celtics",1610612738,FALSE,FALSE,FALSE,"A","BOS @ NYK","BOS",1,2,"NYK","BOS","NYK","W","Jaylen Brown",52,1,2,1627759,TRUE,13,24,0.542,3,9,0.333333333333333,0.333,TRUE,10,15,0.666666666666667,35,1,3,0,8,8,3,1,0,0,2,30,15,47.1,"https://stats.nba.com/media/img/teams/logos/season/2023-24/BOS_logo.svg","https://stats.nba.com/player/1627759","https://stats.nba.com/media/players/230x185/1627759.png","https://ak-static.cms.nba.com/wp-content/uploads/headshots/nba/latest/260x190/1627759.png","https://stats.nba.com/media/players/700/1627759.png","https://ak-static.cms.nba.com/wp-content/uploads/headshots/nba/latest/260x190/1627759.png"
"589",18158,2024,"2023-24","NBA","Regular Season","2024-02-24",22300816,57,"Boston Celtics",1610612738,FALSE,FALSE,FALSE,"A","BOS @ NYK","BOS",1,2,"NYK","BOS","NYK","W","Jaden Springer",34,1,2,1630531,TRUE,0,0,NA,0,0,0,NA,TRUE,0,0,0,1,0,0,0,0,0,0,0,0,0,0,0,-2,0,"https://stats.nba.com/media/img/teams/logos/season/2023-24/BOS_logo.svg","https://stats.nba.com/player/1630531","https://ak-static.cms.nba.com/wp-content/uploads/headshots/nba/latest/260x190/1630531.png","https://ak-static.cms.nba.com/wp-content/uploads/headshots/nba/latest/260x190/1630531.png","https://stats.nba.com/media/players/700/1630531.png","https://stats.nba.com/media/img/league/nba-headshot-fallback.png"
"590",18159,2024,"2023-24","NBA","Regular Season","2024-02-24",22300816,57,"Boston Celtics",1610612738,FALSE,FALSE,FALSE,"A","BOS @ NYK","BOS",1,2,"NYK","BOS","NYK","W","Sam Hauser",56,1,2,1630573,TRUE,2,2,1,2,2,1,NA,TRUE,0,0,0,10,0,0,1,2,3,0,0,0,0,1,6,-1,9.6,"https://stats.nba.com/media/img/teams/logos/season/2023-24/BOS_logo.svg","https://stats.nba.com/player/1630573","https://ak-static.cms.nba.com/wp-content/uploads/headshots/nba/latest/260x190/1630573.png","https://ak-static.cms.nba.com/wp-content/uploads/headshots/nba/latest/260x190/1630573.png","https://stats.nba.com/media/players/700/1630573.png","https://stats.nba.com/media/img/league/nba-headshot-fallback.png"
"591",18176,2024,"2023-24","NBA","Regular Season","2024-02-24",22300816,57,"Boston Celtics",1610612738,FALSE,FALSE,FALSE,"A","BOS @ NYK","BOS",1,2,"NYK","BOS","NYK","W","Luke Kornet",41,1,2,1628436,TRUE,1,1,1,0,0,0,NA,TRUE,1,1,1,10,0,0,0,2,2,0,0,0,0,0,2,-4,4.4,"https://stats.nba.com/media/img/teams/logos/season/2023-24/BOS_logo.svg","https://stats.nba.com/player/1628436","https://ak-static.cms.nba.com/wp-content/uploads/headshots/nba/latest/260x190/1628436.png","https://ak-static.cms.nba.com/wp-content/uploads/headshots/nba/latest/260x190/1628436.png","https://stats.nba.com/media/players/700/1628436.png","https://ak-static.cms.nba.com/wp-content/uploads/headshots/nba/latest/260x190/1628436.png"
"592",18565,2024,"2023-24","NBA","Regular Season","2024-02-27",22300836,58,"Boston Celtics",1610612738,FALSE,FALSE,FALSE,"H","BOS vs. PHI","BOS",2,2,"PHI","BOS","PHI","W","Jrue Holiday",53,2,2,201950,TRUE,6,8,0.75,1,1,1,NA,TRUE,5,7,0.714285714285714,35,0,0,3,4,7,4,1,2,4,0,13,19,32.4,"https://stats.nba.com/media/img/teams/logos/season/2023-24/BOS_logo.svg","https://stats.nba.com/player/201950","https://stats.nba.com/media/players/230x185/201950.png","https://ak-static.cms.nba.com/wp-content/uploads/headshots/nba/latest/260x190/201950.png","https://stats.nba.com/media/players/700/201950.png","https://ak-static.cms.nba.com/wp-content/uploads/headshots/nba/latest/260x190/201950.png"
"593",18566,2024,"2023-24","NBA","Regular Season","2024-02-27",22300836,58,"Boston Celtics",1610612738,FALSE,FALSE,FALSE,"H","BOS vs. PHI","BOS",2,2,"PHI","BOS","PHI","W","Derrick White",54,2,2,1628401,TRUE,2,6,0.333,0,2,0,1,TRUE,2,4,0.5,30,2,2,0,6,6,6,2,3,2,0,6,31,35.2,"https://stats.nba.com/media/img/teams/logos/season/2023-24/BOS_logo.svg","https://stats.nba.com/player/1628401","https://ak-static.cms.nba.com/wp-content/uploads/headshots/nba/latest/260x190/1628401.png","https://ak-static.cms.nba.com/wp-content/uploads/headshots/nba/latest/260x190/1628401.png","https://stats.nba.com/media/players/700/1628401.png","https://ak-static.cms.nba.com/wp-content/uploads/headshots/nba/latest/260x190/1628401.png"
"594",18605,2024,"2023-24","NBA","Regular Season","2024-02-27",22300836,58,"Boston Celtics",1610612738,FALSE,FALSE,FALSE,"H","BOS vs. PHI","BOS",2,2,"PHI","BOS","PHI","W","Kristaps Porziņģis",43,2,2,204001,TRUE,5,12,0.417,1,2,0.5,1,TRUE,4,10,0.4,31,12,12,4,8,12,1,1,1,1,1,23,29,43.9,"https://stats.nba.com/media/img/teams/logos/season/2023-24/BOS_logo.svg","https://stats.nba.com/player/204001","https://stats.nba.com/media/players/230x185/204001.png","https://ak-static.cms.nba.com/wp-content/uploads/headshots/nba/latest/260x190/204001.png","https://stats.nba.com/media/players/700/204001.png","https://ak-static.cms.nba.com/wp-content/uploads/headshots/nba/latest/260x190/204001.png"
"595",18606,2024,"2023-24","NBA","Regular Season","2024-02-27",22300836,58,"Boston Celtics",1610612738,FALSE,FALSE,FALSE,"H","BOS vs. PHI","BOS",2,2,"PHI","BOS","PHI","W","Luke Kornet",42,2,4,1628436,TRUE,0,0,NA,0,0,0,1,TRUE,0,0,0,11,2,2,0,1,1,0,0,0,0,3,2,0,3.2,"https://stats.nba.com/media/img/teams/logos/season/2023-24/BOS_logo.svg","https://stats.nba.com/player/1628436","https://ak-static.cms.nba.com/wp-content/uploads/headshots/nba/latest/260x190/1628436.png","https://ak-static.cms.nba.com/wp-content/uploads/headshots/nba/latest/260x190/1628436.png","https://stats.nba.com/media/players/700/1628436.png","https://ak-static.cms.nba.com/wp-content/uploads/headshots/nba/latest/260x190/1628436.png"
"596",18607,2024,"2023-24","NBA","Regular Season","2024-02-27",22300836,58,"Boston Celtics",1610612738,FALSE,FALSE,FALSE,"H","BOS vs. PHI","BOS",2,2,"PHI","BOS","PHI","W","Sam Hauser",57,2,2,1630573,TRUE,1,2,0.5,1,2,0.5,NA,TRUE,0,0,0,21,0,0,0,5,5,0,0,1,1,4,3,-17,11,"https://stats.nba.com/media/img/teams/logos/season/2023-24/BOS_logo.svg","https://stats.nba.com/player/1630573","https://ak-static.cms.nba.com/wp-content/uploads/headshots/nba/latest/260x190/1630573.png","https://ak-static.cms.nba.com/wp-content/uploads/headshots/nba/latest/260x190/1630573.png","https://stats.nba.com/media/players/700/1630573.png","https://stats.nba.com/media/img/league/nba-headshot-fallback.png"
"597",18639,2024,"2023-24","NBA","Regular Season","2024-02-27",22300836,58,"Boston Celtics",1610612738,FALSE,FALSE,FALSE,"H","BOS vs. PHI","BOS",2,2,"PHI","BOS","PHI","W","Jaylen Brown",53,2,2,1627759,TRUE,11,14,0.786,1,2,0.5,0.8,TRUE,10,12,0.833333333333333,35,8,10,1,5,6,1,1,0,4,4,31,25,38.7,"https://stats.nba.com/media/img/teams/logos/season/2023-24/BOS_logo.svg","https://stats.nba.com/player/1627759","https://stats.nba.com/media/players/230x185/1627759.png","https://ak-static.cms.nba.com/wp-content/uploads/headshots/nba/latest/260x190/1627759.png","https://stats.nba.com/media/players/700/1627759.png","https://ak-static.cms.nba.com/wp-content/uploads/headshots/nba/latest/260x190/1627759.png"
"598",18640,2024,"2023-24","NBA","Regular Season","2024-02-27",22300836,58,"Boston Celtics",1610612738,FALSE,FALSE,FALSE,"H","BOS vs. PHI","BOS",2,2,"PHI","BOS","PHI","W","Jayson Tatum",55,2,2,1628369,TRUE,9,20,0.45,1,7,0.142857142857143,0.909,TRUE,8,13,0.615384615384615,35,10,11,0,11,11,8,0,1,1,1,29,27,56.2,"https://stats.nba.com/media/img/teams/logos/season/2023-24/BOS_logo.svg","https://stats.nba.com/player/1628369","https://ak-static.cms.nba.com/wp-content/uploads/headshots/nba/latest/260x190/1628369.png","https://ak-static.cms.nba.com/wp-content/uploads/headshots/nba/latest/260x190/1628369.png","https://stats.nba.com/media/players/700/1628369.png","https://ak-static.cms.nba.com/wp-content/uploads/headshots/nba/latest/260x190/1628369.png"
"599",18641,2024,"2023-24","NBA","Regular Season","2024-02-27",22300836,58,"Boston Celtics",1610612738,FALSE,FALSE,FALSE,"H","BOS vs. PHI","BOS",2,2,"PHI","BOS","PHI","W","Oshae Brissett",38,4,2,1629052,TRUE,0,1,0,0,1,0,NA,TRUE,0,0,0,3,0,0,0,0,0,0,0,0,0,0,0,-4,0,"https://stats.nba.com/media/img/teams/logos/season/2023-24/BOS_logo.svg","https://stats.nba.com/player/1629052","https://ak-static.cms.nba.com/wp-content/uploads/headshots/nba/latest/260x190/1629052.png","https://ak-static.cms.nba.com/wp-content/uploads/headshots/nba/latest/260x190/1629052.png","https://stats.nba.com/media/players/700/1629052.png","https://stats.nba.com/media/img/league/nba-headshot-fallback.png"
"600",18642,2024,"2023-24","NBA","Regular Season","2024-02-27",22300836,58,"Boston Celtics",1610612738,FALSE,FALSE,FALSE,"H","BOS vs. PHI","BOS",2,2,"PHI","BOS","PHI","W","Jaden Springer",35,2,2,1630531,TRUE,0,1,0,0,0,0,NA,TRUE,0,1,0,2,0,0,1,0,1,0,0,0,0,1,0,-2,1.2,"https://stats.nba.com/media/img/teams/logos/season/2023-24/BOS_logo.svg","https://stats.nba.com/player/1630531","https://ak-static.cms.nba.com/wp-content/uploads/headshots/nba/latest/260x190/1630531.png","https://ak-static.cms.nba.com/wp-content/uploads/headshots/nba/latest/260x190/1630531.png","https://stats.nba.com/media/players/700/1630531.png","https://stats.nba.com/media/img/league/nba-headshot-fallback.png"
"601",18696,2024,"2023-24","NBA","Regular Season","2024-02-27",22300836,58,"Boston Celtics",1610612738,FALSE,FALSE,FALSE,"H","BOS vs. PHI","BOS",2,2,"PHI","BOS","PHI","W","Al Horford",48,2,2,201143,TRUE,4,6,0.667,0,2,0,NA,TRUE,4,4,1,21,0,0,0,5,5,1,1,1,0,1,8,-5,21.5,"https://stats.nba.com/media/img/teams/logos/season/2023-24/BOS_logo.svg","https://stats.nba.com/player/201143","https://stats.nba.com/media/players/230x185/201143.png","https://ak-static.cms.nba.com/wp-content/uploads/headshots/nba/latest/260x190/201143.png","https://stats.nba.com/media/players/700/201143.png","https://ak-static.cms.nba.com/wp-content/uploads/headshots/nba/latest/260x190/201143.png"
"602",18697,2024,"2023-24","NBA","Regular Season","2024-02-27",22300836,58,"Boston Celtics",1610612738,FALSE,FALSE,FALSE,"H","BOS vs. PHI","BOS",2,2,"PHI","BOS","PHI","W","Payton Pritchard",58,2,2,1630202,TRUE,1,4,0.25,0,3,0,NA,TRUE,1,1,1,16,0,0,0,2,2,0,1,0,1,1,2,-13,6.4,"https://stats.nba.com/media/img/teams/logos/season/2023-24/BOS_logo.svg","https://stats.nba.com/player/1630202","https://ak-static.cms.nba.com/wp-content/uploads/headshots/nba/latest/260x190/1630202.png","https://ak-static.cms.nba.com/wp-content/uploads/headshots/nba/latest/260x190/1630202.png","https://stats.nba.com/media/players/700/1630202.png","https://stats.nba.com/media/img/league/nba-headshot-fallback.png"
"603",19041,2024,"2023-24","NBA","Regular Season","2024-03-01",22300859,59,"Boston Celtics",1610612738,FALSE,FALSE,FALSE,"H","BOS vs. DAL","BOS",2,1,"DAL","BOS","DAL","W","Al Horford",49,2,1,201143,TRUE,5,8,0.625,2,5,0.4,NA,TRUE,3,3,1,28,0,0,1,7,8,3,0,2,1,1,12,21,31.1,"https://stats.nba.com/media/img/teams/logos/season/2023-24/BOS_logo.svg","https://stats.nba.com/player/201143","https://stats.nba.com/media/players/230x185/201143.png","https://ak-static.cms.nba.com/wp-content/uploads/headshots/nba/latest/260x190/201143.png","https://stats.nba.com/media/players/700/201143.png","https://ak-static.cms.nba.com/wp-content/uploads/headshots/nba/latest/260x190/201143.png"
"604",19042,2024,"2023-24","NBA","Regular Season","2024-03-01",22300859,59,"Boston Celtics",1610612738,FALSE,FALSE,FALSE,"H","BOS vs. DAL","BOS",2,1,"DAL","BOS","DAL","W","Derrick White",55,2,1,1628401,TRUE,5,10,0.5,3,6,0.5,NA,TRUE,2,4,0.5,32,0,0,1,6,7,8,1,2,2,2,13,21,40.4,"https://stats.nba.com/media/img/teams/logos/season/2023-24/BOS_logo.svg","https://stats.nba.com/player/1628401","https://ak-static.cms.nba.com/wp-content/uploads/headshots/nba/latest/260x190/1628401.png","https://ak-static.cms.nba.com/wp-content/uploads/headshots/nba/latest/260x190/1628401.png","https://stats.nba.com/media/players/700/1628401.png","https://ak-static.cms.nba.com/wp-content/uploads/headshots/nba/latest/260x190/1628401.png"
"605",19043,2024,"2023-24","NBA","Regular Season","2024-03-01",22300859,59,"Boston Celtics",1610612738,FALSE,FALSE,FALSE,"H","BOS vs. DAL","BOS",2,1,"DAL","BOS","DAL","W","Sam Hauser",58,2,1,1630573,TRUE,0,3,0,0,3,0,NA,TRUE,0,0,0,15,0,0,0,4,4,1,0,0,0,1,0,8,6.3,"https://stats.nba.com/media/img/teams/logos/season/2023-24/BOS_logo.svg","https://stats.nba.com/player/1630573","https://ak-static.cms.nba.com/wp-content/uploads/headshots/nba/latest/260x190/1630573.png","https://ak-static.cms.nba.com/wp-content/uploads/headshots/nba/latest/260x190/1630573.png","https://stats.nba.com/media/players/700/1630573.png","https://stats.nba.com/media/img/league/nba-headshot-fallback.png"
"606",19088,2024,"2023-24","NBA","Regular Season","2024-03-01",22300859,59,"Boston Celtics",1610612738,FALSE,FALSE,FALSE,"H","BOS vs. DAL","BOS",2,1,"DAL","BOS","DAL","W","Svi Mykhailiuk",25,7,1,1629004,TRUE,0,0,NA,0,0,0,NA,TRUE,0,0,0,4,0,0,1,0,1,1,0,0,1,0,0,5,1.7,"https://stats.nba.com/media/img/teams/logos/season/2023-24/BOS_logo.svg","https://stats.nba.com/player/1629004","https://ak-static.cms.nba.com/wp-content/uploads/headshots/nba/latest/260x190/1629004.png","https://ak-static.cms.nba.com/wp-content/uploads/headshots/nba/latest/260x190/1629004.png","https://stats.nba.com/media/players/700/1629004.png","https://ak-static.cms.nba.com/wp-content/uploads/headshots/nba/latest/260x190/1629004.png"
"607",19089,2024,"2023-24","NBA","Regular Season","2024-03-01",22300859,59,"Boston Celtics",1610612738,FALSE,FALSE,FALSE,"H","BOS vs. DAL","BOS",2,1,"DAL","BOS","DAL","W","Payton Pritchard",59,2,1,1630202,TRUE,4,7,0.571,2,4,0.5,NA,TRUE,2,3,0.666666666666667,16,0,0,1,1,2,1,0,0,1,2,10,6,12.9,"https://stats.nba.com/media/img/teams/logos/season/2023-24/BOS_logo.svg","https://stats.nba.com/player/1630202","https://ak-static.cms.nba.com/wp-content/uploads/headshots/nba/latest/260x190/1630202.png","https://ak-static.cms.nba.com/wp-content/uploads/headshots/nba/latest/260x190/1630202.png","https://stats.nba.com/media/players/700/1630202.png","https://stats.nba.com/media/img/league/nba-headshot-fallback.png"
"608",19090,2024,"2023-24","NBA","Regular Season","2024-03-01",22300859,59,"Boston Celtics",1610612738,FALSE,FALSE,FALSE,"H","BOS vs. DAL","BOS",2,1,"DAL","BOS","DAL","W","Xavier Tillman",36,7,1,1630214,TRUE,3,3,1,0,0,0,NA,TRUE,3,3,1,15,0,0,0,1,1,2,0,1,0,1,6,13,13.2,"https://stats.nba.com/media/img/teams/logos/season/2023-24/BOS_logo.svg","https://stats.nba.com/player/1630214","https://ak-static.cms.nba.com/wp-content/uploads/headshots/nba/latest/260x190/1630214.png","https://ak-static.cms.nba.com/wp-content/uploads/headshots/nba/latest/260x190/1630214.png","https://stats.nba.com/media/players/700/1630214.png","https://stats.nba.com/media/img/league/nba-headshot-fallback.png"
"609",19126,2024,"2023-24","NBA","Regular Season","2024-03-01",22300859,59,"Boston Celtics",1610612738,FALSE,FALSE,FALSE,"H","BOS vs. DAL","BOS",2,1,"DAL","BOS","DAL","W","Jaden Springer",36,2,1,1630531,TRUE,1,2,0.5,0,0,0,NA,TRUE,1,2,0.5,2,0,0,1,0,1,0,0,0,0,0,2,3,3.2,"https://stats.nba.com/media/img/teams/logos/season/2023-24/BOS_logo.svg","https://stats.nba.com/player/1630531","https://ak-static.cms.nba.com/wp-content/uploads/headshots/nba/latest/260x190/1630531.png","https://ak-static.cms.nba.com/wp-content/uploads/headshots/nba/latest/260x190/1630531.png","https://stats.nba.com/media/players/700/1630531.png","https://stats.nba.com/media/img/league/nba-headshot-fallback.png"
"610",19149,2024,"2023-24","NBA","Regular Season","2024-03-01",22300859,59,"Boston Celtics",1610612738,FALSE,FALSE,FALSE,"H","BOS vs. DAL","BOS",2,1,"DAL","BOS","DAL","W","Jayson Tatum",56,2,1,1628369,TRUE,10,19,0.526,5,9,0.555555555555556,1,TRUE,5,10,0.5,37,7,7,0,8,8,3,0,0,4,2,32,17,42.1,"https://stats.nba.com/media/img/teams/logos/season/2023-24/BOS_logo.svg","https://stats.nba.com/player/1628369","https://ak-static.cms.nba.com/wp-content/uploads/headshots/nba/latest/260x190/1628369.png","https://ak-static.cms.nba.com/wp-content/uploads/headshots/nba/latest/260x190/1628369.png","https://stats.nba.com/media/players/700/1628369.png","https://ak-static.cms.nba.com/wp-content/uploads/headshots/nba/latest/260x190/1628369.png"
"611",19185,2024,"2023-24","NBA","Regular Season","2024-03-01",22300859,59,"Boston Celtics",1610612738,FALSE,FALSE,FALSE,"H","BOS vs. DAL","BOS",2,1,"DAL","BOS","DAL","W","Jaylen Brown",54,2,1,1627759,TRUE,11,20,0.55,2,5,0.4,1,TRUE,9,15,0.6,31,1,1,1,6,7,5,1,0,0,3,25,16,43.9,"https://stats.nba.com/media/img/teams/logos/season/2023-24/BOS_logo.svg","https://stats.nba.com/player/1627759","https://stats.nba.com/media/players/230x185/1627759.png","https://ak-static.cms.nba.com/wp-content/uploads/headshots/nba/latest/260x190/1627759.png","https://stats.nba.com/media/players/700/1627759.png","https://ak-static.cms.nba.com/wp-content/uploads/headshots/nba/latest/260x190/1627759.png"
"612",19233,2024,"2023-24","NBA","Regular Season","2024-03-01",22300859,59,"Boston Celtics",1610612738,FALSE,FALSE,FALSE,"H","BOS vs. DAL","BOS",2,1,"DAL","BOS","DAL","W","Jrue Holiday",54,2,1,201950,TRUE,4,6,0.667,3,3,1,NA,TRUE,1,3,0.333333333333333,27,0,0,0,2,2,7,2,1,0,1,11,12,32.9,"https://stats.nba.com/media/img/teams/logos/season/2023-24/BOS_logo.svg","https://stats.nba.com/player/201950","https://stats.nba.com/media/players/230x185/201950.png","https://ak-static.cms.nba.com/wp-content/uploads/headshots/nba/latest/260x190/201950.png","https://stats.nba.com/media/players/700/201950.png","https://ak-static.cms.nba.com/wp-content/uploads/headshots/nba/latest/260x190/201950.png"
"613",19234,2024,"2023-24","NBA","Regular Season","2024-03-01",22300859,59,"Boston Celtics",1610612738,FALSE,FALSE,FALSE,"H","BOS vs. DAL","BOS",2,1,"DAL","BOS","DAL","W","Kristaps Porziņģis",44,2,3,204001,TRUE,8,14,0.571,4,8,0.5,1,TRUE,4,6,0.666666666666667,29,4,4,3,3,6,2,0,1,0,2,24,14,37.2,"https://stats.nba.com/media/img/teams/logos/season/2023-24/BOS_logo.svg","https://stats.nba.com/player/204001","https://stats.nba.com/media/players/230x185/204001.png","https://ak-static.cms.nba.com/wp-content/uploads/headshots/nba/latest/260x190/204001.png","https://stats.nba.com/media/players/700/204001.png","https://ak-static.cms.nba.com/wp-content/uploads/headshots/nba/latest/260x190/204001.png"
"614",19235,2024,"2023-24","NBA","Regular Season","2024-03-01",22300859,59,"Boston Celtics",1610612738,FALSE,FALSE,FALSE,"H","BOS vs. DAL","BOS",2,1,"DAL","BOS","DAL","W","Oshae Brissett",39,2,1,1629052,TRUE,1,2,0.5,0,0,0,1,TRUE,1,2,0.5,4,1,1,0,0,0,0,0,1,0,0,3,4,6,"https://stats.nba.com/media/img/teams/logos/season/2023-24/BOS_logo.svg","https://stats.nba.com/player/1629052","https://ak-static.cms.nba.com/wp-content/uploads/headshots/nba/latest/260x190/1629052.png","https://ak-static.cms.nba.com/wp-content/uploads/headshots/nba/latest/260x190/1629052.png","https://stats.nba.com/media/players/700/1629052.png","https://stats.nba.com/media/img/league/nba-headshot-fallback.png"
"615",19350,2024,"2023-24","NBA","Regular Season","2024-03-03",22300872,60,"Boston Celtics",1610612738,FALSE,FALSE,FALSE,"H","BOS vs. GSW","BOS",1,1,"GSW","BOS","GSW","W","Sam Hauser",59,1,1,1630573,TRUE,4,9,0.444,4,9,0.444444444444444,NA,TRUE,0,0,0,20,0,0,0,5,5,0,0,1,1,3,12,30,20,"https://stats.nba.com/media/img/teams/logos/season/2023-24/BOS_logo.svg","https://stats.nba.com/player/1630573","https://ak-static.cms.nba.com/wp-content/uploads/headshots/nba/latest/260x190/1630573.png","https://ak-static.cms.nba.com/wp-content/uploads/headshots/nba/latest/260x190/1630573.png","https://stats.nba.com/media/players/700/1630573.png","https://stats.nba.com/media/img/league/nba-headshot-fallback.png"
"616",19389,2024,"2023-24","NBA","Regular Season","2024-03-03",22300872,60,"Boston Celtics",1610612738,FALSE,FALSE,FALSE,"H","BOS vs. GSW","BOS",1,1,"GSW","BOS","GSW","W","Jayson Tatum",57,1,1,1628369,TRUE,9,13,0.692,4,5,0.8,1,TRUE,5,8,0.625,25,5,5,0,3,3,5,1,1,0,2,27,40,44.1,"https://stats.nba.com/media/img/teams/logos/season/2023-24/BOS_logo.svg","https://stats.nba.com/player/1628369","https://ak-static.cms.nba.com/wp-content/uploads/headshots/nba/latest/260x190/1628369.png","https://ak-static.cms.nba.com/wp-content/uploads/headshots/nba/latest/260x190/1628369.png","https://stats.nba.com/media/players/700/1628369.png","https://ak-static.cms.nba.com/wp-content/uploads/headshots/nba/latest/260x190/1628369.png"
"617",19390,2024,"2023-24","NBA","Regular Season","2024-03-03",22300872,60,"Boston Celtics",1610612738,FALSE,FALSE,FALSE,"H","BOS vs. GSW","BOS",1,1,"GSW","BOS","GSW","W","Derrick White",56,1,1,1628401,TRUE,5,6,0.833,4,5,0.8,NA,TRUE,1,1,1,20,0,0,0,3,3,8,1,0,0,1,14,36,32.6,"https://stats.nba.com/media/img/teams/logos/season/2023-24/BOS_logo.svg","https://stats.nba.com/player/1628401","https://ak-static.cms.nba.com/wp-content/uploads/headshots/nba/latest/260x190/1628401.png","https://ak-static.cms.nba.com/wp-content/uploads/headshots/nba/latest/260x190/1628401.png","https://stats.nba.com/media/players/700/1628401.png","https://ak-static.cms.nba.com/wp-content/uploads/headshots/nba/latest/260x190/1628401.png"
"618",19391,2024,"2023-24","NBA","Regular Season","2024-03-03",22300872,60,"Boston Celtics",1610612738,FALSE,FALSE,FALSE,"H","BOS vs. GSW","BOS",1,1,"GSW","BOS","GSW","W","Luke Kornet",43,4,1,1628436,TRUE,1,2,0.5,0,0,0,NA,TRUE,1,2,0.5,11,0,0,1,2,3,0,0,1,0,0,2,14,8.6,"https://stats.nba.com/media/img/teams/logos/season/2023-24/BOS_logo.svg","https://stats.nba.com/player/1628436","https://ak-static.cms.nba.com/wp-content/uploads/headshots/nba/latest/260x190/1628436.png","https://ak-static.cms.nba.com/wp-content/uploads/headshots/nba/latest/260x190/1628436.png","https://stats.nba.com/media/players/700/1628436.png","https://ak-static.cms.nba.com/wp-content/uploads/headshots/nba/latest/260x190/1628436.png"
"619",19392,2024,"2023-24","NBA","Regular Season","2024-03-03",22300872,60,"Boston Celtics",1610612738,FALSE,FALSE,FALSE,"H","BOS vs. GSW","BOS",1,1,"GSW","BOS","GSW","W","Jaden Springer",37,1,5,1630531,TRUE,1,4,0.25,0,1,0,NA,TRUE,1,3,0.333333333333333,12,0,0,1,1,2,1,0,0,1,1,2,-1,4.9,"https://stats.nba.com/media/img/teams/logos/season/2023-24/BOS_logo.svg","https://stats.nba.com/player/1630531","https://ak-static.cms.nba.com/wp-content/uploads/headshots/nba/latest/260x190/1630531.png","https://ak-static.cms.nba.com/wp-content/uploads/headshots/nba/latest/260x190/1630531.png","https://stats.nba.com/media/players/700/1630531.png","https://stats.nba.com/media/img/league/nba-headshot-fallback.png"
"620",19419,2024,"2023-24","NBA","Regular Season","2024-03-03",22300872,60,"Boston Celtics",1610612738,FALSE,FALSE,FALSE,"H","BOS vs. GSW","BOS",1,1,"GSW","BOS","GSW","W","Jrue Holiday",55,1,1,201950,TRUE,3,7,0.429,1,3,0.333333333333333,NA,TRUE,2,4,0.5,26,0,0,1,5,6,4,0,1,0,2,7,39,23.2,"https://stats.nba.com/media/img/teams/logos/season/2023-24/BOS_logo.svg","https://stats.nba.com/player/201950","https://stats.nba.com/media/players/230x185/201950.png","https://ak-static.cms.nba.com/wp-content/uploads/headshots/nba/latest/260x190/201950.png","https://stats.nba.com/media/players/700/201950.png","https://ak-static.cms.nba.com/wp-content/uploads/headshots/nba/latest/260x190/201950.png"
"621",19420,2024,"2023-24","NBA","Regular Season","2024-03-03",22300872,60,"Boston Celtics",1610612738,FALSE,FALSE,FALSE,"H","BOS vs. GSW","BOS",1,1,"GSW","BOS","GSW","W","Payton Pritchard",60,1,1,1630202,TRUE,8,12,0.667,3,5,0.6,NA,TRUE,5,7,0.714285714285714,27,0,0,0,6,6,6,2,0,2,3,19,17,39.2,"https://stats.nba.com/media/img/teams/logos/season/2023-24/BOS_logo.svg","https://stats.nba.com/player/1630202","https://ak-static.cms.nba.com/wp-content/uploads/headshots/nba/latest/260x190/1630202.png","https://ak-static.cms.nba.com/wp-content/uploads/headshots/nba/latest/260x190/1630202.png","https://stats.nba.com/media/players/700/1630202.png","https://stats.nba.com/media/img/league/nba-headshot-fallback.png"
"622",19448,2024,"2023-24","NBA","Regular Season","2024-03-03",22300872,60,"Boston Celtics",1610612738,FALSE,FALSE,FALSE,"H","BOS vs. GSW","BOS",1,1,"GSW","BOS","GSW","W","Al Horford",50,1,1,201143,TRUE,3,5,0.6,1,2,0.5,NA,TRUE,2,3,0.666666666666667,21,0,0,0,4,4,4,1,0,0,2,7,35,20.8,"https://stats.nba.com/media/img/teams/logos/season/2023-24/BOS_logo.svg","https://stats.nba.com/player/201143","https://stats.nba.com/media/players/230x185/201143.png","https://ak-static.cms.nba.com/wp-content/uploads/headshots/nba/latest/260x190/201143.png","https://stats.nba.com/media/players/700/201143.png","https://ak-static.cms.nba.com/wp-content/uploads/headshots/nba/latest/260x190/201143.png"
"623",19449,2024,"2023-24","NBA","Regular Season","2024-03-03",22300872,60,"Boston Celtics",1610612738,FALSE,FALSE,FALSE,"H","BOS vs. GSW","BOS",1,1,"GSW","BOS","GSW","W","Xavier Tillman",37,1,3,1630214,TRUE,2,4,0.5,1,2,0.5,1,TRUE,1,2,0.5,18,2,2,0,4,4,0,1,0,0,1,7,13,14.8,"https://stats.nba.com/media/img/teams/logos/season/2023-24/BOS_logo.svg","https://stats.nba.com/player/1630214","https://ak-static.cms.nba.com/wp-content/uploads/headshots/nba/latest/260x190/1630214.png","https://ak-static.cms.nba.com/wp-content/uploads/headshots/nba/latest/260x190/1630214.png","https://stats.nba.com/media/players/700/1630214.png","https://stats.nba.com/media/img/league/nba-headshot-fallback.png"
"624",19472,2024,"2023-24","NBA","Regular Season","2024-03-03",22300872,60,"Boston Celtics",1610612738,FALSE,FALSE,FALSE,"H","BOS vs. GSW","BOS",1,1,"GSW","BOS","GSW","W","Svi Mykhailiuk",26,1,8,1629004,TRUE,3,8,0.375,2,6,0.333333333333333,NA,TRUE,1,2,0.5,19,0,0,2,2,4,2,1,0,0,0,8,1,18.8,"https://stats.nba.com/media/img/teams/logos/season/2023-24/BOS_logo.svg","https://stats.nba.com/player/1629004","https://ak-static.cms.nba.com/wp-content/uploads/headshots/nba/latest/260x190/1629004.png","https://ak-static.cms.nba.com/wp-content/uploads/headshots/nba/latest/260x190/1629004.png","https://stats.nba.com/media/players/700/1629004.png","https://ak-static.cms.nba.com/wp-content/uploads/headshots/nba/latest/260x190/1629004.png"
"625",19506,2024,"2023-24","NBA","Regular Season","2024-03-03",22300872,60,"Boston Celtics",1610612738,FALSE,FALSE,FALSE,"H","BOS vs. GSW","BOS",1,1,"GSW","BOS","GSW","W","Jaylen Brown",55,1,1,1627759,TRUE,11,19,0.579,5,10,0.5,1,TRUE,6,9,0.666666666666667,22,2,2,1,2,3,3,1,0,1,2,29,35,39.1,"https://stats.nba.com/media/img/teams/logos/season/2023-24/BOS_logo.svg","https://stats.nba.com/player/1627759","https://stats.nba.com/media/players/230x185/1627759.png","https://ak-static.cms.nba.com/wp-content/uploads/headshots/nba/latest/260x190/1627759.png","https://stats.nba.com/media/players/700/1627759.png","https://ak-static.cms.nba.com/wp-content/uploads/headshots/nba/latest/260x190/1627759.png"
"626",19507,2024,"2023-24","NBA","Regular Season","2024-03-03",22300872,60,"Boston Celtics",1610612738,FALSE,FALSE,FALSE,"H","BOS vs. GSW","BOS",1,1,"GSW","BOS","GSW","W","Oshae Brissett",40,1,7,1629052,TRUE,3,7,0.429,0,1,0,0,TRUE,3,6,0.5,19,0,2,1,7,8,2,2,1,2,2,6,1,25.6,"https://stats.nba.com/media/img/teams/logos/season/2023-24/BOS_logo.svg","https://stats.nba.com/player/1629052","https://ak-static.cms.nba.com/wp-content/uploads/headshots/nba/latest/260x190/1629052.png","https://ak-static.cms.nba.com/wp-content/uploads/headshots/nba/latest/260x190/1629052.png","https://stats.nba.com/media/players/700/1629052.png","https://stats.nba.com/media/img/league/nba-headshot-fallback.png"
"627",19640,2024,"2023-24","NBA","Regular Season","2024-03-05",22300886,61,"Boston Celtics",1610612738,FALSE,FALSE,FALSE,"A","BOS @ CLE","BOS",1,1,"CLE","CLE","BOS","L","Jrue Holiday",56,1,1,201950,FALSE,5,9,0.556,2,6,0.333333333333333,NA,TRUE,3,3,1,36,0,0,2,2,4,5,2,0,4,1,12,-14,26.3,"https://stats.nba.com/media/img/teams/logos/season/2023-24/BOS_logo.svg","https://stats.nba.com/player/201950","https://stats.nba.com/media/players/230x185/201950.png","https://ak-static.cms.nba.com/wp-content/uploads/headshots/nba/latest/260x190/201950.png","https://stats.nba.com/media/players/700/201950.png","https://ak-static.cms.nba.com/wp-content/uploads/headshots/nba/latest/260x190/201950.png"
"628",19668,2024,"2023-24","NBA","Regular Season","2024-03-05",22300886,61,"Boston Celtics",1610612738,FALSE,FALSE,FALSE,"A","BOS @ CLE","BOS",1,1,"CLE","CLE","BOS","L","Jayson Tatum",58,1,1,1628369,FALSE,8,21,0.381,5,9,0.555555555555556,0.833,TRUE,3,12,0.25,38,5,6,2,11,13,2,0,0,2,3,26,-7,42.6,"https://stats.nba.com/media/img/teams/logos/season/2023-24/BOS_logo.svg","https://stats.nba.com/player/1628369","https://ak-static.cms.nba.com/wp-content/uploads/headshots/nba/latest/260x190/1628369.png","https://ak-static.cms.nba.com/wp-content/uploads/headshots/nba/latest/260x190/1628369.png","https://stats.nba.com/media/players/700/1628369.png","https://ak-static.cms.nba.com/wp-content/uploads/headshots/nba/latest/260x190/1628369.png"
"629",19669,2024,"2023-24","NBA","Regular Season","2024-03-05",22300886,61,"Boston Celtics",1610612738,FALSE,FALSE,FALSE,"A","BOS @ CLE","BOS",1,1,"CLE","CLE","BOS","L","Derrick White",57,1,1,1628401,FALSE,1,5,0.2,0,2,0,1,TRUE,1,3,0.333333333333333,35,1,1,2,4,6,7,0,4,2,0,3,4,30.7,"https://stats.nba.com/media/img/teams/logos/season/2023-24/BOS_logo.svg","https://stats.nba.com/player/1628401","https://ak-static.cms.nba.com/wp-content/uploads/headshots/nba/latest/260x190/1628401.png","https://ak-static.cms.nba.com/wp-content/uploads/headshots/nba/latest/260x190/1628401.png","https://stats.nba.com/media/players/700/1628401.png","https://ak-static.cms.nba.com/wp-content/uploads/headshots/nba/latest/260x190/1628401.png"
"630",19670,2024,"2023-24","NBA","Regular Season","2024-03-05",22300886,61,"Boston Celtics",1610612738,FALSE,FALSE,FALSE,"A","BOS @ CLE","BOS",1,1,"CLE","CLE","BOS","L","Luke Kornet",44,1,3,1628436,FALSE,2,4,0.5,0,0,0,NA,TRUE,2,4,0.5,16,0,0,0,3,3,1,0,2,0,1,4,-2,15.1,"https://stats.nba.com/media/img/teams/logos/season/2023-24/BOS_logo.svg","https://stats.nba.com/player/1628436","https://ak-static.cms.nba.com/wp-content/uploads/headshots/nba/latest/260x190/1628436.png","https://ak-static.cms.nba.com/wp-content/uploads/headshots/nba/latest/260x190/1628436.png","https://stats.nba.com/media/players/700/1628436.png","https://ak-static.cms.nba.com/wp-content/uploads/headshots/nba/latest/260x190/1628436.png"
"631",19671,2024,"2023-24","NBA","Regular Season","2024-03-05",22300886,61,"Boston Celtics",1610612738,FALSE,FALSE,FALSE,"A","BOS @ CLE","BOS",1,1,"CLE","CLE","BOS","L","Payton Pritchard",61,1,1,1630202,FALSE,1,3,0.333,0,1,0,NA,TRUE,1,2,0.5,13,0,0,1,4,5,1,0,0,2,1,2,-7,7.5,"https://stats.nba.com/media/img/teams/logos/season/2023-24/BOS_logo.svg","https://stats.nba.com/player/1630202","https://ak-static.cms.nba.com/wp-content/uploads/headshots/nba/latest/260x190/1630202.png","https://ak-static.cms.nba.com/wp-content/uploads/headshots/nba/latest/260x190/1630202.png","https://stats.nba.com/media/players/700/1630202.png","https://stats.nba.com/media/img/league/nba-headshot-fallback.png"
"632",19672,2024,"2023-24","NBA","Regular Season","2024-03-05",22300886,61,"Boston Celtics",1610612738,FALSE,FALSE,FALSE,"A","BOS @ CLE","BOS",1,1,"CLE","CLE","BOS","L","Sam Hauser",60,1,1,1630573,FALSE,2,5,0.4,1,3,0.333333333333333,NA,TRUE,1,2,0.5,14,0,0,1,4,5,1,1,0,0,1,5,14,15.5,"https://stats.nba.com/media/img/teams/logos/season/2023-24/BOS_logo.svg","https://stats.nba.com/player/1630573","https://ak-static.cms.nba.com/wp-content/uploads/headshots/nba/latest/260x190/1630573.png","https://ak-static.cms.nba.com/wp-content/uploads/headshots/nba/latest/260x190/1630573.png","https://stats.nba.com/media/players/700/1630573.png","https://stats.nba.com/media/img/league/nba-headshot-fallback.png"
"633",19743,2024,"2023-24","NBA","Regular Season","2024-03-05",22300886,61,"Boston Celtics",1610612738,FALSE,FALSE,FALSE,"A","BOS @ CLE","BOS",1,1,"CLE","CLE","BOS","L","Kristaps Porziņģis",45,3,1,204001,FALSE,9,18,0.5,3,6,0.5,1,TRUE,6,12,0.5,32,3,3,2,7,9,3,2,3,1,2,24,0,53.3,"https://stats.nba.com/media/img/teams/logos/season/2023-24/BOS_logo.svg","https://stats.nba.com/player/204001","https://stats.nba.com/media/players/230x185/204001.png","https://ak-static.cms.nba.com/wp-content/uploads/headshots/nba/latest/260x190/204001.png","https://stats.nba.com/media/players/700/204001.png","https://ak-static.cms.nba.com/wp-content/uploads/headshots/nba/latest/260x190/204001.png"
"634",19776,2024,"2023-24","NBA","Regular Season","2024-03-05",22300886,61,"Boston Celtics",1610612738,FALSE,FALSE,FALSE,"A","BOS @ CLE","BOS",1,1,"CLE","CLE","BOS","L","Al Horford",51,1,1,201143,FALSE,3,8,0.375,1,4,0.25,NA,TRUE,2,4,0.5,20,0,0,2,3,5,0,1,0,1,1,7,-2,15,"https://stats.nba.com/media/img/teams/logos/season/2023-24/BOS_logo.svg","https://stats.nba.com/player/201143","https://stats.nba.com/media/players/230x185/201143.png","https://ak-static.cms.nba.com/wp-content/uploads/headshots/nba/latest/260x190/201143.png","https://stats.nba.com/media/players/700/201143.png","https://ak-static.cms.nba.com/wp-content/uploads/headshots/nba/latest/260x190/201143.png"
"635",19777,2024,"2023-24","NBA","Regular Season","2024-03-05",22300886,61,"Boston Celtics",1610612738,FALSE,FALSE,FALSE,"A","BOS @ CLE","BOS",1,1,"CLE","CLE","BOS","L","Jaylen Brown",56,1,1,1627759,FALSE,8,20,0.4,3,7,0.428571428571429,1,TRUE,5,13,0.384615384615385,37,2,2,2,1,3,4,0,0,1,3,21,9,29.6,"https://stats.nba.com/media/img/teams/logos/season/2023-24/BOS_logo.svg","https://stats.nba.com/player/1627759","https://stats.nba.com/media/players/230x185/1627759.png","https://ak-static.cms.nba.com/wp-content/uploads/headshots/nba/latest/260x190/1627759.png","https://stats.nba.com/media/players/700/1627759.png","https://ak-static.cms.nba.com/wp-content/uploads/headshots/nba/latest/260x190/1627759.png"
"636",19990,2024,"2023-24","NBA","Regular Season","2024-03-07",22300906,62,"Boston Celtics",1610612738,FALSE,FALSE,FALSE,"A","BOS @ DEN","BOS",1,1,"DEN","DEN","BOS","L","Jrue Holiday",57,1,1,201950,FALSE,5,10,0.5,2,6,0.333333333333333,NA,TRUE,3,4,0.75,35,0,0,1,3,4,2,0,0,1,2,12,-6,18.8,"https://stats.nba.com/media/img/teams/logos/season/2023-24/BOS_logo.svg","https://stats.nba.com/player/201950","https://stats.nba.com/media/players/230x185/201950.png","https://ak-static.cms.nba.com/wp-content/uploads/headshots/nba/latest/260x190/201950.png","https://stats.nba.com/media/players/700/201950.png","https://ak-static.cms.nba.com/wp-content/uploads/headshots/nba/latest/260x190/201950.png"
"637",19991,2024,"2023-24","NBA","Regular Season","2024-03-07",22300906,62,"Boston Celtics",1610612738,FALSE,FALSE,FALSE,"A","BOS @ DEN","BOS",1,1,"DEN","DEN","BOS","L","Jaylen Brown",57,1,1,1627759,FALSE,16,29,0.552,2,7,0.285714285714286,0.5,TRUE,14,22,0.636363636363636,41,7,14,6,8,14,4,2,0,2,4,41,5,67.8,"https://stats.nba.com/media/img/teams/logos/season/2023-24/BOS_logo.svg","https://stats.nba.com/player/1627759","https://stats.nba.com/media/players/230x185/1627759.png","https://ak-static.cms.nba.com/wp-content/uploads/headshots/nba/latest/260x190/1627759.png","https://stats.nba.com/media/players/700/1627759.png","https://ak-static.cms.nba.com/wp-content/uploads/headshots/nba/latest/260x190/1627759.png"
"638",19992,2024,"2023-24","NBA","Regular Season","2024-03-07",22300906,62,"Boston Celtics",1610612738,FALSE,FALSE,FALSE,"A","BOS @ DEN","BOS",1,1,"DEN","DEN","BOS","L","Derrick White",58,1,1,1628401,FALSE,3,8,0.375,0,4,0,1,TRUE,3,4,0.75,37,1,1,1,4,5,6,1,1,1,4,7,-2,27,"https://stats.nba.com/media/img/teams/logos/season/2023-24/BOS_logo.svg","https://stats.nba.com/player/1628401","https://ak-static.cms.nba.com/wp-content/uploads/headshots/nba/latest/260x190/1628401.png","https://ak-static.cms.nba.com/wp-content/uploads/headshots/nba/latest/260x190/1628401.png","https://stats.nba.com/media/players/700/1628401.png","https://ak-static.cms.nba.com/wp-content/uploads/headshots/nba/latest/260x190/1628401.png"
"639",20045,2024,"2023-24","NBA","Regular Season","2024-03-07",22300906,62,"Boston Celtics",1610612738,FALSE,FALSE,FALSE,"A","BOS @ DEN","BOS",1,1,"DEN","DEN","BOS","L","Kristaps Porziņģis",46,1,10,204001,FALSE,9,23,0.391,3,10,0.3,0.75,TRUE,6,13,0.461538461538462,35,3,4,2,10,12,2,1,1,3,2,24,6,44.4,"https://stats.nba.com/media/img/teams/logos/season/2023-24/BOS_logo.svg","https://stats.nba.com/player/204001","https://stats.nba.com/media/players/230x185/204001.png","https://ak-static.cms.nba.com/wp-content/uploads/headshots/nba/latest/260x190/204001.png","https://stats.nba.com/media/players/700/204001.png","https://ak-static.cms.nba.com/wp-content/uploads/headshots/nba/latest/260x190/204001.png"
"640",20046,2024,"2023-24","NBA","Regular Season","2024-03-07",22300906,62,"Boston Celtics",1610612738,FALSE,FALSE,FALSE,"A","BOS @ DEN","BOS",1,1,"DEN","DEN","BOS","L","Sam Hauser",61,1,1,1630573,FALSE,2,3,0.667,2,3,0.666666666666667,NA,TRUE,0,0,0,10,0,0,0,0,0,1,0,1,0,0,6,-8,10.5,"https://stats.nba.com/media/img/teams/logos/season/2023-24/BOS_logo.svg","https://stats.nba.com/player/1630573","https://ak-static.cms.nba.com/wp-content/uploads/headshots/nba/latest/260x190/1630573.png","https://ak-static.cms.nba.com/wp-content/uploads/headshots/nba/latest/260x190/1630573.png","https://stats.nba.com/media/players/700/1630573.png","https://stats.nba.com/media/img/league/nba-headshot-fallback.png"
"641",20068,2024,"2023-24","NBA","Regular Season","2024-03-07",22300906,62,"Boston Celtics",1610612738,FALSE,FALSE,FALSE,"A","BOS @ DEN","BOS",1,1,"DEN","DEN","BOS","L","Al Horford",52,1,1,201143,FALSE,0,2,0,0,1,0,1,TRUE,0,1,0,19,2,2,1,3,4,0,0,0,0,1,2,-10,6.8,"https://stats.nba.com/media/img/teams/logos/season/2023-24/BOS_logo.svg","https://stats.nba.com/player/201143","https://stats.nba.com/media/players/230x185/201143.png","https://ak-static.cms.nba.com/wp-content/uploads/headshots/nba/latest/260x190/201143.png","https://stats.nba.com/media/players/700/201143.png","https://ak-static.cms.nba.com/wp-content/uploads/headshots/nba/latest/260x190/201143.png"
"642",20092,2024,"2023-24","NBA","Regular Season","2024-03-07",22300906,62,"Boston Celtics",1610612738,FALSE,FALSE,FALSE,"A","BOS @ DEN","BOS",1,1,"DEN","DEN","BOS","L","Xavier Tillman",38,3,4,1630214,FALSE,1,2,0.5,0,1,0,NA,TRUE,1,1,1,13,0,0,1,3,4,1,0,0,0,0,2,-12,8.3,"https://stats.nba.com/media/img/teams/logos/season/2023-24/BOS_logo.svg","https://stats.nba.com/player/1630214","https://ak-static.cms.nba.com/wp-content/uploads/headshots/nba/latest/260x190/1630214.png","https://ak-static.cms.nba.com/wp-content/uploads/headshots/nba/latest/260x190/1630214.png","https://stats.nba.com/media/players/700/1630214.png","https://stats.nba.com/media/img/league/nba-headshot-fallback.png"
"643",20116,2024,"2023-24","NBA","Regular Season","2024-03-07",22300906,62,"Boston Celtics",1610612738,FALSE,FALSE,FALSE,"A","BOS @ DEN","BOS",1,1,"DEN","DEN","BOS","L","Jayson Tatum",59,1,1,1628369,FALSE,5,13,0.385,2,5,0.4,0.75,TRUE,3,8,0.375,39,3,4,1,3,4,8,2,0,5,4,15,-2,32.8,"https://stats.nba.com/media/img/teams/logos/season/2023-24/BOS_logo.svg","https://stats.nba.com/player/1628369","https://ak-static.cms.nba.com/wp-content/uploads/headshots/nba/latest/260x190/1628369.png","https://ak-static.cms.nba.com/wp-content/uploads/headshots/nba/latest/260x190/1628369.png","https://stats.nba.com/media/players/700/1628369.png","https://ak-static.cms.nba.com/wp-content/uploads/headshots/nba/latest/260x190/1628369.png"
"644",20117,2024,"2023-24","NBA","Regular Season","2024-03-07",22300906,62,"Boston Celtics",1610612738,FALSE,FALSE,FALSE,"A","BOS @ DEN","BOS",1,1,"DEN","DEN","BOS","L","Payton Pritchard",62,1,1,1630202,FALSE,0,1,0,0,1,0,NA,TRUE,0,0,0,11,0,0,0,0,0,0,0,0,0,1,0,-1,0,"https://stats.nba.com/media/img/teams/logos/season/2023-24/BOS_logo.svg","https://stats.nba.com/player/1630202","https://ak-static.cms.nba.com/wp-content/uploads/headshots/nba/latest/260x190/1630202.png","https://ak-static.cms.nba.com/wp-content/uploads/headshots/nba/latest/260x190/1630202.png","https://stats.nba.com/media/players/700/1630202.png","https://stats.nba.com/media/img/league/nba-headshot-fallback.png"
"645",20286,2024,"2023-24","NBA","Regular Season","2024-03-09",22300920,63,"Boston Celtics",1610612738,FALSE,TRUE,FALSE,"A","BOS @ PHX","BOS",1,1,"PHX","BOS","PHX","W","Derrick White",59,1,1,1628401,TRUE,5,8,0.625,0,3,0,NA,TRUE,5,5,1,35,0,0,2,3,5,9,0,1,2,3,10,1,30.5,"https://stats.nba.com/media/img/teams/logos/season/2023-24/BOS_logo.svg","https://stats.nba.com/player/1628401","https://ak-static.cms.nba.com/wp-content/uploads/headshots/nba/latest/260x190/1628401.png","https://ak-static.cms.nba.com/wp-content/uploads/headshots/nba/latest/260x190/1628401.png","https://stats.nba.com/media/players/700/1628401.png","https://ak-static.cms.nba.com/wp-content/uploads/headshots/nba/latest/260x190/1628401.png"
"646",20313,2024,"2023-24","NBA","Regular Season","2024-03-09",22300920,63,"Boston Celtics",1610612738,FALSE,TRUE,FALSE,"A","BOS @ PHX","BOS",1,1,"PHX","BOS","PHX","W","Al Horford",53,1,1,201143,TRUE,4,12,0.333,1,7,0.142857142857143,NA,TRUE,3,5,0.6,32,0,0,3,9,12,3,1,0,1,4,9,0,29.9,"https://stats.nba.com/media/img/teams/logos/season/2023-24/BOS_logo.svg","https://stats.nba.com/player/201143","https://stats.nba.com/media/players/230x185/201143.png","https://ak-static.cms.nba.com/wp-content/uploads/headshots/nba/latest/260x190/201143.png","https://stats.nba.com/media/players/700/201143.png","https://ak-static.cms.nba.com/wp-content/uploads/headshots/nba/latest/260x190/201143.png"
"647",20314,2024,"2023-24","NBA","Regular Season","2024-03-09",22300920,63,"Boston Celtics",1610612738,FALSE,TRUE,FALSE,"A","BOS @ PHX","BOS",1,1,"PHX","BOS","PHX","W","Jrue Holiday",58,1,2,201950,TRUE,5,7,0.714,3,5,0.6,1,TRUE,2,2,1,36,2,2,0,3,3,6,2,1,3,1,15,6,33.6,"https://stats.nba.com/media/img/teams/logos/season/2023-24/BOS_logo.svg","https://stats.nba.com/player/201950","https://stats.nba.com/media/players/230x185/201950.png","https://ak-static.cms.nba.com/wp-content/uploads/headshots/nba/latest/260x190/201950.png","https://stats.nba.com/media/players/700/201950.png","https://ak-static.cms.nba.com/wp-content/uploads/headshots/nba/latest/260x190/201950.png"
"648",20315,2024,"2023-24","NBA","Regular Season","2024-03-09",22300920,63,"Boston Celtics",1610612738,FALSE,TRUE,FALSE,"A","BOS @ PHX","BOS",1,1,"PHX","BOS","PHX","W","Jayson Tatum",60,1,1,1628369,TRUE,11,28,0.393,5,9,0.555555555555556,1,TRUE,6,19,0.31578947368421,42,2,2,3,7,10,7,1,0,4,0,29,4,50.5,"https://stats.nba.com/media/img/teams/logos/season/2023-24/BOS_logo.svg","https://stats.nba.com/player/1628369","https://ak-static.cms.nba.com/wp-content/uploads/headshots/nba/latest/260x190/1628369.png","https://ak-static.cms.nba.com/wp-content/uploads/headshots/nba/latest/260x190/1628369.png","https://stats.nba.com/media/players/700/1628369.png","https://ak-static.cms.nba.com/wp-content/uploads/headshots/nba/latest/260x190/1628369.png"
"649",20316,2024,"2023-24","NBA","Regular Season","2024-03-09",22300920,63,"Boston Celtics",1610612738,FALSE,TRUE,FALSE,"A","BOS @ PHX","BOS",1,1,"PHX","BOS","PHX","W","Luke Kornet",45,3,1,1628436,TRUE,6,7,0.857,0,0,0,1,TRUE,6,7,0.857142857142857,20,2,2,3,3,6,0,0,1,0,2,14,12,24.2,"https://stats.nba.com/media/img/teams/logos/season/2023-24/BOS_logo.svg","https://stats.nba.com/player/1628436","https://ak-static.cms.nba.com/wp-content/uploads/headshots/nba/latest/260x190/1628436.png","https://ak-static.cms.nba.com/wp-content/uploads/headshots/nba/latest/260x190/1628436.png","https://stats.nba.com/media/players/700/1628436.png","https://ak-static.cms.nba.com/wp-content/uploads/headshots/nba/latest/260x190/1628436.png"
"650",20317,2024,"2023-24","NBA","Regular Season","2024-03-09",22300920,63,"Boston Celtics",1610612738,FALSE,TRUE,FALSE,"A","BOS @ PHX","BOS",1,1,"PHX","BOS","PHX","W","Sam Hauser",62,1,1,1630573,TRUE,1,5,0.2,1,4,0.25,NA,TRUE,0,1,0,18,0,0,0,2,2,0,0,1,0,0,3,10,8.4,"https://stats.nba.com/media/img/teams/logos/season/2023-24/BOS_logo.svg","https://stats.nba.com/player/1630573","https://ak-static.cms.nba.com/wp-content/uploads/headshots/nba/latest/260x190/1630573.png","https://ak-static.cms.nba.com/wp-content/uploads/headshots/nba/latest/260x190/1630573.png","https://stats.nba.com/media/players/700/1630573.png","https://stats.nba.com/media/img/league/nba-headshot-fallback.png"
"651",20341,2024,"2023-24","NBA","Regular Season","2024-03-09",22300920,63,"Boston Celtics",1610612738,FALSE,TRUE,FALSE,"A","BOS @ PHX","BOS",1,1,"PHX","BOS","PHX","W","Jaylen Brown",58,1,1,1627759,TRUE,10,21,0.476,3,7,0.428571428571429,0.571,TRUE,7,14,0.5,34,4,7,1,2,3,3,2,0,2,1,27,6,39.1,"https://stats.nba.com/media/img/teams/logos/season/2023-24/BOS_logo.svg","https://stats.nba.com/player/1627759","https://stats.nba.com/media/players/230x185/1627759.png","https://ak-static.cms.nba.com/wp-content/uploads/headshots/nba/latest/260x190/1627759.png","https://stats.nba.com/media/players/700/1627759.png","https://ak-static.cms.nba.com/wp-content/uploads/headshots/nba/latest/260x190/1627759.png"
"652",20342,2024,"2023-24","NBA","Regular Season","2024-03-09",22300920,63,"Boston Celtics",1610612738,FALSE,TRUE,FALSE,"A","BOS @ PHX","BOS",1,1,"PHX","BOS","PHX","W","JD Davison",3,51,1,1631120,TRUE,0,0,NA,0,0,0,NA,TRUE,0,0,0,0,0,0,0,0,0,0,0,0,0,0,0,-1,0,"https://stats.nba.com/media/img/teams/logos/season/2023-24/BOS_logo.svg","https://stats.nba.com/player/1631120","https://ak-static.cms.nba.com/wp-content/uploads/headshots/nba/latest/260x190/1631120.png","https://ak-static.cms.nba.com/wp-content/uploads/headshots/nba/latest/260x190/1631120.png","https://stats.nba.com/media/players/700/1631120.png","https://stats.nba.com/media/img/league/nba-headshot-fallback.png"
"653",20363,2024,"2023-24","NBA","Regular Season","2024-03-09",22300920,63,"Boston Celtics",1610612738,FALSE,TRUE,FALSE,"A","BOS @ PHX","BOS",1,1,"PHX","BOS","PHX","W","Jaden Springer",38,5,1,1630531,TRUE,0,0,NA,0,0,0,NA,TRUE,0,0,0,0,0,0,0,0,0,0,0,0,0,1,0,-1,0,"https://stats.nba.com/media/img/teams/logos/season/2023-24/BOS_logo.svg","https://stats.nba.com/player/1630531","https://ak-static.cms.nba.com/wp-content/uploads/headshots/nba/latest/260x190/1630531.png","https://ak-static.cms.nba.com/wp-content/uploads/headshots/nba/latest/260x190/1630531.png","https://stats.nba.com/media/players/700/1630531.png","https://stats.nba.com/media/img/league/nba-headshot-fallback.png"
"654",20397,2024,"2023-24","NBA","Regular Season","2024-03-09",22300920,63,"Boston Celtics",1610612738,FALSE,TRUE,FALSE,"A","BOS @ PHX","BOS",1,1,"PHX","BOS","PHX","W","Payton Pritchard",63,1,1,1630202,TRUE,4,6,0.667,2,4,0.5,NA,TRUE,2,2,1,23,0,0,1,1,2,1,1,0,0,0,10,13,16.9,"https://stats.nba.com/media/img/teams/logos/season/2023-24/BOS_logo.svg","https://stats.nba.com/player/1630202","https://ak-static.cms.nba.com/wp-content/uploads/headshots/nba/latest/260x190/1630202.png","https://ak-static.cms.nba.com/wp-content/uploads/headshots/nba/latest/260x190/1630202.png","https://stats.nba.com/media/players/700/1630202.png","https://stats.nba.com/media/img/league/nba-headshot-fallback.png"
"655",20644,2024,"2023-24","NBA","Regular Season","2024-03-11",22300938,64,"Boston Celtics",1610612738,TRUE,FALSE,FALSE,"A","BOS @ POR","BOS",1,0,"POR","BOS","POR","W","Jayson Tatum",61,1,0,1628369,TRUE,9,23,0.391,2,8,0.25,0.75,TRUE,7,15,0.466666666666667,36,6,8,0,5,5,8,0,0,1,0,26,16,43,"https://stats.nba.com/media/img/teams/logos/season/2023-24/BOS_logo.svg","https://stats.nba.com/player/1628369","https://ak-static.cms.nba.com/wp-content/uploads/headshots/nba/latest/260x190/1628369.png","https://ak-static.cms.nba.com/wp-content/uploads/headshots/nba/latest/260x190/1628369.png","https://stats.nba.com/media/players/700/1628369.png","https://ak-static.cms.nba.com/wp-content/uploads/headshots/nba/latest/260x190/1628369.png"
"656",20645,2024,"2023-24","NBA","Regular Season","2024-03-11",22300938,64,"Boston Celtics",1610612738,TRUE,FALSE,FALSE,"A","BOS @ POR","BOS",1,0,"POR","BOS","POR","W","Neemias Queta",24,25,5,1629674,TRUE,0,1,0,0,0,0,0.5,TRUE,0,1,0,2,1,2,1,0,1,1,0,1,0,0,1,2,6.7,"https://stats.nba.com/media/img/teams/logos/season/2023-24/BOS_logo.svg","https://stats.nba.com/player/1629674","https://ak-static.cms.nba.com/wp-content/uploads/headshots/nba/latest/260x190/1629674.png","https://ak-static.cms.nba.com/wp-content/uploads/headshots/nba/latest/260x190/1629674.png","https://stats.nba.com/media/players/700/1629674.png","https://stats.nba.com/media/img/league/nba-headshot-fallback.png"
"657",20646,2024,"2023-24","NBA","Regular Season","2024-03-11",22300938,64,"Boston Celtics",1610612738,TRUE,FALSE,FALSE,"A","BOS @ POR","BOS",1,0,"POR","BOS","POR","W","Payton Pritchard",64,1,0,1630202,TRUE,5,11,0.455,1,4,0.25,NA,TRUE,4,7,0.571428571428571,30,0,0,1,7,8,8,0,0,0,0,11,12,32.6,"https://stats.nba.com/media/img/teams/logos/season/2023-24/BOS_logo.svg","https://stats.nba.com/player/1630202","https://ak-static.cms.nba.com/wp-content/uploads/headshots/nba/latest/260x190/1630202.png","https://ak-static.cms.nba.com/wp-content/uploads/headshots/nba/latest/260x190/1630202.png","https://stats.nba.com/media/players/700/1630202.png","https://stats.nba.com/media/img/league/nba-headshot-fallback.png"
"658",20647,2024,"2023-24","NBA","Regular Season","2024-03-11",22300938,64,"Boston Celtics",1610612738,TRUE,FALSE,FALSE,"A","BOS @ POR","BOS",1,0,"POR","BOS","POR","W","Sam Hauser",63,1,0,1630573,TRUE,8,12,0.667,6,10,0.6,NA,TRUE,2,2,1,32,0,0,0,2,2,0,2,1,0,0,22,20,33.4,"https://stats.nba.com/media/img/teams/logos/season/2023-24/BOS_logo.svg","https://stats.nba.com/player/1630573","https://ak-static.cms.nba.com/wp-content/uploads/headshots/nba/latest/260x190/1630573.png","https://ak-static.cms.nba.com/wp-content/uploads/headshots/nba/latest/260x190/1630573.png","https://stats.nba.com/media/players/700/1630573.png","https://stats.nba.com/media/img/league/nba-headshot-fallback.png"
"659",20672,2024,"2023-24","NBA","Regular Season","2024-03-11",22300938,64,"Boston Celtics",1610612738,TRUE,FALSE,FALSE,"A","BOS @ POR","BOS",1,0,"POR","BOS","POR","W","Derrick White",60,1,0,1628401,TRUE,5,14,0.357,1,5,0.2,NA,TRUE,4,9,0.444444444444444,34,0,0,2,4,6,5,2,3,1,3,11,12,39.7,"https://stats.nba.com/media/img/teams/logos/season/2023-24/BOS_logo.svg","https://stats.nba.com/player/1628401","https://ak-static.cms.nba.com/wp-content/uploads/headshots/nba/latest/260x190/1628401.png","https://ak-static.cms.nba.com/wp-content/uploads/headshots/nba/latest/260x190/1628401.png","https://stats.nba.com/media/players/700/1628401.png","https://ak-static.cms.nba.com/wp-content/uploads/headshots/nba/latest/260x190/1628401.png"
"660",20673,2024,"2023-24","NBA","Regular Season","2024-03-11",22300938,64,"Boston Celtics",1610612738,TRUE,FALSE,FALSE,"A","BOS @ POR","BOS",1,0,"POR","BOS","POR","W","Luke Kornet",46,1,0,1628436,TRUE,3,3,1,0,0,0,NA,TRUE,3,3,1,21,0,0,3,2,5,2,0,2,1,0,6,10,20,"https://stats.nba.com/media/img/teams/logos/season/2023-24/BOS_logo.svg","https://stats.nba.com/player/1628436","https://ak-static.cms.nba.com/wp-content/uploads/headshots/nba/latest/260x190/1628436.png","https://ak-static.cms.nba.com/wp-content/uploads/headshots/nba/latest/260x190/1628436.png","https://stats.nba.com/media/players/700/1628436.png","https://ak-static.cms.nba.com/wp-content/uploads/headshots/nba/latest/260x190/1628436.png"
"661",20694,2024,"2023-24","NBA","Regular Season","2024-03-11",22300938,64,"Boston Celtics",1610612738,TRUE,FALSE,FALSE,"A","BOS @ POR","BOS",1,0,"POR","BOS","POR","W","Jaylen Brown",59,1,2,1627759,TRUE,13,29,0.448,1,8,0.125,NA,TRUE,12,21,0.571428571428571,33,0,0,3,3,6,5,1,0,0,3,27,10,44.7,"https://stats.nba.com/media/img/teams/logos/season/2023-24/BOS_logo.svg","https://stats.nba.com/player/1627759","https://stats.nba.com/media/players/230x185/1627759.png","https://ak-static.cms.nba.com/wp-content/uploads/headshots/nba/latest/260x190/1627759.png","https://stats.nba.com/media/players/700/1627759.png","https://ak-static.cms.nba.com/wp-content/uploads/headshots/nba/latest/260x190/1627759.png"
"662",20695,2024,"2023-24","NBA","Regular Season","2024-03-11",22300938,64,"Boston Celtics",1610612738,TRUE,FALSE,FALSE,"A","BOS @ POR","BOS",1,0,"POR","BOS","POR","W","Oshae Brissett",41,7,0,1629052,TRUE,1,2,0.5,0,1,0,0.5,TRUE,1,1,1,19,1,2,4,3,7,1,0,0,0,3,3,13,12.9,"https://stats.nba.com/media/img/teams/logos/season/2023-24/BOS_logo.svg","https://stats.nba.com/player/1629052","https://ak-static.cms.nba.com/wp-content/uploads/headshots/nba/latest/260x190/1629052.png","https://ak-static.cms.nba.com/wp-content/uploads/headshots/nba/latest/260x190/1629052.png","https://stats.nba.com/media/players/700/1629052.png","https://stats.nba.com/media/img/league/nba-headshot-fallback.png"
"663",20722,2024,"2023-24","NBA","Regular Season","2024-03-11",22300938,64,"Boston Celtics",1610612738,TRUE,FALSE,FALSE,"A","BOS @ POR","BOS",1,0,"POR","BOS","POR","W","Al Horford",54,1,2,201143,TRUE,4,4,1,3,3,1,NA,TRUE,1,1,1,30,0,0,0,4,4,4,1,3,0,1,11,11,33.8,"https://stats.nba.com/media/img/teams/logos/season/2023-24/BOS_logo.svg","https://stats.nba.com/player/201143","https://stats.nba.com/media/players/230x185/201143.png","https://ak-static.cms.nba.com/wp-content/uploads/headshots/nba/latest/260x190/201143.png","https://stats.nba.com/media/players/700/201143.png","https://ak-static.cms.nba.com/wp-content/uploads/headshots/nba/latest/260x190/201143.png"
"664",20723,2024,"2023-24","NBA","Regular Season","2024-03-11",22300938,64,"Boston Celtics",1610612738,TRUE,FALSE,FALSE,"A","BOS @ POR","BOS",1,0,"POR","BOS","POR","W","Jaden Springer",39,1,0,1630531,TRUE,0,0,NA,0,0,0,NA,TRUE,0,0,0,2,0,0,0,0,0,0,1,0,0,0,0,2,3,"https://stats.nba.com/media/img/teams/logos/season/2023-24/BOS_logo.svg","https://stats.nba.com/player/1630531","https://ak-static.cms.nba.com/wp-content/uploads/headshots/nba/latest/260x190/1630531.png","https://ak-static.cms.nba.com/wp-content/uploads/headshots/nba/latest/260x190/1630531.png","https://stats.nba.com/media/players/700/1630531.png","https://stats.nba.com/media/img/league/nba-headshot-fallback.png"
"665",20745,2024,"2023-24","NBA","Regular Season","2024-03-11",22300938,64,"Boston Celtics",1610612738,TRUE,FALSE,FALSE,"A","BOS @ POR","BOS",1,0,"POR","BOS","POR","W","JD Davison",4,1,0,1631120,TRUE,1,1,1,1,1,1,NA,TRUE,0,0,0,2,0,0,0,1,1,0,0,0,0,1,3,2,4.2,"https://stats.nba.com/media/img/teams/logos/season/2023-24/BOS_logo.svg","https://stats.nba.com/player/1631120","https://ak-static.cms.nba.com/wp-content/uploads/headshots/nba/latest/260x190/1631120.png","https://ak-static.cms.nba.com/wp-content/uploads/headshots/nba/latest/260x190/1631120.png","https://stats.nba.com/media/players/700/1631120.png","https://stats.nba.com/media/img/league/nba-headshot-fallback.png"
"666",20750,2024,"2023-24","NBA","Regular Season","2024-03-12",22300943,65,"Boston Celtics",1610612738,TRUE,FALSE,TRUE,"A","BOS @ UTA","BOS",0,1,"UTA","BOS","UTA","W","Jayson Tatum",62,0,1,1628369,TRUE,13,25,0.52,4,10,0.4,1,TRUE,9,15,0.6,34,8,8,2,4,6,2,0,1,3,3,38,8,48.2,"https://stats.nba.com/media/img/teams/logos/season/2023-24/BOS_logo.svg","https://stats.nba.com/player/1628369","https://ak-static.cms.nba.com/wp-content/uploads/headshots/nba/latest/260x190/1628369.png","https://ak-static.cms.nba.com/wp-content/uploads/headshots/nba/latest/260x190/1628369.png","https://stats.nba.com/media/players/700/1628369.png","https://ak-static.cms.nba.com/wp-content/uploads/headshots/nba/latest/260x190/1628369.png"
"667",20751,2024,"2023-24","NBA","Regular Season","2024-03-12",22300943,65,"Boston Celtics",1610612738,TRUE,FALSE,TRUE,"A","BOS @ UTA","BOS",0,1,"UTA","BOS","UTA","W","Oshae Brissett",42,0,1,1629052,TRUE,1,1,1,0,0,0,0,TRUE,1,1,1,17,0,2,2,3,5,1,0,0,0,0,2,-2,9.5,"https://stats.nba.com/media/img/teams/logos/season/2023-24/BOS_logo.svg","https://stats.nba.com/player/1629052","https://ak-static.cms.nba.com/wp-content/uploads/headshots/nba/latest/260x190/1629052.png","https://ak-static.cms.nba.com/wp-content/uploads/headshots/nba/latest/260x190/1629052.png","https://stats.nba.com/media/players/700/1629052.png","https://stats.nba.com/media/img/league/nba-headshot-fallback.png"
"668",20752,2024,"2023-24","NBA","Regular Season","2024-03-12",22300943,65,"Boston Celtics",1610612738,TRUE,FALSE,TRUE,"A","BOS @ UTA","BOS",0,1,"UTA","BOS","UTA","W","Payton Pritchard",65,0,1,1630202,TRUE,3,12,0.25,2,9,0.222222222222222,1,TRUE,1,3,0.333333333333333,25,2,2,0,2,2,2,0,0,1,2,10,14,14.4,"https://stats.nba.com/media/img/teams/logos/season/2023-24/BOS_logo.svg","https://stats.nba.com/player/1630202","https://ak-static.cms.nba.com/wp-content/uploads/headshots/nba/latest/260x190/1630202.png","https://ak-static.cms.nba.com/wp-content/uploads/headshots/nba/latest/260x190/1630202.png","https://stats.nba.com/media/players/700/1630202.png","https://stats.nba.com/media/img/league/nba-headshot-fallback.png"
"669",20753,2024,"2023-24","NBA","Regular Season","2024-03-12",22300943,65,"Boston Celtics",1610612738,TRUE,FALSE,TRUE,"A","BOS @ UTA","BOS",0,1,"UTA","BOS","UTA","W","JD Davison",5,0,9,1631120,TRUE,0,0,NA,0,0,0,NA,TRUE,0,0,0,1,0,0,0,0,0,0,0,0,0,0,0,0,0,"https://stats.nba.com/media/img/teams/logos/season/2023-24/BOS_logo.svg","https://stats.nba.com/player/1631120","https://ak-static.cms.nba.com/wp-content/uploads/headshots/nba/latest/260x190/1631120.png","https://ak-static.cms.nba.com/wp-content/uploads/headshots/nba/latest/260x190/1631120.png","https://stats.nba.com/media/players/700/1631120.png","https://stats.nba.com/media/img/league/nba-headshot-fallback.png"
"670",20778,2024,"2023-24","NBA","Regular Season","2024-03-12",22300943,65,"Boston Celtics",1610612738,TRUE,FALSE,TRUE,"A","BOS @ UTA","BOS",0,1,"UTA","BOS","UTA","W","Jrue Holiday",59,2,1,201950,TRUE,6,12,0.5,2,7,0.285714285714286,1,TRUE,4,5,0.8,38,2,2,1,4,5,8,2,1,1,1,16,7,42,"https://stats.nba.com/media/img/teams/logos/season/2023-24/BOS_logo.svg","https://stats.nba.com/player/201950","https://stats.nba.com/media/players/230x185/201950.png","https://ak-static.cms.nba.com/wp-content/uploads/headshots/nba/latest/260x190/201950.png","https://stats.nba.com/media/players/700/201950.png","https://ak-static.cms.nba.com/wp-content/uploads/headshots/nba/latest/260x190/201950.png"
"671",20779,2024,"2023-24","NBA","Regular Season","2024-03-12",22300943,65,"Boston Celtics",1610612738,TRUE,FALSE,TRUE,"A","BOS @ UTA","BOS",0,1,"UTA","BOS","UTA","W","Luke Kornet",47,0,1,1628436,TRUE,4,7,0.571,0,0,0,1,TRUE,4,7,0.571428571428571,28,4,4,4,5,9,6,0,1,0,2,12,10,34.8,"https://stats.nba.com/media/img/teams/logos/season/2023-24/BOS_logo.svg","https://stats.nba.com/player/1628436","https://ak-static.cms.nba.com/wp-content/uploads/headshots/nba/latest/260x190/1628436.png","https://ak-static.cms.nba.com/wp-content/uploads/headshots/nba/latest/260x190/1628436.png","https://stats.nba.com/media/players/700/1628436.png","https://ak-static.cms.nba.com/wp-content/uploads/headshots/nba/latest/260x190/1628436.png"
"672",20809,2024,"2023-24","NBA","Regular Season","2024-03-12",22300943,65,"Boston Celtics",1610612738,TRUE,FALSE,TRUE,"A","BOS @ UTA","BOS",0,1,"UTA","BOS","UTA","W","Svi Mykhailiuk",27,8,4,1629004,TRUE,0,0,NA,0,0,0,NA,TRUE,0,0,0,1,0,0,0,0,0,0,0,0,0,0,0,0,0,"https://stats.nba.com/media/img/teams/logos/season/2023-24/BOS_logo.svg","https://stats.nba.com/player/1629004","https://ak-static.cms.nba.com/wp-content/uploads/headshots/nba/latest/260x190/1629004.png","https://ak-static.cms.nba.com/wp-content/uploads/headshots/nba/latest/260x190/1629004.png","https://stats.nba.com/media/players/700/1629004.png","https://ak-static.cms.nba.com/wp-content/uploads/headshots/nba/latest/260x190/1629004.png"
"673",20810,2024,"2023-24","NBA","Regular Season","2024-03-12",22300943,65,"Boston Celtics",1610612738,TRUE,FALSE,TRUE,"A","BOS @ UTA","BOS",0,1,"UTA","BOS","UTA","W","Xavier Tillman",39,4,1,1630214,TRUE,3,5,0.6,1,1,1,NA,TRUE,2,4,0.5,27,0,0,4,4,8,1,1,0,0,0,7,14,21.1,"https://stats.nba.com/media/img/teams/logos/season/2023-24/BOS_logo.svg","https://stats.nba.com/player/1630214","https://ak-static.cms.nba.com/wp-content/uploads/headshots/nba/latest/260x190/1630214.png","https://ak-static.cms.nba.com/wp-content/uploads/headshots/nba/latest/260x190/1630214.png","https://stats.nba.com/media/players/700/1630214.png","https://stats.nba.com/media/img/league/nba-headshot-fallback.png"
"674",20811,2024,"2023-24","NBA","Regular Season","2024-03-12",22300943,65,"Boston Celtics",1610612738,TRUE,FALSE,TRUE,"A","BOS @ UTA","BOS",0,1,"UTA","BOS","UTA","W","Sam Hauser",64,0,1,1630573,TRUE,5,13,0.385,4,11,0.363636363636364,NA,TRUE,1,2,0.5,34,0,0,1,4,5,2,1,2,0,3,14,14,32,"https://stats.nba.com/media/img/teams/logos/season/2023-24/BOS_logo.svg","https://stats.nba.com/player/1630573","https://ak-static.cms.nba.com/wp-content/uploads/headshots/nba/latest/260x190/1630573.png","https://ak-static.cms.nba.com/wp-content/uploads/headshots/nba/latest/260x190/1630573.png","https://stats.nba.com/media/players/700/1630573.png","https://stats.nba.com/media/img/league/nba-headshot-fallback.png"
"675",20841,2024,"2023-24","NBA","Regular Season","2024-03-12",22300943,65,"Boston Celtics",1610612738,TRUE,FALSE,TRUE,"A","BOS @ UTA","BOS",0,1,"UTA","BOS","UTA","W","Jaden Springer",40,0,4,1630531,TRUE,0,0,NA,0,0,0,NA,TRUE,0,0,0,1,0,0,0,0,0,0,0,0,0,0,0,0,0,"https://stats.nba.com/media/img/teams/logos/season/2023-24/BOS_logo.svg","https://stats.nba.com/player/1630531","https://ak-static.cms.nba.com/wp-content/uploads/headshots/nba/latest/260x190/1630531.png","https://ak-static.cms.nba.com/wp-content/uploads/headshots/nba/latest/260x190/1630531.png","https://stats.nba.com/media/players/700/1630531.png","https://stats.nba.com/media/img/league/nba-headshot-fallback.png"
"676",20896,2024,"2023-24","NBA","Regular Season","2024-03-12",22300943,65,"Boston Celtics",1610612738,TRUE,FALSE,TRUE,"A","BOS @ UTA","BOS",0,1,"UTA","BOS","UTA","W","Derrick White",61,0,1,1628401,TRUE,8,17,0.471,7,11,0.636363636363636,1,TRUE,1,6,0.166666666666667,35,1,1,0,6,6,3,1,3,3,3,24,15,44.7,"https://stats.nba.com/media/img/teams/logos/season/2023-24/BOS_logo.svg","https://stats.nba.com/player/1628401","https://ak-static.cms.nba.com/wp-content/uploads/headshots/nba/latest/260x190/1628401.png","https://ak-static.cms.nba.com/wp-content/uploads/headshots/nba/latest/260x190/1628401.png","https://stats.nba.com/media/players/700/1628401.png","https://ak-static.cms.nba.com/wp-content/uploads/headshots/nba/latest/260x190/1628401.png"
"677",21102,2024,"2023-24","NBA","Regular Season","2024-03-14",22300955,66,"Boston Celtics",1610612738,FALSE,TRUE,FALSE,"H","BOS vs. PHX","BOS",1,2,"PHX","BOS","PHX","W","Jrue Holiday",60,1,2,201950,TRUE,3,5,0.6,3,5,0.6,NA,TRUE,0,0,0,33,0,0,0,0,0,10,2,2,0,1,9,26,36,"https://stats.nba.com/media/img/teams/logos/season/2023-24/BOS_logo.svg","https://stats.nba.com/player/201950","https://stats.nba.com/media/players/230x185/201950.png","https://ak-static.cms.nba.com/wp-content/uploads/headshots/nba/latest/260x190/201950.png","https://stats.nba.com/media/players/700/201950.png","https://ak-static.cms.nba.com/wp-content/uploads/headshots/nba/latest/260x190/201950.png"
"678",21103,2024,"2023-24","NBA","Regular Season","2024-03-14",22300955,66,"Boston Celtics",1610612738,FALSE,TRUE,FALSE,"H","BOS vs. PHX","BOS",1,2,"PHX","BOS","PHX","W","Derrick White",62,1,3,1628401,TRUE,5,13,0.385,3,9,0.333333333333333,NA,TRUE,2,4,0.5,33,0,0,1,7,8,5,2,1,0,1,13,8,39.1,"https://stats.nba.com/media/img/teams/logos/season/2023-24/BOS_logo.svg","https://stats.nba.com/player/1628401","https://ak-static.cms.nba.com/wp-content/uploads/headshots/nba/latest/260x190/1628401.png","https://ak-static.cms.nba.com/wp-content/uploads/headshots/nba/latest/260x190/1628401.png","https://stats.nba.com/media/players/700/1628401.png","https://ak-static.cms.nba.com/wp-content/uploads/headshots/nba/latest/260x190/1628401.png"
"679",21104,2024,"2023-24","NBA","Regular Season","2024-03-14",22300955,66,"Boston Celtics",1610612738,FALSE,TRUE,FALSE,"H","BOS vs. PHX","BOS",1,2,"PHX","BOS","PHX","W","Payton Pritchard",66,1,2,1630202,TRUE,1,3,0.333,1,1,1,NA,TRUE,0,2,0,19,0,0,1,2,3,1,1,0,3,1,3,-2,8.1,"https://stats.nba.com/media/img/teams/logos/season/2023-24/BOS_logo.svg","https://stats.nba.com/player/1630202","https://ak-static.cms.nba.com/wp-content/uploads/headshots/nba/latest/260x190/1630202.png","https://ak-static.cms.nba.com/wp-content/uploads/headshots/nba/latest/260x190/1630202.png","https://stats.nba.com/media/players/700/1630202.png","https://stats.nba.com/media/img/league/nba-headshot-fallback.png"
"680",21136,2024,"2023-24","NBA","Regular Season","2024-03-14",22300955,66,"Boston Celtics",1610612738,FALSE,TRUE,FALSE,"H","BOS vs. PHX","BOS",1,2,"PHX","BOS","PHX","W","Al Horford",55,2,2,201143,TRUE,8,14,0.571,6,10,0.6,1,TRUE,2,4,0.5,33,2,2,2,1,3,3,3,1,1,1,24,15,43.1,"https://stats.nba.com/media/img/teams/logos/season/2023-24/BOS_logo.svg","https://stats.nba.com/player/201143","https://stats.nba.com/media/players/230x185/201143.png","https://ak-static.cms.nba.com/wp-content/uploads/headshots/nba/latest/260x190/201143.png","https://stats.nba.com/media/players/700/201143.png","https://ak-static.cms.nba.com/wp-content/uploads/headshots/nba/latest/260x190/201143.png"
"681",21137,2024,"2023-24","NBA","Regular Season","2024-03-14",22300955,66,"Boston Celtics",1610612738,FALSE,TRUE,FALSE,"H","BOS vs. PHX","BOS",1,2,"PHX","BOS","PHX","W","Sam Hauser",65,1,2,1630573,TRUE,3,7,0.429,2,5,0.4,NA,TRUE,1,2,0.5,23,0,0,0,4,4,2,1,0,0,0,8,1,18.8,"https://stats.nba.com/media/img/teams/logos/season/2023-24/BOS_logo.svg","https://stats.nba.com/player/1630573","https://ak-static.cms.nba.com/wp-content/uploads/headshots/nba/latest/260x190/1630573.png","https://ak-static.cms.nba.com/wp-content/uploads/headshots/nba/latest/260x190/1630573.png","https://stats.nba.com/media/players/700/1630573.png","https://stats.nba.com/media/img/league/nba-headshot-fallback.png"
"682",21162,2024,"2023-24","NBA","Regular Season","2024-03-14",22300955,66,"Boston Celtics",1610612738,FALSE,TRUE,FALSE,"H","BOS vs. PHX","BOS",1,2,"PHX","BOS","PHX","W","Jayson Tatum",63,1,2,1628369,TRUE,10,18,0.556,4,8,0.5,0.667,TRUE,6,10,0.6,33,2,3,1,4,5,5,0,0,3,3,26,26,36.5,"https://stats.nba.com/media/img/teams/logos/season/2023-24/BOS_logo.svg","https://stats.nba.com/player/1628369","https://ak-static.cms.nba.com/wp-content/uploads/headshots/nba/latest/260x190/1628369.png","https://ak-static.cms.nba.com/wp-content/uploads/headshots/nba/latest/260x190/1628369.png","https://stats.nba.com/media/players/700/1628369.png","https://ak-static.cms.nba.com/wp-content/uploads/headshots/nba/latest/260x190/1628369.png"
"683",21163,2024,"2023-24","NBA","Regular Season","2024-03-14",22300955,66,"Boston Celtics",1610612738,FALSE,TRUE,FALSE,"H","BOS vs. PHX","BOS",1,2,"PHX","BOS","PHX","W","Luke Kornet",48,1,2,1628436,TRUE,1,2,0.5,0,0,0,NA,TRUE,1,2,0.5,12,0,0,0,1,1,1,1,0,0,1,2,6,7.7,"https://stats.nba.com/media/img/teams/logos/season/2023-24/BOS_logo.svg","https://stats.nba.com/player/1628436","https://ak-static.cms.nba.com/wp-content/uploads/headshots/nba/latest/260x190/1628436.png","https://ak-static.cms.nba.com/wp-content/uploads/headshots/nba/latest/260x190/1628436.png","https://stats.nba.com/media/players/700/1628436.png","https://ak-static.cms.nba.com/wp-content/uploads/headshots/nba/latest/260x190/1628436.png"
"684",21164,2024,"2023-24","NBA","Regular Season","2024-03-14",22300955,66,"Boston Celtics",1610612738,FALSE,TRUE,FALSE,"H","BOS vs. PHX","BOS",1,2,"PHX","BOS","PHX","W","Oshae Brissett",43,1,2,1629052,TRUE,0,0,NA,0,0,0,NA,TRUE,0,0,0,3,0,0,0,0,0,0,0,0,0,0,0,-3,0,"https://stats.nba.com/media/img/teams/logos/season/2023-24/BOS_logo.svg","https://stats.nba.com/player/1629052","https://ak-static.cms.nba.com/wp-content/uploads/headshots/nba/latest/260x190/1629052.png","https://ak-static.cms.nba.com/wp-content/uploads/headshots/nba/latest/260x190/1629052.png","https://stats.nba.com/media/players/700/1629052.png","https://stats.nba.com/media/img/league/nba-headshot-fallback.png"
"685",21165,2024,"2023-24","NBA","Regular Season","2024-03-14",22300955,66,"Boston Celtics",1610612738,FALSE,TRUE,FALSE,"H","BOS vs. PHX","BOS",1,2,"PHX","BOS","PHX","W","Xavier Tillman",40,1,2,1630214,TRUE,2,4,0.5,1,3,0.333333333333333,NA,TRUE,1,1,1,18,0,0,1,3,4,1,0,1,0,3,5,-10,14.3,"https://stats.nba.com/media/img/teams/logos/season/2023-24/BOS_logo.svg","https://stats.nba.com/player/1630214","https://ak-static.cms.nba.com/wp-content/uploads/headshots/nba/latest/260x190/1630214.png","https://ak-static.cms.nba.com/wp-content/uploads/headshots/nba/latest/260x190/1630214.png","https://stats.nba.com/media/players/700/1630214.png","https://stats.nba.com/media/img/league/nba-headshot-fallback.png"
"686",21202,2024,"2023-24","NBA","Regular Season","2024-03-14",22300955,66,"Boston Celtics",1610612738,FALSE,TRUE,FALSE,"H","BOS vs. PHX","BOS",1,2,"PHX","BOS","PHX","W","Jaylen Brown",60,2,3,1627759,TRUE,14,23,0.609,5,9,0.555555555555556,0.667,TRUE,9,14,0.642857142857143,33,4,6,0,5,5,3,2,0,1,2,37,8,52.5,"https://stats.nba.com/media/img/teams/logos/season/2023-24/BOS_logo.svg","https://stats.nba.com/player/1627759","https://stats.nba.com/media/players/230x185/1627759.png","https://ak-static.cms.nba.com/wp-content/uploads/headshots/nba/latest/260x190/1627759.png","https://stats.nba.com/media/players/700/1627759.png","https://ak-static.cms.nba.com/wp-content/uploads/headshots/nba/latest/260x190/1627759.png"
"687",21549,2024,"2023-24","NBA","Regular Season","2024-03-17",22300980,67,"Boston Celtics",1610612738,TRUE,FALSE,FALSE,"A","BOS @ WAS","BOS",2,0,"WAS","BOS","WAS","W","Svi Mykhailiuk",28,4,0,1629004,TRUE,3,7,0.429,3,6,0.5,NA,TRUE,0,1,0,23,0,0,0,5,5,2,0,0,0,0,9,7,18,"https://stats.nba.com/media/img/teams/logos/season/2023-24/BOS_logo.svg","https://stats.nba.com/player/1629004","https://ak-static.cms.nba.com/wp-content/uploads/headshots/nba/latest/260x190/1629004.png","https://ak-static.cms.nba.com/wp-content/uploads/headshots/nba/latest/260x190/1629004.png","https://stats.nba.com/media/players/700/1629004.png","https://ak-static.cms.nba.com/wp-content/uploads/headshots/nba/latest/260x190/1629004.png"
"688",21550,2024,"2023-24","NBA","Regular Season","2024-03-17",22300980,67,"Boston Celtics",1610612738,TRUE,FALSE,FALSE,"A","BOS @ WAS","BOS",2,0,"WAS","BOS","WAS","W","Oshae Brissett",44,2,0,1629052,TRUE,1,5,0.2,0,3,0,0.833,TRUE,1,2,0.5,29,5,6,3,1,4,2,0,0,1,3,7,17,13.8,"https://stats.nba.com/media/img/teams/logos/season/2023-24/BOS_logo.svg","https://stats.nba.com/player/1629052","https://ak-static.cms.nba.com/wp-content/uploads/headshots/nba/latest/260x190/1629052.png","https://ak-static.cms.nba.com/wp-content/uploads/headshots/nba/latest/260x190/1629052.png","https://stats.nba.com/media/players/700/1629052.png","https://stats.nba.com/media/img/league/nba-headshot-fallback.png"
"689",21581,2024,"2023-24","NBA","Regular Season","2024-03-17",22300980,67,"Boston Celtics",1610612738,TRUE,FALSE,FALSE,"A","BOS @ WAS","BOS",2,0,"WAS","BOS","WAS","W","Jayson Tatum",64,2,2,1628369,TRUE,8,17,0.471,6,12,0.5,0.8,TRUE,2,5,0.4,27,8,10,0,6,6,6,3,1,2,1,30,26,56.2,"https://stats.nba.com/media/img/teams/logos/season/2023-24/BOS_logo.svg","https://stats.nba.com/player/1628369","https://ak-static.cms.nba.com/wp-content/uploads/headshots/nba/latest/260x190/1628369.png","https://ak-static.cms.nba.com/wp-content/uploads/headshots/nba/latest/260x190/1628369.png","https://stats.nba.com/media/players/700/1628369.png","https://ak-static.cms.nba.com/wp-content/uploads/headshots/nba/latest/260x190/1628369.png"
"690",21582,2024,"2023-24","NBA","Regular Season","2024-03-17",22300980,67,"Boston Celtics",1610612738,TRUE,FALSE,FALSE,"A","BOS @ WAS","BOS",2,0,"WAS","BOS","WAS","W","Sam Hauser",66,2,4,1630573,TRUE,10,13,0.769,10,13,0.769230769230769,NA,TRUE,0,0,0,23,0,0,0,6,6,1,1,0,0,1,30,18,41.7,"https://stats.nba.com/media/img/teams/logos/season/2023-24/BOS_logo.svg","https://stats.nba.com/player/1630573","https://ak-static.cms.nba.com/wp-content/uploads/headshots/nba/latest/260x190/1630573.png","https://ak-static.cms.nba.com/wp-content/uploads/headshots/nba/latest/260x190/1630573.png","https://stats.nba.com/media/players/700/1630573.png","https://stats.nba.com/media/img/league/nba-headshot-fallback.png"
"691",21608,2024,"2023-24","NBA","Regular Season","2024-03-17",22300980,67,"Boston Celtics",1610612738,TRUE,FALSE,FALSE,"A","BOS @ WAS","BOS",2,0,"WAS","BOS","WAS","W","Payton Pritchard",67,2,0,1630202,TRUE,6,15,0.4,2,5,0.4,NA,TRUE,4,10,0.4,35,0,0,2,3,5,13,1,0,1,0,14,16,41.5,"https://stats.nba.com/media/img/teams/logos/season/2023-24/BOS_logo.svg","https://stats.nba.com/player/1630202","https://ak-static.cms.nba.com/wp-content/uploads/headshots/nba/latest/260x190/1630202.png","https://ak-static.cms.nba.com/wp-content/uploads/headshots/nba/latest/260x190/1630202.png","https://stats.nba.com/media/players/700/1630202.png","https://stats.nba.com/media/img/league/nba-headshot-fallback.png"
"692",21609,2024,"2023-24","NBA","Regular Season","2024-03-17",22300980,67,"Boston Celtics",1610612738,TRUE,FALSE,FALSE,"A","BOS @ WAS","BOS",2,0,"WAS","BOS","WAS","W","Xavier Tillman",41,2,0,1630214,TRUE,1,4,0.25,0,3,0,0.5,TRUE,1,1,1,15,1,2,1,1,2,0,2,1,1,1,3,8,13.4,"https://stats.nba.com/media/img/teams/logos/season/2023-24/BOS_logo.svg","https://stats.nba.com/player/1630214","https://ak-static.cms.nba.com/wp-content/uploads/headshots/nba/latest/260x190/1630214.png","https://ak-static.cms.nba.com/wp-content/uploads/headshots/nba/latest/260x190/1630214.png","https://stats.nba.com/media/players/700/1630214.png","https://stats.nba.com/media/img/league/nba-headshot-fallback.png"
"693",21610,2024,"2023-24","NBA","Regular Season","2024-03-17",22300980,67,"Boston Celtics",1610612738,TRUE,FALSE,FALSE,"A","BOS @ WAS","BOS",2,0,"WAS","BOS","WAS","W","Jaden Springer",41,4,0,1630531,TRUE,1,3,0.333,0,2,0,NA,TRUE,1,1,1,16,0,0,1,1,2,0,1,0,3,4,2,-6,4.4,"https://stats.nba.com/media/img/teams/logos/season/2023-24/BOS_logo.svg","https://stats.nba.com/player/1630531","https://ak-static.cms.nba.com/wp-content/uploads/headshots/nba/latest/260x190/1630531.png","https://ak-static.cms.nba.com/wp-content/uploads/headshots/nba/latest/260x190/1630531.png","https://stats.nba.com/media/players/700/1630531.png","https://stats.nba.com/media/img/league/nba-headshot-fallback.png"
"694",21642,2024,"2023-24","NBA","Regular Season","2024-03-17",22300980,67,"Boston Celtics",1610612738,TRUE,FALSE,FALSE,"A","BOS @ WAS","BOS",2,0,"WAS","BOS","WAS","W","Jrue Holiday",61,2,10,201950,TRUE,3,7,0.429,1,2,0.5,NA,TRUE,2,5,0.4,22,0,0,0,1,1,3,1,2,3,2,7,17,18.7,"https://stats.nba.com/media/img/teams/logos/season/2023-24/BOS_logo.svg","https://stats.nba.com/player/201950","https://stats.nba.com/media/players/230x185/201950.png","https://ak-static.cms.nba.com/wp-content/uploads/headshots/nba/latest/260x190/201950.png","https://stats.nba.com/media/players/700/201950.png","https://ak-static.cms.nba.com/wp-content/uploads/headshots/nba/latest/260x190/201950.png"
"695",21643,2024,"2023-24","NBA","Regular Season","2024-03-17",22300980,67,"Boston Celtics",1610612738,TRUE,FALSE,FALSE,"A","BOS @ WAS","BOS",2,0,"WAS","BOS","WAS","W","Luke Kornet",49,2,0,1628436,TRUE,5,9,0.556,0,0,0,1,TRUE,5,9,0.555555555555556,20,4,4,3,3,6,1,0,2,1,1,14,9,27.7,"https://stats.nba.com/media/img/teams/logos/season/2023-24/BOS_logo.svg","https://stats.nba.com/player/1628436","https://ak-static.cms.nba.com/wp-content/uploads/headshots/nba/latest/260x190/1628436.png","https://ak-static.cms.nba.com/wp-content/uploads/headshots/nba/latest/260x190/1628436.png","https://stats.nba.com/media/players/700/1628436.png","https://ak-static.cms.nba.com/wp-content/uploads/headshots/nba/latest/260x190/1628436.png"
"696",21644,2024,"2023-24","NBA","Regular Season","2024-03-17",22300980,67,"Boston Celtics",1610612738,TRUE,FALSE,FALSE,"A","BOS @ WAS","BOS",2,0,"WAS","BOS","WAS","W","Neemias Queta",25,5,4,1629674,TRUE,0,0,NA,0,0,0,NA,TRUE,0,0,0,8,0,0,0,2,2,0,0,0,1,1,0,2,1.4,"https://stats.nba.com/media/img/teams/logos/season/2023-24/BOS_logo.svg","https://stats.nba.com/player/1629674","https://ak-static.cms.nba.com/wp-content/uploads/headshots/nba/latest/260x190/1629674.png","https://ak-static.cms.nba.com/wp-content/uploads/headshots/nba/latest/260x190/1629674.png","https://stats.nba.com/media/players/700/1629674.png","https://stats.nba.com/media/img/league/nba-headshot-fallback.png"
"697",21670,2024,"2023-24","NBA","Regular Season","2024-03-17",22300980,67,"Boston Celtics",1610612738,TRUE,FALSE,FALSE,"A","BOS @ WAS","BOS",2,0,"WAS","BOS","WAS","W","Al Horford",56,2,2,201143,TRUE,5,7,0.714,2,4,0.5,1,TRUE,3,3,1,23,2,2,2,2,4,2,0,0,1,3,14,16,20.8,"https://stats.nba.com/media/img/teams/logos/season/2023-24/BOS_logo.svg","https://stats.nba.com/player/201143","https://stats.nba.com/media/players/230x185/201143.png","https://ak-static.cms.nba.com/wp-content/uploads/headshots/nba/latest/260x190/201143.png","https://stats.nba.com/media/players/700/201143.png","https://ak-static.cms.nba.com/wp-content/uploads/headshots/nba/latest/260x190/201143.png"
"698",21697,2024,"2023-24","NBA","Regular Season","2024-03-18",22300984,68,"Boston Celtics",1610612738,TRUE,FALSE,TRUE,"H","BOS vs. DET","BOS",0,1,"DET","BOS","DET","W","Kristaps Porziņģis",47,10,1,204001,TRUE,7,14,0.5,5,9,0.555555555555556,1,TRUE,2,5,0.4,21,1,1,1,7,8,1,1,1,0,2,20,14,37.1,"https://stats.nba.com/media/img/teams/logos/season/2023-24/BOS_logo.svg","https://stats.nba.com/player/204001","https://stats.nba.com/media/players/230x185/204001.png","https://ak-static.cms.nba.com/wp-content/uploads/headshots/nba/latest/260x190/204001.png","https://stats.nba.com/media/players/700/204001.png","https://ak-static.cms.nba.com/wp-content/uploads/headshots/nba/latest/260x190/204001.png"
"699",21698,2024,"2023-24","NBA","Regular Season","2024-03-18",22300984,68,"Boston Celtics",1610612738,TRUE,FALSE,TRUE,"H","BOS vs. DET","BOS",0,1,"DET","BOS","DET","W","Luke Kornet",50,0,1,1628436,TRUE,2,4,0.5,0,0,0,NA,TRUE,2,4,0.5,28,0,0,6,4,10,0,2,3,0,1,4,9,31,"https://stats.nba.com/media/img/teams/logos/season/2023-24/BOS_logo.svg","https://stats.nba.com/player/1628436","https://ak-static.cms.nba.com/wp-content/uploads/headshots/nba/latest/260x190/1628436.png","https://ak-static.cms.nba.com/wp-content/uploads/headshots/nba/latest/260x190/1628436.png","https://stats.nba.com/media/players/700/1628436.png","https://ak-static.cms.nba.com/wp-content/uploads/headshots/nba/latest/260x190/1628436.png"
"700",21699,2024,"2023-24","NBA","Regular Season","2024-03-18",22300984,68,"Boston Celtics",1610612738,TRUE,FALSE,TRUE,"H","BOS vs. DET","BOS",0,1,"DET","BOS","DET","W","Jordan Walsh",5,32,3,1641775,TRUE,1,1,1,0,0,0,NA,TRUE,1,1,1,4,0,0,1,1,2,2,0,0,0,0,2,3,7.4,"https://stats.nba.com/media/img/teams/logos/season/2023-24/BOS_logo.svg","https://stats.nba.com/player/1641775","https://ak-static.cms.nba.com/wp-content/uploads/headshots/nba/latest/260x190/1641775.png","https://ak-static.cms.nba.com/wp-content/uploads/headshots/nba/latest/260x190/1641775.png","https://stats.nba.com/media/players/700/1641775.png","https://stats.nba.com/media/img/league/nba-headshot-fallback.png"
"701",21727,2024,"2023-24","NBA","Regular Season","2024-03-18",22300984,68,"Boston Celtics",1610612738,TRUE,FALSE,TRUE,"H","BOS vs. DET","BOS",0,1,"DET","BOS","DET","W","Oshae Brissett",45,0,3,1629052,TRUE,1,7,0.143,1,2,0.5,NA,TRUE,0,5,0,19,0,0,2,2,4,0,0,0,0,1,3,-1,7.8,"https://stats.nba.com/media/img/teams/logos/season/2023-24/BOS_logo.svg","https://stats.nba.com/player/1629052","https://ak-static.cms.nba.com/wp-content/uploads/headshots/nba/latest/260x190/1629052.png","https://ak-static.cms.nba.com/wp-content/uploads/headshots/nba/latest/260x190/1629052.png","https://stats.nba.com/media/players/700/1629052.png","https://stats.nba.com/media/img/league/nba-headshot-fallback.png"
"702",21728,2024,"2023-24","NBA","Regular Season","2024-03-18",22300984,68,"Boston Celtics",1610612738,TRUE,FALSE,TRUE,"H","BOS vs. DET","BOS",0,1,"DET","BOS","DET","W","Payton Pritchard",68,0,1,1630202,TRUE,8,14,0.571,5,9,0.555555555555556,1,TRUE,3,5,0.6,38,2,2,1,1,2,7,0,0,2,1,23,19,33.9,"https://stats.nba.com/media/img/teams/logos/season/2023-24/BOS_logo.svg","https://stats.nba.com/player/1630202","https://ak-static.cms.nba.com/wp-content/uploads/headshots/nba/latest/260x190/1630202.png","https://ak-static.cms.nba.com/wp-content/uploads/headshots/nba/latest/260x190/1630202.png","https://stats.nba.com/media/players/700/1630202.png","https://stats.nba.com/media/img/league/nba-headshot-fallback.png"
"703",21756,2024,"2023-24","NBA","Regular Season","2024-03-18",22300984,68,"Boston Celtics",1610612738,TRUE,FALSE,TRUE,"H","BOS vs. DET","BOS",0,1,"DET","BOS","DET","W","Derrick White",63,3,1,1628401,TRUE,8,20,0.4,6,12,0.5,NA,TRUE,2,8,0.25,37,0,0,0,10,10,10,2,1,3,0,22,17,55,"https://stats.nba.com/media/img/teams/logos/season/2023-24/BOS_logo.svg","https://stats.nba.com/player/1628401","https://ak-static.cms.nba.com/wp-content/uploads/headshots/nba/latest/260x190/1628401.png","https://ak-static.cms.nba.com/wp-content/uploads/headshots/nba/latest/260x190/1628401.png","https://stats.nba.com/media/players/700/1628401.png","https://ak-static.cms.nba.com/wp-content/uploads/headshots/nba/latest/260x190/1628401.png"
"704",21781,2024,"2023-24","NBA","Regular Season","2024-03-18",22300984,68,"Boston Celtics",1610612738,TRUE,FALSE,TRUE,"H","BOS vs. DET","BOS",0,1,"DET","BOS","DET","W","Jaden Springer",42,0,3,1630531,TRUE,2,5,0.4,0,2,0,1,TRUE,2,3,0.666666666666667,22,2,2,4,0,4,4,0,2,0,2,6,10,22.8,"https://stats.nba.com/media/img/teams/logos/season/2023-24/BOS_logo.svg","https://stats.nba.com/player/1630531","https://ak-static.cms.nba.com/wp-content/uploads/headshots/nba/latest/260x190/1630531.png","https://ak-static.cms.nba.com/wp-content/uploads/headshots/nba/latest/260x190/1630531.png","https://stats.nba.com/media/players/700/1630531.png","https://stats.nba.com/media/img/league/nba-headshot-fallback.png"
"705",21810,2024,"2023-24","NBA","Regular Season","2024-03-18",22300984,68,"Boston Celtics",1610612738,TRUE,FALSE,TRUE,"H","BOS vs. DET","BOS",0,1,"DET","BOS","DET","W","Jaylen Brown",61,3,1,1627759,TRUE,11,20,0.55,3,6,0.5,0.75,TRUE,8,14,0.571428571428571,30,6,8,0,7,7,3,1,0,3,2,31,22,43.9,"https://stats.nba.com/media/img/teams/logos/season/2023-24/BOS_logo.svg","https://stats.nba.com/player/1627759","https://stats.nba.com/media/players/230x185/1627759.png","https://ak-static.cms.nba.com/wp-content/uploads/headshots/nba/latest/260x190/1627759.png","https://stats.nba.com/media/players/700/1627759.png","https://ak-static.cms.nba.com/wp-content/uploads/headshots/nba/latest/260x190/1627759.png"
"706",21811,2024,"2023-24","NBA","Regular Season","2024-03-18",22300984,68,"Boston Celtics",1610612738,TRUE,FALSE,TRUE,"H","BOS vs. DET","BOS",0,1,"DET","BOS","DET","W","Svi Mykhailiuk",29,0,1,1629004,TRUE,2,8,0.25,2,8,0.25,NA,TRUE,0,0,0,24,0,0,0,2,2,2,2,0,1,0,6,13,16.4,"https://stats.nba.com/media/img/teams/logos/season/2023-24/BOS_logo.svg","https://stats.nba.com/player/1629004","https://ak-static.cms.nba.com/wp-content/uploads/headshots/nba/latest/260x190/1629004.png","https://ak-static.cms.nba.com/wp-content/uploads/headshots/nba/latest/260x190/1629004.png","https://stats.nba.com/media/players/700/1629004.png","https://ak-static.cms.nba.com/wp-content/uploads/headshots/nba/latest/260x190/1629004.png"
"707",21812,2024,"2023-24","NBA","Regular Season","2024-03-18",22300984,68,"Boston Celtics",1610612738,TRUE,FALSE,TRUE,"H","BOS vs. DET","BOS",0,1,"DET","BOS","DET","W","Xavier Tillman",42,0,1,1630214,TRUE,1,2,0.5,0,1,0,NA,TRUE,1,1,1,17,0,0,0,4,4,1,0,1,0,0,2,19,11.3,"https://stats.nba.com/media/img/teams/logos/season/2023-24/BOS_logo.svg","https://stats.nba.com/player/1630214","https://ak-static.cms.nba.com/wp-content/uploads/headshots/nba/latest/260x190/1630214.png","https://ak-static.cms.nba.com/wp-content/uploads/headshots/nba/latest/260x190/1630214.png","https://stats.nba.com/media/players/700/1630214.png","https://stats.nba.com/media/img/league/nba-headshot-fallback.png"
"708",21958,2024,"2023-24","NBA","Regular Season","2024-03-20",22300998,69,"Boston Celtics",1610612738,FALSE,TRUE,FALSE,"H","BOS vs. MIL","BOS",1,1,"MIL","BOS","MIL","W","Al Horford",57,2,2,201143,TRUE,3,3,1,2,2,1,NA,TRUE,1,1,1,38,0,0,1,3,4,4,1,1,2,2,8,15,22.8,"https://stats.nba.com/media/img/teams/logos/season/2023-24/BOS_logo.svg","https://stats.nba.com/player/201143","https://stats.nba.com/media/players/230x185/201143.png","https://ak-static.cms.nba.com/wp-content/uploads/headshots/nba/latest/260x190/201143.png","https://stats.nba.com/media/players/700/201143.png","https://ak-static.cms.nba.com/wp-content/uploads/headshots/nba/latest/260x190/201143.png"
"709",21990,2024,"2023-24","NBA","Regular Season","2024-03-20",22300998,69,"Boston Celtics",1610612738,FALSE,TRUE,FALSE,"H","BOS vs. MIL","BOS",1,1,"MIL","BOS","MIL","W","Jaylen Brown",62,1,1,1627759,TRUE,6,15,0.4,2,4,0.5,0.7,TRUE,4,11,0.363636363636364,37,7,10,4,4,8,2,1,0,1,3,21,-2,35.6,"https://stats.nba.com/media/img/teams/logos/season/2023-24/BOS_logo.svg","https://stats.nba.com/player/1627759","https://stats.nba.com/media/players/230x185/1627759.png","https://ak-static.cms.nba.com/wp-content/uploads/headshots/nba/latest/260x190/1627759.png","https://stats.nba.com/media/players/700/1627759.png","https://ak-static.cms.nba.com/wp-content/uploads/headshots/nba/latest/260x190/1627759.png"
"710",21991,2024,"2023-24","NBA","Regular Season","2024-03-20",22300998,69,"Boston Celtics",1610612738,FALSE,TRUE,FALSE,"H","BOS vs. MIL","BOS",1,1,"MIL","BOS","MIL","W","Payton Pritchard",69,1,1,1630202,TRUE,7,11,0.636,5,8,0.625,NA,TRUE,2,3,0.666666666666667,31,0,0,2,4,6,3,0,0,1,2,19,2,29.7,"https://stats.nba.com/media/img/teams/logos/season/2023-24/BOS_logo.svg","https://stats.nba.com/player/1630202","https://ak-static.cms.nba.com/wp-content/uploads/headshots/nba/latest/260x190/1630202.png","https://ak-static.cms.nba.com/wp-content/uploads/headshots/nba/latest/260x190/1630202.png","https://stats.nba.com/media/players/700/1630202.png","https://stats.nba.com/media/img/league/nba-headshot-fallback.png"
"711",22036,2024,"2023-24","NBA","Regular Season","2024-03-20",22300998,69,"Boston Celtics",1610612738,FALSE,TRUE,FALSE,"H","BOS vs. MIL","BOS",1,1,"MIL","BOS","MIL","W","Luke Kornet",51,1,1,1628436,TRUE,0,1,0,0,0,0,NA,TRUE,0,1,0,9,0,0,0,0,0,0,0,0,0,0,0,7,0,"https://stats.nba.com/media/img/teams/logos/season/2023-24/BOS_logo.svg","https://stats.nba.com/player/1628436","https://ak-static.cms.nba.com/wp-content/uploads/headshots/nba/latest/260x190/1628436.png","https://ak-static.cms.nba.com/wp-content/uploads/headshots/nba/latest/260x190/1628436.png","https://stats.nba.com/media/players/700/1628436.png","https://ak-static.cms.nba.com/wp-content/uploads/headshots/nba/latest/260x190/1628436.png"
"712",22061,2024,"2023-24","NBA","Regular Season","2024-03-20",22300998,69,"Boston Celtics",1610612738,FALSE,TRUE,FALSE,"H","BOS vs. MIL","BOS",1,1,"MIL","BOS","MIL","W","Derrick White",64,1,1,1628401,TRUE,8,17,0.471,4,11,0.363636363636364,1,TRUE,4,6,0.666666666666667,37,3,3,0,5,5,8,0,2,0,5,23,-7,47,"https://stats.nba.com/media/img/teams/logos/season/2023-24/BOS_logo.svg","https://stats.nba.com/player/1628401","https://ak-static.cms.nba.com/wp-content/uploads/headshots/nba/latest/260x190/1628401.png","https://ak-static.cms.nba.com/wp-content/uploads/headshots/nba/latest/260x190/1628401.png","https://stats.nba.com/media/players/700/1628401.png","https://ak-static.cms.nba.com/wp-content/uploads/headshots/nba/latest/260x190/1628401.png"
"713",22062,2024,"2023-24","NBA","Regular Season","2024-03-20",22300998,69,"Boston Celtics",1610612738,FALSE,TRUE,FALSE,"H","BOS vs. MIL","BOS",1,1,"MIL","BOS","MIL","W","Svi Mykhailiuk",30,1,1,1629004,TRUE,1,1,1,1,1,1,NA,TRUE,0,0,0,5,0,0,0,0,0,0,0,0,0,0,3,10,3,"https://stats.nba.com/media/img/teams/logos/season/2023-24/BOS_logo.svg","https://stats.nba.com/player/1629004","https://ak-static.cms.nba.com/wp-content/uploads/headshots/nba/latest/260x190/1629004.png","https://ak-static.cms.nba.com/wp-content/uploads/headshots/nba/latest/260x190/1629004.png","https://stats.nba.com/media/players/700/1629004.png","https://ak-static.cms.nba.com/wp-content/uploads/headshots/nba/latest/260x190/1629004.png"
"714",22088,2024,"2023-24","NBA","Regular Season","2024-03-20",22300998,69,"Boston Celtics",1610612738,FALSE,TRUE,FALSE,"H","BOS vs. MIL","BOS",1,1,"MIL","BOS","MIL","W","Kristaps Porziņģis",48,1,1,204001,TRUE,6,16,0.375,0,5,0,0.833,TRUE,6,11,0.545454545454545,28,5,6,3,0,3,2,0,0,2,3,17,-8,21.6,"https://stats.nba.com/media/img/teams/logos/season/2023-24/BOS_logo.svg","https://stats.nba.com/player/204001","https://stats.nba.com/media/players/230x185/204001.png","https://ak-static.cms.nba.com/wp-content/uploads/headshots/nba/latest/260x190/204001.png","https://stats.nba.com/media/players/700/204001.png","https://ak-static.cms.nba.com/wp-content/uploads/headshots/nba/latest/260x190/204001.png"
"715",22089,2024,"2023-24","NBA","Regular Season","2024-03-20",22300998,69,"Boston Celtics",1610612738,FALSE,TRUE,FALSE,"H","BOS vs. MIL","BOS",1,1,"MIL","BOS","MIL","W","Jayson Tatum",65,2,2,1628369,TRUE,9,19,0.474,4,7,0.571428571428571,0.9,TRUE,5,12,0.416666666666667,39,9,10,0,8,8,4,3,2,2,2,31,2,59.6,"https://stats.nba.com/media/img/teams/logos/season/2023-24/BOS_logo.svg","https://stats.nba.com/player/1628369","https://ak-static.cms.nba.com/wp-content/uploads/headshots/nba/latest/260x190/1628369.png","https://ak-static.cms.nba.com/wp-content/uploads/headshots/nba/latest/260x190/1628369.png","https://stats.nba.com/media/players/700/1628369.png","https://ak-static.cms.nba.com/wp-content/uploads/headshots/nba/latest/260x190/1628369.png"
"716",22090,2024,"2023-24","NBA","Regular Season","2024-03-20",22300998,69,"Boston Celtics",1610612738,FALSE,TRUE,FALSE,"H","BOS vs. MIL","BOS",1,1,"MIL","BOS","MIL","W","Xavier Tillman",43,1,1,1630214,TRUE,0,2,0,0,2,0,NA,TRUE,0,0,0,14,0,0,1,2,3,2,1,0,1,1,0,-4,8.6,"https://stats.nba.com/media/img/teams/logos/season/2023-24/BOS_logo.svg","https://stats.nba.com/player/1630214","https://ak-static.cms.nba.com/wp-content/uploads/headshots/nba/latest/260x190/1630214.png","https://ak-static.cms.nba.com/wp-content/uploads/headshots/nba/latest/260x190/1630214.png","https://stats.nba.com/media/players/700/1630214.png","https://stats.nba.com/media/img/league/nba-headshot-fallback.png"
"717",22289,2024,"2023-24","NBA","Regular Season","2024-03-22",22301011,70,"Boston Celtics",1610612738,TRUE,FALSE,FALSE,"A","BOS @ DET","BOS",1,0,"DET","BOS","DET","W","Svi Mykhailiuk",31,1,0,1629004,TRUE,1,1,1,0,0,0,1,TRUE,1,1,1,16,1,1,0,2,2,1,0,0,0,0,3,12,6.9,"https://stats.nba.com/media/img/teams/logos/season/2023-24/BOS_logo.svg","https://stats.nba.com/player/1629004","https://ak-static.cms.nba.com/wp-content/uploads/headshots/nba/latest/260x190/1629004.png","https://ak-static.cms.nba.com/wp-content/uploads/headshots/nba/latest/260x190/1629004.png","https://stats.nba.com/media/players/700/1629004.png","https://ak-static.cms.nba.com/wp-content/uploads/headshots/nba/latest/260x190/1629004.png"
"718",22290,2024,"2023-24","NBA","Regular Season","2024-03-22",22301011,70,"Boston Celtics",1610612738,TRUE,FALSE,FALSE,"A","BOS @ DET","BOS",1,0,"DET","BOS","DET","W","Payton Pritchard",70,1,0,1630202,TRUE,8,15,0.533,4,9,0.444444444444444,NA,TRUE,4,6,0.666666666666667,38,0,0,0,2,2,9,0,0,1,2,20,15,34.9,"https://stats.nba.com/media/img/teams/logos/season/2023-24/BOS_logo.svg","https://stats.nba.com/player/1630202","https://ak-static.cms.nba.com/wp-content/uploads/headshots/nba/latest/260x190/1630202.png","https://ak-static.cms.nba.com/wp-content/uploads/headshots/nba/latest/260x190/1630202.png","https://stats.nba.com/media/players/700/1630202.png","https://stats.nba.com/media/img/league/nba-headshot-fallback.png"
"719",22291,2024,"2023-24","NBA","Regular Season","2024-03-22",22301011,70,"Boston Celtics",1610612738,TRUE,FALSE,FALSE,"A","BOS @ DET","BOS",1,0,"DET","BOS","DET","W","Xavier Tillman",44,1,0,1630214,TRUE,1,2,0.5,0,1,0,NA,TRUE,1,1,1,20,0,0,2,2,4,0,0,0,1,1,2,-3,5.8,"https://stats.nba.com/media/img/teams/logos/season/2023-24/BOS_logo.svg","https://stats.nba.com/player/1630214","https://ak-static.cms.nba.com/wp-content/uploads/headshots/nba/latest/260x190/1630214.png","https://ak-static.cms.nba.com/wp-content/uploads/headshots/nba/latest/260x190/1630214.png","https://stats.nba.com/media/players/700/1630214.png","https://stats.nba.com/media/img/league/nba-headshot-fallback.png"
"720",22292,2024,"2023-24","NBA","Regular Season","2024-03-22",22301011,70,"Boston Celtics",1610612738,TRUE,FALSE,FALSE,"A","BOS @ DET","BOS",1,0,"DET","BOS","DET","W","JD Davison",6,9,20,1631120,TRUE,1,1,1,1,1,1,NA,TRUE,0,0,0,3,0,0,0,0,0,1,0,0,0,0,3,6,4.5,"https://stats.nba.com/media/img/teams/logos/season/2023-24/BOS_logo.svg","https://stats.nba.com/player/1631120","https://ak-static.cms.nba.com/wp-content/uploads/headshots/nba/latest/260x190/1631120.png","https://ak-static.cms.nba.com/wp-content/uploads/headshots/nba/latest/260x190/1631120.png","https://stats.nba.com/media/players/700/1631120.png","https://stats.nba.com/media/img/league/nba-headshot-fallback.png"
"721",22318,2024,"2023-24","NBA","Regular Season","2024-03-22",22301011,70,"Boston Celtics",1610612738,TRUE,FALSE,FALSE,"A","BOS @ DET","BOS",1,0,"DET","BOS","DET","W","Derrick White",65,1,0,1628401,TRUE,5,14,0.357,1,7,0.142857142857143,0.889,TRUE,4,7,0.571428571428571,36,8,9,2,6,8,11,0,1,1,1,19,23,47.1,"https://stats.nba.com/media/img/teams/logos/season/2023-24/BOS_logo.svg","https://stats.nba.com/player/1628401","https://ak-static.cms.nba.com/wp-content/uploads/headshots/nba/latest/260x190/1628401.png","https://ak-static.cms.nba.com/wp-content/uploads/headshots/nba/latest/260x190/1628401.png","https://stats.nba.com/media/players/700/1628401.png","https://ak-static.cms.nba.com/wp-content/uploads/headshots/nba/latest/260x190/1628401.png"
"722",22319,2024,"2023-24","NBA","Regular Season","2024-03-22",22301011,70,"Boston Celtics",1610612738,TRUE,FALSE,FALSE,"A","BOS @ DET","BOS",1,0,"DET","BOS","DET","W","Jaden Springer",43,3,0,1630531,TRUE,0,0,NA,0,0,0,NA,TRUE,0,0,0,3,0,0,0,0,0,0,0,0,0,0,0,6,0,"https://stats.nba.com/media/img/teams/logos/season/2023-24/BOS_logo.svg","https://stats.nba.com/player/1630531","https://ak-static.cms.nba.com/wp-content/uploads/headshots/nba/latest/260x190/1630531.png","https://ak-static.cms.nba.com/wp-content/uploads/headshots/nba/latest/260x190/1630531.png","https://stats.nba.com/media/players/700/1630531.png","https://stats.nba.com/media/img/league/nba-headshot-fallback.png"
"723",22356,2024,"2023-24","NBA","Regular Season","2024-03-22",22301011,70,"Boston Celtics",1610612738,TRUE,FALSE,FALSE,"A","BOS @ DET","BOS",1,0,"DET","BOS","DET","W","Kristaps Porziņģis",49,1,2,204001,TRUE,7,15,0.467,2,6,0.333333333333333,0.75,TRUE,5,9,0.555555555555556,26,3,4,2,2,4,1,3,2,0,5,19,22,40.3,"https://stats.nba.com/media/img/teams/logos/season/2023-24/BOS_logo.svg","https://stats.nba.com/player/204001","https://stats.nba.com/media/players/230x185/204001.png","https://ak-static.cms.nba.com/wp-content/uploads/headshots/nba/latest/260x190/204001.png","https://stats.nba.com/media/players/700/204001.png","https://ak-static.cms.nba.com/wp-content/uploads/headshots/nba/latest/260x190/204001.png"
"724",22357,2024,"2023-24","NBA","Regular Season","2024-03-22",22301011,70,"Boston Celtics",1610612738,TRUE,FALSE,FALSE,"A","BOS @ DET","BOS",1,0,"DET","BOS","DET","W","Luke Kornet",52,1,0,1628436,TRUE,1,2,0.5,0,0,0,0.5,TRUE,1,2,0.5,17,1,2,1,2,3,4,0,1,0,2,3,-1,15.6,"https://stats.nba.com/media/img/teams/logos/season/2023-24/BOS_logo.svg","https://stats.nba.com/player/1628436","https://ak-static.cms.nba.com/wp-content/uploads/headshots/nba/latest/260x190/1628436.png","https://ak-static.cms.nba.com/wp-content/uploads/headshots/nba/latest/260x190/1628436.png","https://stats.nba.com/media/players/700/1628436.png","https://ak-static.cms.nba.com/wp-content/uploads/headshots/nba/latest/260x190/1628436.png"
"725",22358,2024,"2023-24","NBA","Regular Season","2024-03-22",22301011,70,"Boston Celtics",1610612738,TRUE,FALSE,FALSE,"A","BOS @ DET","BOS",1,0,"DET","BOS","DET","W","Oshae Brissett",46,3,0,1629052,TRUE,2,2,1,1,1,1,0.5,TRUE,1,1,1,19,1,2,0,2,2,1,0,1,0,1,6,19,12.9,"https://stats.nba.com/media/img/teams/logos/season/2023-24/BOS_logo.svg","https://stats.nba.com/player/1629052","https://ak-static.cms.nba.com/wp-content/uploads/headshots/nba/latest/260x190/1629052.png","https://ak-static.cms.nba.com/wp-content/uploads/headshots/nba/latest/260x190/1629052.png","https://stats.nba.com/media/players/700/1629052.png","https://stats.nba.com/media/img/league/nba-headshot-fallback.png"
"726",22359,2024,"2023-24","NBA","Regular Season","2024-03-22",22301011,70,"Boston Celtics",1610612738,TRUE,FALSE,FALSE,"A","BOS @ DET","BOS",1,0,"DET","BOS","DET","W","Sam Hauser",67,4,0,1630573,TRUE,5,14,0.357,4,11,0.363636363636364,NA,TRUE,1,3,0.333333333333333,24,0,0,0,4,4,1,1,0,0,1,14,15,23.3,"https://stats.nba.com/media/img/teams/logos/season/2023-24/BOS_logo.svg","https://stats.nba.com/player/1630573","https://ak-static.cms.nba.com/wp-content/uploads/headshots/nba/latest/260x190/1630573.png","https://ak-static.cms.nba.com/wp-content/uploads/headshots/nba/latest/260x190/1630573.png","https://stats.nba.com/media/players/700/1630573.png","https://stats.nba.com/media/img/league/nba-headshot-fallback.png"
"727",22360,2024,"2023-24","NBA","Regular Season","2024-03-22",22301011,70,"Boston Celtics",1610612738,TRUE,FALSE,FALSE,"A","BOS @ DET","BOS",1,0,"DET","BOS","DET","W","Jordan Walsh",6,3,13,1641775,TRUE,1,2,0.5,0,1,0,NA,TRUE,1,1,1,3,0,0,0,0,0,0,0,0,0,1,2,6,2,"https://stats.nba.com/media/img/teams/logos/season/2023-24/BOS_logo.svg","https://stats.nba.com/player/1641775","https://ak-static.cms.nba.com/wp-content/uploads/headshots/nba/latest/260x190/1641775.png","https://ak-static.cms.nba.com/wp-content/uploads/headshots/nba/latest/260x190/1641775.png","https://stats.nba.com/media/players/700/1641775.png","https://stats.nba.com/media/img/league/nba-headshot-fallback.png"
"728",22418,2024,"2023-24","NBA","Regular Season","2024-03-22",22301011,70,"Boston Celtics",1610612738,TRUE,FALSE,FALSE,"A","BOS @ DET","BOS",1,0,"DET","BOS","DET","W","Jaylen Brown",63,1,2,1627759,TRUE,13,19,0.684,3,8,0.375,0.571,TRUE,10,11,0.909090909090909,33,4,7,0,4,4,0,4,0,4,1,33,9,45.8,"https://stats.nba.com/media/img/teams/logos/season/2023-24/BOS_logo.svg","https://stats.nba.com/player/1627759","https://stats.nba.com/media/players/230x185/1627759.png","https://ak-static.cms.nba.com/wp-content/uploads/headshots/nba/latest/260x190/1627759.png","https://stats.nba.com/media/players/700/1627759.png","https://ak-static.cms.nba.com/wp-content/uploads/headshots/nba/latest/260x190/1627759.png"
"729",22419,2024,"2023-24","NBA","Regular Season","2024-03-22",22301011,70,"Boston Celtics",1610612738,TRUE,FALSE,FALSE,"A","BOS @ DET","BOS",1,0,"DET","BOS","DET","W","Neemias Queta",26,4,20,1629674,TRUE,2,2,1,0,0,0,0.5,TRUE,2,2,1,3,1,2,1,1,2,2,1,0,0,0,5,6,13.4,"https://stats.nba.com/media/img/teams/logos/season/2023-24/BOS_logo.svg","https://stats.nba.com/player/1629674","https://ak-static.cms.nba.com/wp-content/uploads/headshots/nba/latest/260x190/1629674.png","https://ak-static.cms.nba.com/wp-content/uploads/headshots/nba/latest/260x190/1629674.png","https://stats.nba.com/media/players/700/1629674.png","https://stats.nba.com/media/img/league/nba-headshot-fallback.png"
"730",22459,2024,"2023-24","NBA","Regular Season","2024-03-23",22301023,71,"Boston Celtics",1610612738,TRUE,FALSE,TRUE,"A","BOS @ CHI","BOS",0,1,"CHI","BOS","CHI","W","Luke Kornet",53,0,1,1628436,TRUE,4,5,0.8,0,0,0,NA,TRUE,4,5,0.8,31,0,0,5,8,13,4,0,2,1,2,8,3,34.6,"https://stats.nba.com/media/img/teams/logos/season/2023-24/BOS_logo.svg","https://stats.nba.com/player/1628436","https://ak-static.cms.nba.com/wp-content/uploads/headshots/nba/latest/260x190/1628436.png","https://ak-static.cms.nba.com/wp-content/uploads/headshots/nba/latest/260x190/1628436.png","https://stats.nba.com/media/players/700/1628436.png","https://ak-static.cms.nba.com/wp-content/uploads/headshots/nba/latest/260x190/1628436.png"
"731",22460,2024,"2023-24","NBA","Regular Season","2024-03-23",22301023,71,"Boston Celtics",1610612738,TRUE,FALSE,TRUE,"A","BOS @ CHI","BOS",0,1,"CHI","BOS","CHI","W","Xavier Tillman",45,0,4,1630214,TRUE,1,2,0.5,0,1,0,NA,TRUE,1,1,1,11,0,0,0,2,2,2,0,0,0,1,2,0,7.4,"https://stats.nba.com/media/img/teams/logos/season/2023-24/BOS_logo.svg","https://stats.nba.com/player/1630214","https://ak-static.cms.nba.com/wp-content/uploads/headshots/nba/latest/260x190/1630214.png","https://ak-static.cms.nba.com/wp-content/uploads/headshots/nba/latest/260x190/1630214.png","https://stats.nba.com/media/players/700/1630214.png","https://stats.nba.com/media/img/league/nba-headshot-fallback.png"
"732",22461,2024,"2023-24","NBA","Regular Season","2024-03-23",22301023,71,"Boston Celtics",1610612738,TRUE,FALSE,TRUE,"A","BOS @ CHI","BOS",0,1,"CHI","BOS","CHI","W","Jaden Springer",44,0,1,1630531,TRUE,0,0,NA,0,0,0,NA,TRUE,0,0,0,0,0,0,0,0,0,0,0,0,0,0,0,0,0,"https://stats.nba.com/media/img/teams/logos/season/2023-24/BOS_logo.svg","https://stats.nba.com/player/1630531","https://ak-static.cms.nba.com/wp-content/uploads/headshots/nba/latest/260x190/1630531.png","https://ak-static.cms.nba.com/wp-content/uploads/headshots/nba/latest/260x190/1630531.png","https://stats.nba.com/media/players/700/1630531.png","https://stats.nba.com/media/img/league/nba-headshot-fallback.png"
"733",22487,2024,"2023-24","NBA","Regular Season","2024-03-23",22301023,71,"Boston Celtics",1610612738,TRUE,FALSE,TRUE,"A","BOS @ CHI","BOS",0,1,"CHI","BOS","CHI","W","Payton Pritchard",71,0,1,1630202,TRUE,5,13,0.385,2,6,0.333333333333333,1,TRUE,3,7,0.428571428571429,34,3,3,0,3,3,8,1,0,0,1,15,17,33.6,"https://stats.nba.com/media/img/teams/logos/season/2023-24/BOS_logo.svg","https://stats.nba.com/player/1630202","https://ak-static.cms.nba.com/wp-content/uploads/headshots/nba/latest/260x190/1630202.png","https://ak-static.cms.nba.com/wp-content/uploads/headshots/nba/latest/260x190/1630202.png","https://stats.nba.com/media/players/700/1630202.png","https://stats.nba.com/media/img/league/nba-headshot-fallback.png"
"734",22511,2024,"2023-24","NBA","Regular Season","2024-03-23",22301023,71,"Boston Celtics",1610612738,TRUE,FALSE,TRUE,"A","BOS @ CHI","BOS",0,1,"CHI","BOS","CHI","W","Sam Hauser",68,0,1,1630573,TRUE,8,9,0.889,7,8,0.875,NA,TRUE,1,1,1,32,0,0,1,4,5,1,2,0,2,0,23,8,34.5,"https://stats.nba.com/media/img/teams/logos/season/2023-24/BOS_logo.svg","https://stats.nba.com/player/1630573","https://ak-static.cms.nba.com/wp-content/uploads/headshots/nba/latest/260x190/1630573.png","https://ak-static.cms.nba.com/wp-content/uploads/headshots/nba/latest/260x190/1630573.png","https://stats.nba.com/media/players/700/1630573.png","https://stats.nba.com/media/img/league/nba-headshot-fallback.png"
"735",22548,2024,"2023-24","NBA","Regular Season","2024-03-23",22301023,71,"Boston Celtics",1610612738,TRUE,FALSE,TRUE,"A","BOS @ CHI","BOS",0,1,"CHI","BOS","CHI","W","Al Horford",58,2,1,201143,TRUE,8,16,0.5,5,10,0.5,1,TRUE,3,6,0.5,31,2,2,2,6,8,1,0,0,2,1,23,9,32.1,"https://stats.nba.com/media/img/teams/logos/season/2023-24/BOS_logo.svg","https://stats.nba.com/player/201143","https://stats.nba.com/media/players/230x185/201143.png","https://ak-static.cms.nba.com/wp-content/uploads/headshots/nba/latest/260x190/201143.png","https://stats.nba.com/media/players/700/201143.png","https://ak-static.cms.nba.com/wp-content/uploads/headshots/nba/latest/260x190/201143.png"
"736",22549,2024,"2023-24","NBA","Regular Season","2024-03-23",22301023,71,"Boston Celtics",1610612738,TRUE,FALSE,TRUE,"A","BOS @ CHI","BOS",0,1,"CHI","BOS","CHI","W","Oshae Brissett",47,0,1,1629052,TRUE,3,3,1,1,1,1,NA,TRUE,2,2,1,17,0,0,3,1,4,0,0,0,1,1,7,4,10.8,"https://stats.nba.com/media/img/teams/logos/season/2023-24/BOS_logo.svg","https://stats.nba.com/player/1629052","https://ak-static.cms.nba.com/wp-content/uploads/headshots/nba/latest/260x190/1629052.png","https://ak-static.cms.nba.com/wp-content/uploads/headshots/nba/latest/260x190/1629052.png","https://stats.nba.com/media/players/700/1629052.png","https://stats.nba.com/media/img/league/nba-headshot-fallback.png"
"737",22585,2024,"2023-24","NBA","Regular Season","2024-03-23",22301023,71,"Boston Celtics",1610612738,TRUE,FALSE,TRUE,"A","BOS @ CHI","BOS",0,1,"CHI","BOS","CHI","W","Jayson Tatum",66,2,1,1628369,TRUE,8,20,0.4,2,7,0.285714285714286,0.889,TRUE,6,13,0.461538461538462,37,8,9,1,1,2,6,1,1,5,1,26,5,38.4,"https://stats.nba.com/media/img/teams/logos/season/2023-24/BOS_logo.svg","https://stats.nba.com/player/1628369","https://ak-static.cms.nba.com/wp-content/uploads/headshots/nba/latest/260x190/1628369.png","https://ak-static.cms.nba.com/wp-content/uploads/headshots/nba/latest/260x190/1628369.png","https://stats.nba.com/media/players/700/1628369.png","https://ak-static.cms.nba.com/wp-content/uploads/headshots/nba/latest/260x190/1628369.png"
"738",22586,2024,"2023-24","NBA","Regular Season","2024-03-23",22301023,71,"Boston Celtics",1610612738,TRUE,FALSE,TRUE,"A","BOS @ CHI","BOS",0,1,"CHI","BOS","CHI","W","Derrick White",66,0,4,1628401,TRUE,6,14,0.429,3,11,0.272727272727273,0.667,TRUE,3,3,1,38,2,3,0,3,3,6,1,0,1,1,17,8,31.6,"https://stats.nba.com/media/img/teams/logos/season/2023-24/BOS_logo.svg","https://stats.nba.com/player/1628401","https://ak-static.cms.nba.com/wp-content/uploads/headshots/nba/latest/260x190/1628401.png","https://ak-static.cms.nba.com/wp-content/uploads/headshots/nba/latest/260x190/1628401.png","https://stats.nba.com/media/players/700/1628401.png","https://ak-static.cms.nba.com/wp-content/uploads/headshots/nba/latest/260x190/1628401.png"
"739",22587,2024,"2023-24","NBA","Regular Season","2024-03-23",22301023,71,"Boston Celtics",1610612738,TRUE,FALSE,TRUE,"A","BOS @ CHI","BOS",0,1,"CHI","BOS","CHI","W","Svi Mykhailiuk",32,0,1,1629004,TRUE,1,4,0.25,1,4,0.25,NA,TRUE,0,0,0,9,0,0,0,1,1,0,0,0,0,1,3,1,4.2,"https://stats.nba.com/media/img/teams/logos/season/2023-24/BOS_logo.svg","https://stats.nba.com/player/1629004","https://ak-static.cms.nba.com/wp-content/uploads/headshots/nba/latest/260x190/1629004.png","https://ak-static.cms.nba.com/wp-content/uploads/headshots/nba/latest/260x190/1629004.png","https://stats.nba.com/media/players/700/1629004.png","https://ak-static.cms.nba.com/wp-content/uploads/headshots/nba/latest/260x190/1629004.png"
"740",22759,2024,"2023-24","NBA","Regular Season","2024-03-25",22301034,72,"Boston Celtics",1610612738,FALSE,FALSE,FALSE,"A","BOS @ ATL","BOS",1,2,"ATL","ATL","BOS","L","Oshae Brissett",48,1,6,1629052,FALSE,0,0,NA,0,0,0,NA,TRUE,0,0,0,11,0,0,0,1,1,2,0,0,0,1,0,12,4.2,"https://stats.nba.com/media/img/teams/logos/season/2023-24/BOS_logo.svg","https://stats.nba.com/player/1629052","https://ak-static.cms.nba.com/wp-content/uploads/headshots/nba/latest/260x190/1629052.png","https://ak-static.cms.nba.com/wp-content/uploads/headshots/nba/latest/260x190/1629052.png","https://stats.nba.com/media/players/700/1629052.png","https://stats.nba.com/media/img/league/nba-headshot-fallback.png"
"741",22799,2024,"2023-24","NBA","Regular Season","2024-03-25",22301034,72,"Boston Celtics",1610612738,FALSE,FALSE,FALSE,"A","BOS @ ATL","BOS",1,2,"ATL","ATL","BOS","L","Jayson Tatum",67,1,2,1628369,FALSE,13,26,0.5,2,7,0.285714285714286,0.818,TRUE,11,19,0.578947368421053,39,9,11,2,6,8,5,2,1,2,1,37,3,61.1,"https://stats.nba.com/media/img/teams/logos/season/2023-24/BOS_logo.svg","https://stats.nba.com/player/1628369","https://ak-static.cms.nba.com/wp-content/uploads/headshots/nba/latest/260x190/1628369.png","https://ak-static.cms.nba.com/wp-content/uploads/headshots/nba/latest/260x190/1628369.png","https://stats.nba.com/media/players/700/1628369.png","https://ak-static.cms.nba.com/wp-content/uploads/headshots/nba/latest/260x190/1628369.png"
"742",22800,2024,"2023-24","NBA","Regular Season","2024-03-25",22301034,72,"Boston Celtics",1610612738,FALSE,FALSE,FALSE,"A","BOS @ ATL","BOS",1,2,"ATL","ATL","BOS","L","Luke Kornet",54,1,2,1628436,FALSE,2,2,1,0,0,0,NA,TRUE,2,2,1,10,0,0,0,0,0,0,0,0,0,0,4,4,4,"https://stats.nba.com/media/img/teams/logos/season/2023-24/BOS_logo.svg","https://stats.nba.com/player/1628436","https://ak-static.cms.nba.com/wp-content/uploads/headshots/nba/latest/260x190/1628436.png","https://ak-static.cms.nba.com/wp-content/uploads/headshots/nba/latest/260x190/1628436.png","https://stats.nba.com/media/players/700/1628436.png","https://ak-static.cms.nba.com/wp-content/uploads/headshots/nba/latest/260x190/1628436.png"
"743",22801,2024,"2023-24","NBA","Regular Season","2024-03-25",22301034,72,"Boston Celtics",1610612738,FALSE,FALSE,FALSE,"A","BOS @ ATL","BOS",1,2,"ATL","ATL","BOS","L","Payton Pritchard",72,1,2,1630202,FALSE,7,12,0.583,1,5,0.2,0,TRUE,6,7,0.857142857142857,28,0,2,1,4,5,6,0,0,0,3,15,-5,30,"https://stats.nba.com/media/img/teams/logos/season/2023-24/BOS_logo.svg","https://stats.nba.com/player/1630202","https://ak-static.cms.nba.com/wp-content/uploads/headshots/nba/latest/260x190/1630202.png","https://ak-static.cms.nba.com/wp-content/uploads/headshots/nba/latest/260x190/1630202.png","https://stats.nba.com/media/players/700/1630202.png","https://stats.nba.com/media/img/league/nba-headshot-fallback.png"
"744",22845,2024,"2023-24","NBA","Regular Season","2024-03-25",22301034,72,"Boston Celtics",1610612738,FALSE,FALSE,FALSE,"A","BOS @ ATL","BOS",1,2,"ATL","ATL","BOS","L","Al Horford",59,1,4,201143,FALSE,3,5,0.6,1,2,0.5,NA,TRUE,2,3,0.666666666666667,36,0,0,1,8,9,2,1,1,1,1,7,-5,25.8,"https://stats.nba.com/media/img/teams/logos/season/2023-24/BOS_logo.svg","https://stats.nba.com/player/201143","https://stats.nba.com/media/players/230x185/201143.png","https://ak-static.cms.nba.com/wp-content/uploads/headshots/nba/latest/260x190/201143.png","https://stats.nba.com/media/players/700/201143.png","https://ak-static.cms.nba.com/wp-content/uploads/headshots/nba/latest/260x190/201143.png"
"745",22846,2024,"2023-24","NBA","Regular Season","2024-03-25",22301034,72,"Boston Celtics",1610612738,FALSE,FALSE,FALSE,"A","BOS @ ATL","BOS",1,2,"ATL","ATL","BOS","L","Kristaps Porziņģis",50,2,2,204001,FALSE,7,14,0.5,1,4,0.25,1,TRUE,6,10,0.6,34,2,2,5,0,5,2,0,3,3,3,17,-7,32,"https://stats.nba.com/media/img/teams/logos/season/2023-24/BOS_logo.svg","https://stats.nba.com/player/204001","https://stats.nba.com/media/players/230x185/204001.png","https://ak-static.cms.nba.com/wp-content/uploads/headshots/nba/latest/260x190/204001.png","https://stats.nba.com/media/players/700/204001.png","https://ak-static.cms.nba.com/wp-content/uploads/headshots/nba/latest/260x190/204001.png"
"746",22892,2024,"2023-24","NBA","Regular Season","2024-03-25",22301034,72,"Boston Celtics",1610612738,FALSE,FALSE,FALSE,"A","BOS @ ATL","BOS",1,2,"ATL","ATL","BOS","L","Jaylen Brown",64,2,2,1627759,FALSE,10,22,0.455,2,7,0.285714285714286,0.5,TRUE,8,15,0.533333333333333,37,2,4,2,2,4,1,2,0,1,3,24,-2,35.3,"https://stats.nba.com/media/img/teams/logos/season/2023-24/BOS_logo.svg","https://stats.nba.com/player/1627759","https://stats.nba.com/media/players/230x185/1627759.png","https://ak-static.cms.nba.com/wp-content/uploads/headshots/nba/latest/260x190/1627759.png","https://stats.nba.com/media/players/700/1627759.png","https://ak-static.cms.nba.com/wp-content/uploads/headshots/nba/latest/260x190/1627759.png"
"747",22893,2024,"2023-24","NBA","Regular Season","2024-03-25",22301034,72,"Boston Celtics",1610612738,FALSE,FALSE,FALSE,"A","BOS @ ATL","BOS",1,2,"ATL","ATL","BOS","L","Svi Mykhailiuk",33,1,6,1629004,FALSE,2,2,1,2,2,1,NA,TRUE,0,0,0,11,0,0,0,0,0,3,0,0,0,0,6,0,10.5,"https://stats.nba.com/media/img/teams/logos/season/2023-24/BOS_logo.svg","https://stats.nba.com/player/1629004","https://ak-static.cms.nba.com/wp-content/uploads/headshots/nba/latest/260x190/1629004.png","https://ak-static.cms.nba.com/wp-content/uploads/headshots/nba/latest/260x190/1629004.png","https://stats.nba.com/media/players/700/1629004.png","https://ak-static.cms.nba.com/wp-content/uploads/headshots/nba/latest/260x190/1629004.png"
"748",22894,2024,"2023-24","NBA","Regular Season","2024-03-25",22301034,72,"Boston Celtics",1610612738,FALSE,FALSE,FALSE,"A","BOS @ ATL","BOS",1,2,"ATL","ATL","BOS","L","Sam Hauser",69,1,2,1630573,FALSE,2,10,0.2,2,10,0.2,NA,TRUE,0,0,0,27,0,0,1,4,5,0,2,2,0,2,6,-7,24,"https://stats.nba.com/media/img/teams/logos/season/2023-24/BOS_logo.svg","https://stats.nba.com/player/1630573","https://ak-static.cms.nba.com/wp-content/uploads/headshots/nba/latest/260x190/1630573.png","https://ak-static.cms.nba.com/wp-content/uploads/headshots/nba/latest/260x190/1630573.png","https://stats.nba.com/media/players/700/1630573.png","https://stats.nba.com/media/img/league/nba-headshot-fallback.png"
"749",22949,2024,"2023-24","NBA","Regular Season","2024-03-25",22301034,72,"Boston Celtics",1610612738,FALSE,FALSE,FALSE,"A","BOS @ ATL","BOS",1,2,"ATL","ATL","BOS","L","Jaden Springer",45,1,12,1630531,FALSE,1,2,0.5,0,1,0,NA,TRUE,1,1,1,8,0,0,0,1,1,0,0,1,0,2,2,-3,6.2,"https://stats.nba.com/media/img/teams/logos/season/2023-24/BOS_logo.svg","https://stats.nba.com/player/1630531","https://ak-static.cms.nba.com/wp-content/uploads/headshots/nba/latest/260x190/1630531.png","https://ak-static.cms.nba.com/wp-content/uploads/headshots/nba/latest/260x190/1630531.png","https://stats.nba.com/media/players/700/1630531.png","https://stats.nba.com/media/img/league/nba-headshot-fallback.png"
"750",23352,2024,"2023-24","NBA","Regular Season","2024-03-28",22301060,73,"Boston Celtics",1610612738,FALSE,FALSE,FALSE,"A","BOS @ ATL","BOS",2,1,"ATL","ATL","BOS","L","Luke Kornet",55,2,3,1628436,FALSE,1,1,1,0,0,0,1,TRUE,1,1,1,13,2,2,1,2,3,0,1,0,0,0,4,3,10.6,"https://stats.nba.com/media/img/teams/logos/season/2023-24/BOS_logo.svg","https://stats.nba.com/player/1628436","https://ak-static.cms.nba.com/wp-content/uploads/headshots/nba/latest/260x190/1628436.png","https://ak-static.cms.nba.com/wp-content/uploads/headshots/nba/latest/260x190/1628436.png","https://stats.nba.com/media/players/700/1628436.png","https://ak-static.cms.nba.com/wp-content/uploads/headshots/nba/latest/260x190/1628436.png"
"751",23353,2024,"2023-24","NBA","Regular Season","2024-03-28",22301060,73,"Boston Celtics",1610612738,FALSE,FALSE,FALSE,"A","BOS @ ATL","BOS",2,1,"ATL","ATL","BOS","L","Sam Hauser",70,2,1,1630573,FALSE,3,6,0.5,2,4,0.5,NA,TRUE,1,2,0.5,23,0,0,0,2,2,3,0,0,0,1,8,3,14.9,"https://stats.nba.com/media/img/teams/logos/season/2023-24/BOS_logo.svg","https://stats.nba.com/player/1630573","https://ak-static.cms.nba.com/wp-content/uploads/headshots/nba/latest/260x190/1630573.png","https://ak-static.cms.nba.com/wp-content/uploads/headshots/nba/latest/260x190/1630573.png","https://stats.nba.com/media/players/700/1630573.png","https://stats.nba.com/media/img/league/nba-headshot-fallback.png"
"752",23361,2024,"2023-24","NBA","Regular Season","2024-03-28",22301060,73,"Boston Celtics",1610612738,FALSE,FALSE,FALSE,"A","BOS @ ATL","BOS",2,1,"ATL","ATL","BOS","L","Kristaps Porziņģis",51,2,1,204001,FALSE,8,20,0.4,2,7,0.285714285714286,0.667,TRUE,6,13,0.461538461538462,41,2,3,2,5,7,2,1,3,3,3,20,-4,40.4,"https://stats.nba.com/media/img/teams/logos/season/2023-24/BOS_logo.svg","https://stats.nba.com/player/204001","https://stats.nba.com/media/players/230x185/204001.png","https://ak-static.cms.nba.com/wp-content/uploads/headshots/nba/latest/260x190/204001.png","https://stats.nba.com/media/players/700/204001.png","https://ak-static.cms.nba.com/wp-content/uploads/headshots/nba/latest/260x190/204001.png"
"753",23362,2024,"2023-24","NBA","Regular Season","2024-03-28",22301060,73,"Boston Celtics",1610612738,FALSE,FALSE,FALSE,"A","BOS @ ATL","BOS",2,1,"ATL","ATL","BOS","L","Jayson Tatum",68,2,1,1628369,FALSE,9,22,0.409,2,7,0.285714285714286,0.846,TRUE,7,15,0.466666666666667,45,11,13,3,10,13,6,0,0,2,3,31,-11,53.6,"https://stats.nba.com/media/img/teams/logos/season/2023-24/BOS_logo.svg","https://stats.nba.com/player/1628369","https://ak-static.cms.nba.com/wp-content/uploads/headshots/nba/latest/260x190/1628369.png","https://ak-static.cms.nba.com/wp-content/uploads/headshots/nba/latest/260x190/1628369.png","https://stats.nba.com/media/players/700/1628369.png","https://ak-static.cms.nba.com/wp-content/uploads/headshots/nba/latest/260x190/1628369.png"
"754",23365,2024,"2023-24","NBA","Regular Season","2024-03-28",22301060,73,"Boston Celtics",1610612738,FALSE,FALSE,FALSE,"A","BOS @ ATL","BOS",2,1,"ATL","ATL","BOS","L","Jrue Holiday",62,10,1,201950,FALSE,5,11,0.455,3,6,0.5,NA,TRUE,2,5,0.4,37,0,0,1,6,7,5,1,1,0,1,13,-1,34.9,"https://stats.nba.com/media/img/teams/logos/season/2023-24/BOS_logo.svg","https://stats.nba.com/player/201950","https://stats.nba.com/media/players/230x185/201950.png","https://ak-static.cms.nba.com/wp-content/uploads/headshots/nba/latest/260x190/201950.png","https://stats.nba.com/media/players/700/201950.png","https://ak-static.cms.nba.com/wp-content/uploads/headshots/nba/latest/260x190/201950.png"
"755",23366,2024,"2023-24","NBA","Regular Season","2024-03-28",22301060,73,"Boston Celtics",1610612738,FALSE,FALSE,FALSE,"A","BOS @ ATL","BOS",2,1,"ATL","ATL","BOS","L","Jaylen Brown",65,2,1,1627759,FALSE,9,17,0.529,0,3,0,NA,TRUE,9,14,0.642857142857143,39,0,0,0,1,1,4,2,2,3,3,18,8,34.2,"https://stats.nba.com/media/img/teams/logos/season/2023-24/BOS_logo.svg","https://stats.nba.com/player/1627759","https://stats.nba.com/media/players/230x185/1627759.png","https://ak-static.cms.nba.com/wp-content/uploads/headshots/nba/latest/260x190/1627759.png","https://stats.nba.com/media/players/700/1627759.png","https://ak-static.cms.nba.com/wp-content/uploads/headshots/nba/latest/260x190/1627759.png"
"756",23367,2024,"2023-24","NBA","Regular Season","2024-03-28",22301060,73,"Boston Celtics",1610612738,FALSE,FALSE,FALSE,"A","BOS @ ATL","BOS",2,1,"ATL","ATL","BOS","L","Payton Pritchard",73,2,1,1630202,FALSE,1,3,0.333,0,1,0,1,TRUE,1,2,0.5,19,2,2,0,1,1,2,1,0,1,1,4,-11,10.2,"https://stats.nba.com/media/img/teams/logos/season/2023-24/BOS_logo.svg","https://stats.nba.com/player/1630202","https://ak-static.cms.nba.com/wp-content/uploads/headshots/nba/latest/260x190/1630202.png","https://ak-static.cms.nba.com/wp-content/uploads/headshots/nba/latest/260x190/1630202.png","https://stats.nba.com/media/players/700/1630202.png","https://stats.nba.com/media/img/league/nba-headshot-fallback.png"
"757",23368,2024,"2023-24","NBA","Regular Season","2024-03-28",22301060,73,"Boston Celtics",1610612738,FALSE,FALSE,FALSE,"A","BOS @ ATL","BOS",2,1,"ATL","ATL","BOS","L","Xavier Tillman",46,4,1,1630214,FALSE,1,3,0.333,0,2,0,NA,TRUE,1,1,1,9,0,0,0,2,2,1,0,0,0,0,2,5,5.9,"https://stats.nba.com/media/img/teams/logos/season/2023-24/BOS_logo.svg","https://stats.nba.com/player/1630214","https://ak-static.cms.nba.com/wp-content/uploads/headshots/nba/latest/260x190/1630214.png","https://ak-static.cms.nba.com/wp-content/uploads/headshots/nba/latest/260x190/1630214.png","https://stats.nba.com/media/players/700/1630214.png","https://stats.nba.com/media/img/league/nba-headshot-fallback.png"
"758",23380,2024,"2023-24","NBA","Regular Season","2024-03-28",22301060,73,"Boston Celtics",1610612738,FALSE,FALSE,FALSE,"A","BOS @ ATL","BOS",2,1,"ATL","ATL","BOS","L","Derrick White",67,4,1,1628401,FALSE,8,11,0.727,5,6,0.833333333333333,1,TRUE,3,5,0.6,41,1,1,2,5,7,5,1,0,3,3,22,3,37.9,"https://stats.nba.com/media/img/teams/logos/season/2023-24/BOS_logo.svg","https://stats.nba.com/player/1628401","https://ak-static.cms.nba.com/wp-content/uploads/headshots/nba/latest/260x190/1628401.png","https://ak-static.cms.nba.com/wp-content/uploads/headshots/nba/latest/260x190/1628401.png","https://stats.nba.com/media/players/700/1628401.png","https://ak-static.cms.nba.com/wp-content/uploads/headshots/nba/latest/260x190/1628401.png"
"759",23645,2024,"2023-24","NBA","Regular Season","2024-03-30",22301074,74,"Boston Celtics",1610612738,FALSE,FALSE,FALSE,"A","BOS @ NOP","BOS",1,1,"NOP","BOS","NOP","W","Jayson Tatum",69,1,1,1628369,TRUE,10,17,0.588,3,6,0.5,NA,TRUE,7,11,0.636363636363636,36,0,0,1,8,9,4,0,0,4,1,23,8,35.8,"https://stats.nba.com/media/img/teams/logos/season/2023-24/BOS_logo.svg","https://stats.nba.com/player/1628369","https://ak-static.cms.nba.com/wp-content/uploads/headshots/nba/latest/260x190/1628369.png","https://ak-static.cms.nba.com/wp-content/uploads/headshots/nba/latest/260x190/1628369.png","https://stats.nba.com/media/players/700/1628369.png","https://ak-static.cms.nba.com/wp-content/uploads/headshots/nba/latest/260x190/1628369.png"
"760",23646,2024,"2023-24","NBA","Regular Season","2024-03-30",22301074,74,"Boston Celtics",1610612738,FALSE,FALSE,FALSE,"A","BOS @ NOP","BOS",1,1,"NOP","BOS","NOP","W","Xavier Tillman",47,1,1,1630214,TRUE,1,3,0.333,0,0,0,0.5,TRUE,1,3,0.333333333333333,10,1,2,1,1,2,1,0,0,0,0,3,7,6.9,"https://stats.nba.com/media/img/teams/logos/season/2023-24/BOS_logo.svg","https://stats.nba.com/player/1630214","https://ak-static.cms.nba.com/wp-content/uploads/headshots/nba/latest/260x190/1630214.png","https://ak-static.cms.nba.com/wp-content/uploads/headshots/nba/latest/260x190/1630214.png","https://stats.nba.com/media/players/700/1630214.png","https://stats.nba.com/media/img/league/nba-headshot-fallback.png"
"761",23660,2024,"2023-24","NBA","Regular Season","2024-03-30",22301074,74,"Boston Celtics",1610612738,FALSE,FALSE,FALSE,"A","BOS @ NOP","BOS",1,1,"NOP","BOS","NOP","W","Kristaps Porziņģis",52,1,1,204001,TRUE,6,14,0.429,1,6,0.166666666666667,1,TRUE,5,8,0.625,31,6,6,0,10,10,3,2,4,2,4,19,12,51.5,"https://stats.nba.com/media/img/teams/logos/season/2023-24/BOS_logo.svg","https://stats.nba.com/player/204001","https://stats.nba.com/media/players/230x185/204001.png","https://ak-static.cms.nba.com/wp-content/uploads/headshots/nba/latest/260x190/204001.png","https://stats.nba.com/media/players/700/204001.png","https://ak-static.cms.nba.com/wp-content/uploads/headshots/nba/latest/260x190/204001.png"
"762",23661,2024,"2023-24","NBA","Regular Season","2024-03-30",22301074,74,"Boston Celtics",1610612738,FALSE,FALSE,FALSE,"A","BOS @ NOP","BOS",1,1,"NOP","BOS","NOP","W","Derrick White",68,1,1,1628401,TRUE,5,9,0.556,3,7,0.428571428571429,1,TRUE,2,2,1,32,2,2,1,2,3,3,0,0,0,1,15,9,23.1,"https://stats.nba.com/media/img/teams/logos/season/2023-24/BOS_logo.svg","https://stats.nba.com/player/1628401","https://ak-static.cms.nba.com/wp-content/uploads/headshots/nba/latest/260x190/1628401.png","https://ak-static.cms.nba.com/wp-content/uploads/headshots/nba/latest/260x190/1628401.png","https://stats.nba.com/media/players/700/1628401.png","https://ak-static.cms.nba.com/wp-content/uploads/headshots/nba/latest/260x190/1628401.png"
"763",23662,2024,"2023-24","NBA","Regular Season","2024-03-30",22301074,74,"Boston Celtics",1610612738,FALSE,FALSE,FALSE,"A","BOS @ NOP","BOS",1,1,"NOP","BOS","NOP","W","Payton Pritchard",74,1,1,1630202,TRUE,1,3,0.333,0,2,0,NA,TRUE,1,1,1,17,0,0,2,1,3,0,0,0,1,1,2,3,4.6,"https://stats.nba.com/media/img/teams/logos/season/2023-24/BOS_logo.svg","https://stats.nba.com/player/1630202","https://ak-static.cms.nba.com/wp-content/uploads/headshots/nba/latest/260x190/1630202.png","https://ak-static.cms.nba.com/wp-content/uploads/headshots/nba/latest/260x190/1630202.png","https://stats.nba.com/media/players/700/1630202.png","https://stats.nba.com/media/img/league/nba-headshot-fallback.png"
"764",23671,2024,"2023-24","NBA","Regular Season","2024-03-30",22301074,74,"Boston Celtics",1610612738,FALSE,FALSE,FALSE,"A","BOS @ NOP","BOS",1,1,"NOP","BOS","NOP","W","Jaylen Brown",66,1,3,1627759,TRUE,6,16,0.375,3,4,0.75,1,TRUE,3,12,0.25,35,2,2,2,5,7,6,1,1,2,2,17,4,38.4,"https://stats.nba.com/media/img/teams/logos/season/2023-24/BOS_logo.svg","https://stats.nba.com/player/1627759","https://stats.nba.com/media/players/230x185/1627759.png","https://ak-static.cms.nba.com/wp-content/uploads/headshots/nba/latest/260x190/1627759.png","https://stats.nba.com/media/players/700/1627759.png","https://ak-static.cms.nba.com/wp-content/uploads/headshots/nba/latest/260x190/1627759.png"
"765",23684,2024,"2023-24","NBA","Regular Season","2024-03-30",22301074,74,"Boston Celtics",1610612738,FALSE,FALSE,FALSE,"A","BOS @ NOP","BOS",1,1,"NOP","BOS","NOP","W","Sam Hauser",71,1,1,1630573,TRUE,1,3,0.333,1,3,0.333333333333333,NA,TRUE,0,0,0,14,0,0,0,3,3,1,1,0,0,1,3,1,11.1,"https://stats.nba.com/media/img/teams/logos/season/2023-24/BOS_logo.svg","https://stats.nba.com/player/1630573","https://ak-static.cms.nba.com/wp-content/uploads/headshots/nba/latest/260x190/1630573.png","https://ak-static.cms.nba.com/wp-content/uploads/headshots/nba/latest/260x190/1630573.png","https://stats.nba.com/media/players/700/1630573.png","https://stats.nba.com/media/img/league/nba-headshot-fallback.png"
"766",23698,2024,"2023-24","NBA","Regular Season","2024-03-30",22301074,74,"Boston Celtics",1610612738,FALSE,FALSE,FALSE,"A","BOS @ NOP","BOS",1,1,"NOP","BOS","NOP","W","Jrue Holiday",63,1,1,201950,TRUE,5,10,0.5,3,6,0.5,NA,TRUE,2,4,0.5,35,0,0,1,7,8,7,2,1,3,2,13,8,39.1,"https://stats.nba.com/media/img/teams/logos/season/2023-24/BOS_logo.svg","https://stats.nba.com/player/201950","https://stats.nba.com/media/players/230x185/201950.png","https://ak-static.cms.nba.com/wp-content/uploads/headshots/nba/latest/260x190/201950.png","https://stats.nba.com/media/players/700/201950.png","https://ak-static.cms.nba.com/wp-content/uploads/headshots/nba/latest/260x190/201950.png"
"767",23702,2024,"2023-24","NBA","Regular Season","2024-03-30",22301074,74,"Boston Celtics",1610612738,FALSE,FALSE,FALSE,"A","BOS @ NOP","BOS",1,1,"NOP","BOS","NOP","W","Al Horford",60,4,1,201143,TRUE,4,7,0.571,1,3,0.333333333333333,NA,TRUE,3,4,0.75,30,0,0,0,6,6,2,1,1,0,1,9,8,25.2,"https://stats.nba.com/media/img/teams/logos/season/2023-24/BOS_logo.svg","https://stats.nba.com/player/201143","https://stats.nba.com/media/players/230x185/201143.png","https://ak-static.cms.nba.com/wp-content/uploads/headshots/nba/latest/260x190/201143.png","https://stats.nba.com/media/players/700/201143.png","https://ak-static.cms.nba.com/wp-content/uploads/headshots/nba/latest/260x190/201143.png"
"768",23927,2024,"2023-24","NBA","Regular Season","2024-04-01",22301087,75,"Boston Celtics",1610612738,FALSE,FALSE,FALSE,"A","BOS @ CHA","BOS",1,1,"CHA","BOS","CHA","W","Kristaps Porziņģis",53,1,1,204001,TRUE,6,10,0.6,1,3,0.333333333333333,0.875,TRUE,5,7,0.714285714285714,30,7,8,2,5,7,5,0,1,1,1,20,11,37.9,"https://stats.nba.com/media/img/teams/logos/season/2023-24/BOS_logo.svg","https://stats.nba.com/player/204001","https://stats.nba.com/media/players/230x185/204001.png","https://ak-static.cms.nba.com/wp-content/uploads/headshots/nba/latest/260x190/204001.png","https://stats.nba.com/media/players/700/204001.png","https://ak-static.cms.nba.com/wp-content/uploads/headshots/nba/latest/260x190/204001.png"
"769",23928,2024,"2023-24","NBA","Regular Season","2024-04-01",22301087,75,"Boston Celtics",1610612738,FALSE,FALSE,FALSE,"A","BOS @ CHA","BOS",1,1,"CHA","BOS","CHA","W","Derrick White",69,1,1,1628401,TRUE,7,15,0.467,4,10,0.4,1,TRUE,3,5,0.6,36,1,1,2,7,9,5,0,1,2,3,19,13,38.3,"https://stats.nba.com/media/img/teams/logos/season/2023-24/BOS_logo.svg","https://stats.nba.com/player/1628401","https://ak-static.cms.nba.com/wp-content/uploads/headshots/nba/latest/260x190/1628401.png","https://ak-static.cms.nba.com/wp-content/uploads/headshots/nba/latest/260x190/1628401.png","https://stats.nba.com/media/players/700/1628401.png","https://ak-static.cms.nba.com/wp-content/uploads/headshots/nba/latest/260x190/1628401.png"
"770",23952,2024,"2023-24","NBA","Regular Season","2024-04-01",22301087,75,"Boston Celtics",1610612738,FALSE,FALSE,FALSE,"A","BOS @ CHA","BOS",1,1,"CHA","BOS","CHA","W","Al Horford",61,1,1,201143,TRUE,6,11,0.545,3,6,0.5,NA,TRUE,3,5,0.6,25,0,0,3,2,5,3,0,0,0,0,15,8,25.5,"https://stats.nba.com/media/img/teams/logos/season/2023-24/BOS_logo.svg","https://stats.nba.com/player/201143","https://stats.nba.com/media/players/230x185/201143.png","https://ak-static.cms.nba.com/wp-content/uploads/headshots/nba/latest/260x190/201143.png","https://stats.nba.com/media/players/700/201143.png","https://ak-static.cms.nba.com/wp-content/uploads/headshots/nba/latest/260x190/201143.png"
"771",23953,2024,"2023-24","NBA","Regular Season","2024-04-01",22301087,75,"Boston Celtics",1610612738,FALSE,FALSE,FALSE,"A","BOS @ CHA","BOS",1,1,"CHA","BOS","CHA","W","Jrue Holiday",64,1,1,201950,TRUE,1,11,0.091,0,8,0,NA,TRUE,1,3,0.333333333333333,30,0,0,1,4,5,2,0,0,1,2,2,6,10,"https://stats.nba.com/media/img/teams/logos/season/2023-24/BOS_logo.svg","https://stats.nba.com/player/201950","https://stats.nba.com/media/players/230x185/201950.png","https://ak-static.cms.nba.com/wp-content/uploads/headshots/nba/latest/260x190/201950.png","https://stats.nba.com/media/players/700/201950.png","https://ak-static.cms.nba.com/wp-content/uploads/headshots/nba/latest/260x190/201950.png"
"772",23976,2024,"2023-24","NBA","Regular Season","2024-04-01",22301087,75,"Boston Celtics",1610612738,FALSE,FALSE,FALSE,"A","BOS @ CHA","BOS",1,1,"CHA","BOS","CHA","W","Xavier Tillman",48,1,3,1630214,TRUE,0,0,NA,0,0,0,NA,TRUE,0,0,0,5,0,0,0,1,1,1,0,0,0,1,0,-2,2.7,"https://stats.nba.com/media/img/teams/logos/season/2023-24/BOS_logo.svg","https://stats.nba.com/player/1630214","https://ak-static.cms.nba.com/wp-content/uploads/headshots/nba/latest/260x190/1630214.png","https://ak-static.cms.nba.com/wp-content/uploads/headshots/nba/latest/260x190/1630214.png","https://stats.nba.com/media/players/700/1630214.png","https://stats.nba.com/media/img/league/nba-headshot-fallback.png"
"773",23999,2024,"2023-24","NBA","Regular Season","2024-04-01",22301087,75,"Boston Celtics",1610612738,FALSE,FALSE,FALSE,"A","BOS @ CHA","BOS",1,1,"CHA","BOS","CHA","W","Svi Mykhailiuk",34,6,1,1629004,TRUE,0,0,NA,0,0,0,NA,TRUE,0,0,0,1,0,0,0,0,0,0,0,0,0,0,0,-2,0,"https://stats.nba.com/media/img/teams/logos/season/2023-24/BOS_logo.svg","https://stats.nba.com/player/1629004","https://ak-static.cms.nba.com/wp-content/uploads/headshots/nba/latest/260x190/1629004.png","https://ak-static.cms.nba.com/wp-content/uploads/headshots/nba/latest/260x190/1629004.png","https://stats.nba.com/media/players/700/1629004.png","https://ak-static.cms.nba.com/wp-content/uploads/headshots/nba/latest/260x190/1629004.png"
"774",24000,2024,"2023-24","NBA","Regular Season","2024-04-01",22301087,75,"Boston Celtics",1610612738,FALSE,FALSE,FALSE,"A","BOS @ CHA","BOS",1,1,"CHA","BOS","CHA","W","Oshae Brissett",49,6,1,1629052,TRUE,0,1,0,0,1,0,0.5,TRUE,0,0,0,13,1,2,0,2,2,2,0,0,0,0,1,8,6.4,"https://stats.nba.com/media/img/teams/logos/season/2023-24/BOS_logo.svg","https://stats.nba.com/player/1629052","https://ak-static.cms.nba.com/wp-content/uploads/headshots/nba/latest/260x190/1629052.png","https://ak-static.cms.nba.com/wp-content/uploads/headshots/nba/latest/260x190/1629052.png","https://stats.nba.com/media/players/700/1629052.png","https://stats.nba.com/media/img/league/nba-headshot-fallback.png"
"775",24018,2024,"2023-24","NBA","Regular Season","2024-04-01",22301087,75,"Boston Celtics",1610612738,FALSE,FALSE,FALSE,"A","BOS @ CHA","BOS",1,1,"CHA","BOS","CHA","W","Jayson Tatum",70,1,1,1628369,TRUE,9,19,0.474,4,10,0.4,1,TRUE,5,9,0.555555555555556,34,3,3,0,10,10,4,2,1,4,2,25,14,48,"https://stats.nba.com/media/img/teams/logos/season/2023-24/BOS_logo.svg","https://stats.nba.com/player/1628369","https://ak-static.cms.nba.com/wp-content/uploads/headshots/nba/latest/260x190/1628369.png","https://ak-static.cms.nba.com/wp-content/uploads/headshots/nba/latest/260x190/1628369.png","https://stats.nba.com/media/players/700/1628369.png","https://ak-static.cms.nba.com/wp-content/uploads/headshots/nba/latest/260x190/1628369.png"
"776",24019,2024,"2023-24","NBA","Regular Season","2024-04-01",22301087,75,"Boston Celtics",1610612738,FALSE,FALSE,FALSE,"A","BOS @ CHA","BOS",1,1,"CHA","BOS","CHA","W","Luke Kornet",56,3,1,1628436,TRUE,2,2,1,0,0,0,NA,TRUE,2,2,1,13,0,0,1,3,4,1,1,0,0,0,4,1,13.3,"https://stats.nba.com/media/img/teams/logos/season/2023-24/BOS_logo.svg","https://stats.nba.com/player/1628436","https://ak-static.cms.nba.com/wp-content/uploads/headshots/nba/latest/260x190/1628436.png","https://ak-static.cms.nba.com/wp-content/uploads/headshots/nba/latest/260x190/1628436.png","https://stats.nba.com/media/players/700/1628436.png","https://ak-static.cms.nba.com/wp-content/uploads/headshots/nba/latest/260x190/1628436.png"
"777",24020,2024,"2023-24","NBA","Regular Season","2024-04-01",22301087,75,"Boston Celtics",1610612738,FALSE,FALSE,FALSE,"A","BOS @ CHA","BOS",1,1,"CHA","BOS","CHA","W","Payton Pritchard",75,1,1,1630202,TRUE,3,7,0.429,0,4,0,0.5,TRUE,3,3,1,28,1,2,1,2,3,5,0,0,1,4,7,6,17.1,"https://stats.nba.com/media/img/teams/logos/season/2023-24/BOS_logo.svg","https://stats.nba.com/player/1630202","https://ak-static.cms.nba.com/wp-content/uploads/headshots/nba/latest/260x190/1630202.png","https://ak-static.cms.nba.com/wp-content/uploads/headshots/nba/latest/260x190/1630202.png","https://stats.nba.com/media/players/700/1630202.png","https://stats.nba.com/media/img/league/nba-headshot-fallback.png"
"778",24021,2024,"2023-24","NBA","Regular Season","2024-04-01",22301087,75,"Boston Celtics",1610612738,FALSE,FALSE,FALSE,"A","BOS @ CHA","BOS",1,1,"CHA","BOS","CHA","W","Sam Hauser",72,1,1,1630573,TRUE,9,13,0.692,7,11,0.636363636363636,NA,TRUE,2,2,1,24,0,0,1,4,5,0,0,0,1,2,25,7,30,"https://stats.nba.com/media/img/teams/logos/season/2023-24/BOS_logo.svg","https://stats.nba.com/player/1630573","https://ak-static.cms.nba.com/wp-content/uploads/headshots/nba/latest/260x190/1630573.png","https://ak-static.cms.nba.com/wp-content/uploads/headshots/nba/latest/260x190/1630573.png","https://stats.nba.com/media/players/700/1630573.png","https://stats.nba.com/media/img/league/nba-headshot-fallback.png"
"779",24229,2024,"2023-24","NBA","Regular Season","2024-04-03",22301105,76,"Boston Celtics",1610612738,FALSE,FALSE,FALSE,"H","BOS vs. OKC","BOS",1,1,"OKC","BOS","OKC","W","Jrue Holiday",65,1,1,201950,TRUE,5,9,0.556,2,6,0.333333333333333,NA,TRUE,3,3,1,32,0,0,1,6,7,4,0,1,3,1,12,31,26.4,"https://stats.nba.com/media/img/teams/logos/season/2023-24/BOS_logo.svg","https://stats.nba.com/player/201950","https://stats.nba.com/media/players/230x185/201950.png","https://ak-static.cms.nba.com/wp-content/uploads/headshots/nba/latest/260x190/201950.png","https://stats.nba.com/media/players/700/201950.png","https://ak-static.cms.nba.com/wp-content/uploads/headshots/nba/latest/260x190/201950.png"
"780",24260,2024,"2023-24","NBA","Regular Season","2024-04-03",22301105,76,"Boston Celtics",1610612738,FALSE,FALSE,FALSE,"H","BOS vs. OKC","BOS",1,1,"OKC","BOS","OKC","W","Kristaps Porziņģis",54,1,1,204001,TRUE,11,14,0.786,3,3,1,1,TRUE,8,11,0.727272727272727,31,2,2,3,9,12,4,1,5,0,3,27,19,65.4,"https://stats.nba.com/media/img/teams/logos/season/2023-24/BOS_logo.svg","https://stats.nba.com/player/204001","https://stats.nba.com/media/players/230x185/204001.png","https://ak-static.cms.nba.com/wp-content/uploads/headshots/nba/latest/260x190/204001.png","https://stats.nba.com/media/players/700/204001.png","https://ak-static.cms.nba.com/wp-content/uploads/headshots/nba/latest/260x190/204001.png"
"781",24261,2024,"2023-24","NBA","Regular Season","2024-04-03",22301105,76,"Boston Celtics",1610612738,FALSE,FALSE,FALSE,"H","BOS vs. OKC","BOS",1,1,"OKC","BOS","OKC","W","Oshae Brissett",50,1,1,1629052,TRUE,0,0,NA,0,0,0,1,TRUE,0,0,0,3,2,2,0,1,1,0,0,0,0,0,2,8,3.2,"https://stats.nba.com/media/img/teams/logos/season/2023-24/BOS_logo.svg","https://stats.nba.com/player/1629052","https://ak-static.cms.nba.com/wp-content/uploads/headshots/nba/latest/260x190/1629052.png","https://ak-static.cms.nba.com/wp-content/uploads/headshots/nba/latest/260x190/1629052.png","https://stats.nba.com/media/players/700/1629052.png","https://stats.nba.com/media/img/league/nba-headshot-fallback.png"
"782",24262,2024,"2023-24","NBA","Regular Season","2024-04-03",22301105,76,"Boston Celtics",1610612738,FALSE,FALSE,FALSE,"H","BOS vs. OKC","BOS",1,1,"OKC","BOS","OKC","W","Sam Hauser",73,1,1,1630573,TRUE,4,8,0.5,2,5,0.4,NA,TRUE,2,3,0.666666666666667,22,0,0,0,2,2,0,0,0,0,3,10,11,12.4,"https://stats.nba.com/media/img/teams/logos/season/2023-24/BOS_logo.svg","https://stats.nba.com/player/1630573","https://ak-static.cms.nba.com/wp-content/uploads/headshots/nba/latest/260x190/1630573.png","https://ak-static.cms.nba.com/wp-content/uploads/headshots/nba/latest/260x190/1630573.png","https://stats.nba.com/media/players/700/1630573.png","https://stats.nba.com/media/img/league/nba-headshot-fallback.png"
"783",24297,2024,"2023-24","NBA","Regular Season","2024-04-03",22301105,76,"Boston Celtics",1610612738,FALSE,FALSE,FALSE,"H","BOS vs. OKC","BOS",1,1,"OKC","BOS","OKC","W","Jayson Tatum",71,1,1,1628369,TRUE,7,15,0.467,2,5,0.4,1,TRUE,5,10,0.5,29,8,8,3,4,7,3,1,0,0,2,24,14,39.9,"https://stats.nba.com/media/img/teams/logos/season/2023-24/BOS_logo.svg","https://stats.nba.com/player/1628369","https://ak-static.cms.nba.com/wp-content/uploads/headshots/nba/latest/260x190/1628369.png","https://ak-static.cms.nba.com/wp-content/uploads/headshots/nba/latest/260x190/1628369.png","https://stats.nba.com/media/players/700/1628369.png","https://ak-static.cms.nba.com/wp-content/uploads/headshots/nba/latest/260x190/1628369.png"
"784",24298,2024,"2023-24","NBA","Regular Season","2024-04-03",22301105,76,"Boston Celtics",1610612738,FALSE,FALSE,FALSE,"H","BOS vs. OKC","BOS",1,1,"OKC","BOS","OKC","W","Svi Mykhailiuk",35,1,1,1629004,TRUE,0,0,NA,0,0,0,NA,TRUE,0,0,0,4,0,0,0,0,0,2,0,0,0,0,0,8,3,"https://stats.nba.com/media/img/teams/logos/season/2023-24/BOS_logo.svg","https://stats.nba.com/player/1629004","https://ak-static.cms.nba.com/wp-content/uploads/headshots/nba/latest/260x190/1629004.png","https://ak-static.cms.nba.com/wp-content/uploads/headshots/nba/latest/260x190/1629004.png","https://stats.nba.com/media/players/700/1629004.png","https://ak-static.cms.nba.com/wp-content/uploads/headshots/nba/latest/260x190/1629004.png"
"785",24376,2024,"2023-24","NBA","Regular Season","2024-04-03",22301105,76,"Boston Celtics",1610612738,FALSE,FALSE,FALSE,"H","BOS vs. OKC","BOS",1,1,"OKC","BOS","OKC","W","Jaylen Brown",67,3,3,1627759,TRUE,9,20,0.45,3,9,0.333333333333333,0.667,TRUE,6,11,0.545454545454545,33,2,3,1,6,7,4,1,2,5,4,23,8,41.4,"https://stats.nba.com/media/img/teams/logos/season/2023-24/BOS_logo.svg","https://stats.nba.com/player/1627759","https://stats.nba.com/media/players/230x185/1627759.png","https://ak-static.cms.nba.com/wp-content/uploads/headshots/nba/latest/260x190/1627759.png","https://stats.nba.com/media/players/700/1627759.png","https://ak-static.cms.nba.com/wp-content/uploads/headshots/nba/latest/260x190/1627759.png"
"786",24377,2024,"2023-24","NBA","Regular Season","2024-04-03",22301105,76,"Boston Celtics",1610612738,FALSE,FALSE,FALSE,"H","BOS vs. OKC","BOS",1,1,"OKC","BOS","OKC","W","Derrick White",70,1,3,1628401,TRUE,2,5,0.4,2,4,0.5,1,TRUE,0,1,0,31,2,2,0,1,1,6,1,1,0,4,8,13,24.2,"https://stats.nba.com/media/img/teams/logos/season/2023-24/BOS_logo.svg","https://stats.nba.com/player/1628401","https://ak-static.cms.nba.com/wp-content/uploads/headshots/nba/latest/260x190/1628401.png","https://ak-static.cms.nba.com/wp-content/uploads/headshots/nba/latest/260x190/1628401.png","https://stats.nba.com/media/players/700/1628401.png","https://ak-static.cms.nba.com/wp-content/uploads/headshots/nba/latest/260x190/1628401.png"
"787",24405,2024,"2023-24","NBA","Regular Season","2024-04-03",22301105,76,"Boston Celtics",1610612738,FALSE,FALSE,FALSE,"H","BOS vs. OKC","BOS",1,1,"OKC","BOS","OKC","W","Al Horford",62,1,1,201143,TRUE,7,10,0.7,2,4,0.5,NA,TRUE,5,6,0.833333333333333,25,0,0,2,2,4,2,0,1,2,1,16,32,24.8,"https://stats.nba.com/media/img/teams/logos/season/2023-24/BOS_logo.svg","https://stats.nba.com/player/201143","https://stats.nba.com/media/players/230x185/201143.png","https://ak-static.cms.nba.com/wp-content/uploads/headshots/nba/latest/260x190/201143.png","https://stats.nba.com/media/players/700/201143.png","https://ak-static.cms.nba.com/wp-content/uploads/headshots/nba/latest/260x190/201143.png"
"788",24406,2024,"2023-24","NBA","Regular Season","2024-04-03",22301105,76,"Boston Celtics",1610612738,FALSE,FALSE,FALSE,"H","BOS vs. OKC","BOS",1,1,"OKC","BOS","OKC","W","Luke Kornet",57,1,1,1628436,TRUE,1,1,1,0,0,0,NA,TRUE,1,1,1,4,0,0,0,1,1,0,1,0,0,0,2,8,6.2,"https://stats.nba.com/media/img/teams/logos/season/2023-24/BOS_logo.svg","https://stats.nba.com/player/1628436","https://ak-static.cms.nba.com/wp-content/uploads/headshots/nba/latest/260x190/1628436.png","https://ak-static.cms.nba.com/wp-content/uploads/headshots/nba/latest/260x190/1628436.png","https://stats.nba.com/media/players/700/1628436.png","https://ak-static.cms.nba.com/wp-content/uploads/headshots/nba/latest/260x190/1628436.png"
"789",24407,2024,"2023-24","NBA","Regular Season","2024-04-03",22301105,76,"Boston Celtics",1610612738,FALSE,FALSE,FALSE,"H","BOS vs. OKC","BOS",1,1,"OKC","BOS","OKC","W","Payton Pritchard",76,1,1,1630202,TRUE,4,10,0.4,1,4,0.25,1,TRUE,3,6,0.5,28,2,2,1,3,4,8,2,0,0,0,11,23,33.8,"https://stats.nba.com/media/img/teams/logos/season/2023-24/BOS_logo.svg","https://stats.nba.com/player/1630202","https://ak-static.cms.nba.com/wp-content/uploads/headshots/nba/latest/260x190/1630202.png","https://ak-static.cms.nba.com/wp-content/uploads/headshots/nba/latest/260x190/1630202.png","https://stats.nba.com/media/players/700/1630202.png","https://stats.nba.com/media/img/league/nba-headshot-fallback.png"
"790",24528,2024,"2023-24","NBA","Regular Season","2024-04-05",22301118,77,"Boston Celtics",1610612738,FALSE,FALSE,FALSE,"H","BOS vs. SAC","BOS",1,1,"SAC","BOS","SAC","W","Xavier Tillman",49,3,1,1630214,TRUE,4,7,0.571,1,3,0.333333333333333,NA,TRUE,3,4,0.75,19,0,0,1,3,4,2,0,0,0,0,9,1,16.8,"https://stats.nba.com/media/img/teams/logos/season/2023-24/BOS_logo.svg","https://stats.nba.com/player/1630214","https://ak-static.cms.nba.com/wp-content/uploads/headshots/nba/latest/260x190/1630214.png","https://ak-static.cms.nba.com/wp-content/uploads/headshots/nba/latest/260x190/1630214.png","https://stats.nba.com/media/players/700/1630214.png","https://stats.nba.com/media/img/league/nba-headshot-fallback.png"
"791",24574,2024,"2023-24","NBA","Regular Season","2024-04-05",22301118,77,"Boston Celtics",1610612738,FALSE,FALSE,FALSE,"H","BOS vs. SAC","BOS",1,1,"SAC","BOS","SAC","W","Oshae Brissett",51,1,1,1629052,TRUE,0,0,NA,0,0,0,0.5,TRUE,0,0,0,7,2,4,3,1,4,0,0,0,1,2,2,-17,5.8,"https://stats.nba.com/media/img/teams/logos/season/2023-24/BOS_logo.svg","https://stats.nba.com/player/1629052","https://ak-static.cms.nba.com/wp-content/uploads/headshots/nba/latest/260x190/1629052.png","https://ak-static.cms.nba.com/wp-content/uploads/headshots/nba/latest/260x190/1629052.png","https://stats.nba.com/media/players/700/1629052.png","https://stats.nba.com/media/img/league/nba-headshot-fallback.png"
"792",24619,2024,"2023-24","NBA","Regular Season","2024-04-05",22301118,77,"Boston Celtics",1610612738,FALSE,FALSE,FALSE,"H","BOS vs. SAC","BOS",1,1,"SAC","BOS","SAC","W","Jrue Holiday",66,1,1,201950,TRUE,5,8,0.625,0,2,0,NA,TRUE,5,6,0.833333333333333,31,0,0,1,3,4,7,0,0,1,0,10,-1,24.3,"https://stats.nba.com/media/img/teams/logos/season/2023-24/BOS_logo.svg","https://stats.nba.com/player/201950","https://stats.nba.com/media/players/230x185/201950.png","https://ak-static.cms.nba.com/wp-content/uploads/headshots/nba/latest/260x190/201950.png","https://stats.nba.com/media/players/700/201950.png","https://ak-static.cms.nba.com/wp-content/uploads/headshots/nba/latest/260x190/201950.png"
"793",24620,2024,"2023-24","NBA","Regular Season","2024-04-05",22301118,77,"Boston Celtics",1610612738,FALSE,FALSE,FALSE,"H","BOS vs. SAC","BOS",1,1,"SAC","BOS","SAC","W","Kristaps Porziņģis",55,1,1,204001,TRUE,7,10,0.7,2,2,1,1,TRUE,5,8,0.625,24,4,4,1,10,11,2,2,1,1,3,20,0,44.2,"https://stats.nba.com/media/img/teams/logos/season/2023-24/BOS_logo.svg","https://stats.nba.com/player/204001","https://stats.nba.com/media/players/230x185/204001.png","https://ak-static.cms.nba.com/wp-content/uploads/headshots/nba/latest/260x190/204001.png","https://stats.nba.com/media/players/700/204001.png","https://ak-static.cms.nba.com/wp-content/uploads/headshots/nba/latest/260x190/204001.png"
"794",24621,2024,"2023-24","NBA","Regular Season","2024-04-05",22301118,77,"Boston Celtics",1610612738,FALSE,FALSE,FALSE,"H","BOS vs. SAC","BOS",1,1,"SAC","BOS","SAC","W","Jayson Tatum",72,1,3,1628369,TRUE,5,15,0.333,1,6,0.166666666666667,0.75,TRUE,4,9,0.444444444444444,33,6,8,0,6,6,5,0,0,3,0,17,14,28.7,"https://stats.nba.com/media/img/teams/logos/season/2023-24/BOS_logo.svg","https://stats.nba.com/player/1628369","https://ak-static.cms.nba.com/wp-content/uploads/headshots/nba/latest/260x190/1628369.png","https://ak-static.cms.nba.com/wp-content/uploads/headshots/nba/latest/260x190/1628369.png","https://stats.nba.com/media/players/700/1628369.png","https://ak-static.cms.nba.com/wp-content/uploads/headshots/nba/latest/260x190/1628369.png"
"795",24622,2024,"2023-24","NBA","Regular Season","2024-04-05",22301118,77,"Boston Celtics",1610612738,FALSE,FALSE,FALSE,"H","BOS vs. SAC","BOS",1,1,"SAC","BOS","SAC","W","Luke Kornet",58,1,1,1628436,TRUE,3,4,0.75,0,0,0,NA,TRUE,3,4,0.75,18,0,0,2,3,5,1,1,2,0,1,6,7,22.5,"https://stats.nba.com/media/img/teams/logos/season/2023-24/BOS_logo.svg","https://stats.nba.com/player/1628436","https://ak-static.cms.nba.com/wp-content/uploads/headshots/nba/latest/260x190/1628436.png","https://ak-static.cms.nba.com/wp-content/uploads/headshots/nba/latest/260x190/1628436.png","https://stats.nba.com/media/players/700/1628436.png","https://ak-static.cms.nba.com/wp-content/uploads/headshots/nba/latest/260x190/1628436.png"
"796",24623,2024,"2023-24","NBA","Regular Season","2024-04-05",22301118,77,"Boston Celtics",1610612738,FALSE,FALSE,FALSE,"H","BOS vs. SAC","BOS",1,1,"SAC","BOS","SAC","W","Payton Pritchard",77,1,1,1630202,TRUE,8,16,0.5,5,10,0.5,NA,TRUE,3,6,0.5,33,0,0,1,0,1,3,2,0,1,3,21,2,31.7,"https://stats.nba.com/media/img/teams/logos/season/2023-24/BOS_logo.svg","https://stats.nba.com/player/1630202","https://ak-static.cms.nba.com/wp-content/uploads/headshots/nba/latest/260x190/1630202.png","https://ak-static.cms.nba.com/wp-content/uploads/headshots/nba/latest/260x190/1630202.png","https://stats.nba.com/media/players/700/1630202.png","https://stats.nba.com/media/img/league/nba-headshot-fallback.png"
"797",24676,2024,"2023-24","NBA","Regular Season","2024-04-05",22301118,77,"Boston Celtics",1610612738,FALSE,FALSE,FALSE,"H","BOS vs. SAC","BOS",1,1,"SAC","BOS","SAC","W","Al Horford",63,1,1,201143,TRUE,3,7,0.429,1,5,0.2,0.5,TRUE,2,2,1,20,1,2,0,6,6,1,0,1,0,0,8,3,19.7,"https://stats.nba.com/media/img/teams/logos/season/2023-24/BOS_logo.svg","https://stats.nba.com/player/201143","https://stats.nba.com/media/players/230x185/201143.png","https://ak-static.cms.nba.com/wp-content/uploads/headshots/nba/latest/260x190/201143.png","https://stats.nba.com/media/players/700/201143.png","https://ak-static.cms.nba.com/wp-content/uploads/headshots/nba/latest/260x190/201143.png"
"798",24677,2024,"2023-24","NBA","Regular Season","2024-04-05",22301118,77,"Boston Celtics",1610612738,FALSE,FALSE,FALSE,"H","BOS vs. SAC","BOS",1,1,"SAC","BOS","SAC","W","Svi Mykhailiuk",36,1,1,1629004,TRUE,2,3,0.667,1,2,0.5,NA,TRUE,1,1,1,12,0,0,1,1,2,1,0,0,0,0,5,6,8.9,"https://stats.nba.com/media/img/teams/logos/season/2023-24/BOS_logo.svg","https://stats.nba.com/player/1629004","https://ak-static.cms.nba.com/wp-content/uploads/headshots/nba/latest/260x190/1629004.png","https://ak-static.cms.nba.com/wp-content/uploads/headshots/nba/latest/260x190/1629004.png","https://stats.nba.com/media/players/700/1629004.png","https://ak-static.cms.nba.com/wp-content/uploads/headshots/nba/latest/260x190/1629004.png"
"799",24678,2024,"2023-24","NBA","Regular Season","2024-04-05",22301118,77,"Boston Celtics",1610612738,FALSE,FALSE,FALSE,"H","BOS vs. SAC","BOS",1,1,"SAC","BOS","SAC","W","Jordan Walsh",7,13,6,1641775,TRUE,0,1,0,0,1,0,NA,TRUE,0,0,0,6,0,0,1,0,1,0,0,0,0,1,0,-5,1.2,"https://stats.nba.com/media/img/teams/logos/season/2023-24/BOS_logo.svg","https://stats.nba.com/player/1641775","https://ak-static.cms.nba.com/wp-content/uploads/headshots/nba/latest/260x190/1641775.png","https://ak-static.cms.nba.com/wp-content/uploads/headshots/nba/latest/260x190/1641775.png","https://stats.nba.com/media/players/700/1641775.png","https://stats.nba.com/media/img/league/nba-headshot-fallback.png"
"800",24727,2024,"2023-24","NBA","Regular Season","2024-04-05",22301118,77,"Boston Celtics",1610612738,FALSE,FALSE,FALSE,"H","BOS vs. SAC","BOS",1,1,"SAC","BOS","SAC","W","Sam Hauser",74,1,1,1630573,TRUE,1,18,0.056,1,13,0.0769230769230769,NA,TRUE,0,5,0,36,0,0,1,6,7,3,1,0,0,1,3,-5,18.9,"https://stats.nba.com/media/img/teams/logos/season/2023-24/BOS_logo.svg","https://stats.nba.com/player/1630573","https://ak-static.cms.nba.com/wp-content/uploads/headshots/nba/latest/260x190/1630573.png","https://ak-static.cms.nba.com/wp-content/uploads/headshots/nba/latest/260x190/1630573.png","https://stats.nba.com/media/players/700/1630573.png","https://stats.nba.com/media/img/league/nba-headshot-fallback.png"
"801",24871,2024,"2023-24","NBA","Regular Season","2024-04-07",22301134,78,"Boston Celtics",1610612738,FALSE,FALSE,FALSE,"H","BOS vs. POR","BOS",1,1,"POR","BOS","POR","W","Al Horford",64,1,3,201143,TRUE,3,6,0.5,1,4,0.25,NA,TRUE,2,2,1,21,0,0,1,5,6,3,1,0,1,0,7,7,20.7,"https://stats.nba.com/media/img/teams/logos/season/2023-24/BOS_logo.svg","https://stats.nba.com/player/201143","https://stats.nba.com/media/players/230x185/201143.png","https://ak-static.cms.nba.com/wp-content/uploads/headshots/nba/latest/260x190/201143.png","https://stats.nba.com/media/players/700/201143.png","https://ak-static.cms.nba.com/wp-content/uploads/headshots/nba/latest/260x190/201143.png"
"802",24872,2024,"2023-24","NBA","Regular Season","2024-04-07",22301134,78,"Boston Celtics",1610612738,FALSE,FALSE,FALSE,"H","BOS vs. POR","BOS",1,1,"POR","BOS","POR","W","Jaden Springer",46,12,3,1630531,TRUE,0,0,NA,0,0,0,NA,TRUE,0,0,0,1,0,0,0,0,0,0,1,0,1,0,0,3,2,"https://stats.nba.com/media/img/teams/logos/season/2023-24/BOS_logo.svg","https://stats.nba.com/player/1630531","https://ak-static.cms.nba.com/wp-content/uploads/headshots/nba/latest/260x190/1630531.png","https://ak-static.cms.nba.com/wp-content/uploads/headshots/nba/latest/260x190/1630531.png","https://stats.nba.com/media/players/700/1630531.png","https://stats.nba.com/media/img/league/nba-headshot-fallback.png"
"803",24873,2024,"2023-24","NBA","Regular Season","2024-04-07",22301134,78,"Boston Celtics",1610612738,FALSE,FALSE,FALSE,"H","BOS vs. POR","BOS",1,1,"POR","BOS","POR","W","Sam Hauser",75,1,1,1630573,TRUE,4,6,0.667,2,4,0.5,NA,TRUE,2,2,1,27,0,0,0,2,2,3,1,0,0,3,10,10,19.9,"https://stats.nba.com/media/img/teams/logos/season/2023-24/BOS_logo.svg","https://stats.nba.com/player/1630573","https://ak-static.cms.nba.com/wp-content/uploads/headshots/nba/latest/260x190/1630573.png","https://ak-static.cms.nba.com/wp-content/uploads/headshots/nba/latest/260x190/1630573.png","https://stats.nba.com/media/players/700/1630573.png","https://stats.nba.com/media/img/league/nba-headshot-fallback.png"
"804",24923,2024,"2023-24","NBA","Regular Season","2024-04-07",22301134,78,"Boston Celtics",1610612738,FALSE,FALSE,FALSE,"H","BOS vs. POR","BOS",1,1,"POR","BOS","POR","W","Jrue Holiday",67,1,1,201950,TRUE,5,8,0.625,2,3,0.666666666666667,NA,TRUE,3,5,0.6,21,0,0,0,1,1,2,0,0,0,1,12,7,16.2,"https://stats.nba.com/media/img/teams/logos/season/2023-24/BOS_logo.svg","https://stats.nba.com/player/201950","https://stats.nba.com/media/players/230x185/201950.png","https://ak-static.cms.nba.com/wp-content/uploads/headshots/nba/latest/260x190/201950.png","https://stats.nba.com/media/players/700/201950.png","https://ak-static.cms.nba.com/wp-content/uploads/headshots/nba/latest/260x190/201950.png"
"805",24924,2024,"2023-24","NBA","Regular Season","2024-04-07",22301134,78,"Boston Celtics",1610612738,FALSE,FALSE,FALSE,"H","BOS vs. POR","BOS",1,1,"POR","BOS","POR","W","Jaylen Brown",68,3,1,1627759,TRUE,10,17,0.588,3,5,0.6,1,TRUE,7,12,0.583333333333333,30,3,3,0,4,4,2,1,1,2,2,26,6,37.8,"https://stats.nba.com/media/img/teams/logos/season/2023-24/BOS_logo.svg","https://stats.nba.com/player/1627759","https://stats.nba.com/media/players/230x185/1627759.png","https://ak-static.cms.nba.com/wp-content/uploads/headshots/nba/latest/260x190/1627759.png","https://stats.nba.com/media/players/700/1627759.png","https://ak-static.cms.nba.com/wp-content/uploads/headshots/nba/latest/260x190/1627759.png"
"806",24925,2024,"2023-24","NBA","Regular Season","2024-04-07",22301134,78,"Boston Celtics",1610612738,FALSE,FALSE,FALSE,"H","BOS vs. POR","BOS",1,1,"POR","BOS","POR","W","Derrick White",71,3,1,1628401,TRUE,5,13,0.385,3,10,0.3,1,TRUE,2,3,0.666666666666667,31,2,2,0,1,1,9,1,0,2,1,15,2,30.7,"https://stats.nba.com/media/img/teams/logos/season/2023-24/BOS_logo.svg","https://stats.nba.com/player/1628401","https://ak-static.cms.nba.com/wp-content/uploads/headshots/nba/latest/260x190/1628401.png","https://ak-static.cms.nba.com/wp-content/uploads/headshots/nba/latest/260x190/1628401.png","https://stats.nba.com/media/players/700/1628401.png","https://ak-static.cms.nba.com/wp-content/uploads/headshots/nba/latest/260x190/1628401.png"
"807",24985,2024,"2023-24","NBA","Regular Season","2024-04-07",22301134,78,"Boston Celtics",1610612738,FALSE,FALSE,FALSE,"H","BOS vs. POR","BOS",1,1,"POR","BOS","POR","W","Svi Mykhailiuk",37,1,1,1629004,TRUE,2,4,0.5,1,2,0.5,NA,TRUE,1,2,0.5,12,0,0,0,2,2,2,0,0,1,2,5,9,9.4,"https://stats.nba.com/media/img/teams/logos/season/2023-24/BOS_logo.svg","https://stats.nba.com/player/1629004","https://ak-static.cms.nba.com/wp-content/uploads/headshots/nba/latest/260x190/1629004.png","https://ak-static.cms.nba.com/wp-content/uploads/headshots/nba/latest/260x190/1629004.png","https://stats.nba.com/media/players/700/1629004.png","https://ak-static.cms.nba.com/wp-content/uploads/headshots/nba/latest/260x190/1629004.png"
"808",25029,2024,"2023-24","NBA","Regular Season","2024-04-07",22301134,78,"Boston Celtics",1610612738,FALSE,FALSE,FALSE,"H","BOS vs. POR","BOS",1,1,"POR","BOS","POR","W","Kristaps Porziņģis",56,1,3,204001,TRUE,3,7,0.429,1,3,0.333333333333333,0.625,TRUE,2,4,0.5,27,5,8,1,9,10,2,3,5,2,1,12,4,49,"https://stats.nba.com/media/img/teams/logos/season/2023-24/BOS_logo.svg","https://stats.nba.com/player/204001","https://stats.nba.com/media/players/230x185/204001.png","https://ak-static.cms.nba.com/wp-content/uploads/headshots/nba/latest/260x190/204001.png","https://stats.nba.com/media/players/700/204001.png","https://ak-static.cms.nba.com/wp-content/uploads/headshots/nba/latest/260x190/204001.png"
"809",25074,2024,"2023-24","NBA","Regular Season","2024-04-07",22301134,78,"Boston Celtics",1610612738,FALSE,FALSE,FALSE,"H","BOS vs. POR","BOS",1,1,"POR","BOS","POR","W","Luke Kornet",59,1,1,1628436,TRUE,1,1,1,0,0,0,NA,TRUE,1,1,1,19,0,0,3,2,5,1,0,0,0,0,2,5,9.5,"https://stats.nba.com/media/img/teams/logos/season/2023-24/BOS_logo.svg","https://stats.nba.com/player/1628436","https://ak-static.cms.nba.com/wp-content/uploads/headshots/nba/latest/260x190/1628436.png","https://ak-static.cms.nba.com/wp-content/uploads/headshots/nba/latest/260x190/1628436.png","https://stats.nba.com/media/players/700/1628436.png","https://ak-static.cms.nba.com/wp-content/uploads/headshots/nba/latest/260x190/1628436.png"
"810",25075,2024,"2023-24","NBA","Regular Season","2024-04-07",22301134,78,"Boston Celtics",1610612738,FALSE,FALSE,FALSE,"H","BOS vs. POR","BOS",1,1,"POR","BOS","POR","W","Payton Pritchard",78,1,1,1630202,TRUE,9,13,0.692,2,4,0.5,NA,TRUE,7,9,0.777777777777778,26,0,0,0,3,3,8,1,0,2,1,20,19,36.6,"https://stats.nba.com/media/img/teams/logos/season/2023-24/BOS_logo.svg","https://stats.nba.com/player/1630202","https://ak-static.cms.nba.com/wp-content/uploads/headshots/nba/latest/260x190/1630202.png","https://ak-static.cms.nba.com/wp-content/uploads/headshots/nba/latest/260x190/1630202.png","https://stats.nba.com/media/players/700/1630202.png","https://stats.nba.com/media/img/league/nba-headshot-fallback.png"
"811",25076,2024,"2023-24","NBA","Regular Season","2024-04-07",22301134,78,"Boston Celtics",1610612738,FALSE,FALSE,FALSE,"H","BOS vs. POR","BOS",1,1,"POR","BOS","POR","W","Xavier Tillman",50,1,1,1630214,TRUE,4,7,0.571,1,2,0.5,NA,TRUE,3,5,0.6,17,0,0,0,5,5,1,1,2,0,0,9,6,25.5,"https://stats.nba.com/media/img/teams/logos/season/2023-24/BOS_logo.svg","https://stats.nba.com/player/1630214","https://ak-static.cms.nba.com/wp-content/uploads/headshots/nba/latest/260x190/1630214.png","https://ak-static.cms.nba.com/wp-content/uploads/headshots/nba/latest/260x190/1630214.png","https://stats.nba.com/media/players/700/1630214.png","https://stats.nba.com/media/img/league/nba-headshot-fallback.png"
"812",25126,2024,"2023-24","NBA","Regular Season","2024-04-07",22301134,78,"Boston Celtics",1610612738,FALSE,FALSE,FALSE,"H","BOS vs. POR","BOS",1,1,"POR","BOS","POR","W","Oshae Brissett",52,1,1,1629052,TRUE,3,5,0.6,0,1,0,NA,TRUE,3,4,0.75,9,0,0,0,1,1,1,1,0,1,1,6,7,10.7,"https://stats.nba.com/media/img/teams/logos/season/2023-24/BOS_logo.svg","https://stats.nba.com/player/1629052","https://ak-static.cms.nba.com/wp-content/uploads/headshots/nba/latest/260x190/1629052.png","https://ak-static.cms.nba.com/wp-content/uploads/headshots/nba/latest/260x190/1629052.png","https://stats.nba.com/media/players/700/1629052.png","https://stats.nba.com/media/img/league/nba-headshot-fallback.png"
"813",25147,2024,"2023-24","NBA","Regular Season","2024-04-09",22301148,79,"Boston Celtics",1610612738,FALSE,TRUE,FALSE,"A","BOS @ MIL","BOS",1,1,"MIL","MIL","BOS","L","Jrue Holiday",68,1,1,201950,FALSE,5,13,0.385,2,6,0.333333333333333,NA,TRUE,3,7,0.428571428571429,32,0,0,3,4,7,5,1,1,2,0,12,-10,31.9,"https://stats.nba.com/media/img/teams/logos/season/2023-24/BOS_logo.svg","https://stats.nba.com/player/201950","https://stats.nba.com/media/players/230x185/201950.png","https://ak-static.cms.nba.com/wp-content/uploads/headshots/nba/latest/260x190/201950.png","https://stats.nba.com/media/players/700/201950.png","https://ak-static.cms.nba.com/wp-content/uploads/headshots/nba/latest/260x190/201950.png"
"814",25148,2024,"2023-24","NBA","Regular Season","2024-04-09",22301148,79,"Boston Celtics",1610612738,FALSE,TRUE,FALSE,"A","BOS @ MIL","BOS",1,1,"MIL","MIL","BOS","L","Oshae Brissett",53,1,2,1629052,FALSE,1,3,0.333,0,1,0,NA,TRUE,1,2,0.5,7,0,0,1,1,2,1,0,0,0,1,2,1,5.9,"https://stats.nba.com/media/img/teams/logos/season/2023-24/BOS_logo.svg","https://stats.nba.com/player/1629052","https://ak-static.cms.nba.com/wp-content/uploads/headshots/nba/latest/260x190/1629052.png","https://ak-static.cms.nba.com/wp-content/uploads/headshots/nba/latest/260x190/1629052.png","https://stats.nba.com/media/players/700/1629052.png","https://stats.nba.com/media/img/league/nba-headshot-fallback.png"
"815",25211,2024,"2023-24","NBA","Regular Season","2024-04-09",22301148,79,"Boston Celtics",1610612738,FALSE,TRUE,FALSE,"A","BOS @ MIL","BOS",1,1,"MIL","MIL","BOS","L","Jayson Tatum",73,3,1,1628369,FALSE,9,19,0.474,4,9,0.444444444444444,NA,TRUE,5,10,0.5,37,0,0,0,5,5,6,0,1,2,1,22,-11,38,"https://stats.nba.com/media/img/teams/logos/season/2023-24/BOS_logo.svg","https://stats.nba.com/player/1628369","https://ak-static.cms.nba.com/wp-content/uploads/headshots/nba/latest/260x190/1628369.png","https://ak-static.cms.nba.com/wp-content/uploads/headshots/nba/latest/260x190/1628369.png","https://stats.nba.com/media/players/700/1628369.png","https://ak-static.cms.nba.com/wp-content/uploads/headshots/nba/latest/260x190/1628369.png"
"816",25212,2024,"2023-24","NBA","Regular Season","2024-04-09",22301148,79,"Boston Celtics",1610612738,FALSE,TRUE,FALSE,"A","BOS @ MIL","BOS",1,1,"MIL","MIL","BOS","L","Xavier Tillman",51,1,1,1630214,FALSE,2,7,0.286,2,5,0.4,NA,TRUE,0,2,0,18,0,0,0,0,0,2,1,2,0,1,6,-15,18,"https://stats.nba.com/media/img/teams/logos/season/2023-24/BOS_logo.svg","https://stats.nba.com/player/1630214","https://ak-static.cms.nba.com/wp-content/uploads/headshots/nba/latest/260x190/1630214.png","https://ak-static.cms.nba.com/wp-content/uploads/headshots/nba/latest/260x190/1630214.png","https://stats.nba.com/media/players/700/1630214.png","https://stats.nba.com/media/img/league/nba-headshot-fallback.png"
"817",25259,2024,"2023-24","NBA","Regular Season","2024-04-09",22301148,79,"Boston Celtics",1610612738,FALSE,TRUE,FALSE,"A","BOS @ MIL","BOS",1,1,"MIL","MIL","BOS","L","Jaylen Brown",69,1,1,1627759,FALSE,7,19,0.368,0,6,0,NA,TRUE,7,13,0.538461538461538,36,0,0,4,6,10,3,4,0,5,3,14,-13,37.5,"https://stats.nba.com/media/img/teams/logos/season/2023-24/BOS_logo.svg","https://stats.nba.com/player/1627759","https://stats.nba.com/media/players/230x185/1627759.png","https://ak-static.cms.nba.com/wp-content/uploads/headshots/nba/latest/260x190/1627759.png","https://stats.nba.com/media/players/700/1627759.png","https://ak-static.cms.nba.com/wp-content/uploads/headshots/nba/latest/260x190/1627759.png"
"818",25260,2024,"2023-24","NBA","Regular Season","2024-04-09",22301148,79,"Boston Celtics",1610612738,FALSE,TRUE,FALSE,"A","BOS @ MIL","BOS",1,1,"MIL","MIL","BOS","L","Luke Kornet",60,1,1,1628436,FALSE,3,3,1,1,1,1,NA,TRUE,2,2,1,21,0,0,1,1,2,1,0,0,0,1,7,-8,10.9,"https://stats.nba.com/media/img/teams/logos/season/2023-24/BOS_logo.svg","https://stats.nba.com/player/1628436","https://ak-static.cms.nba.com/wp-content/uploads/headshots/nba/latest/260x190/1628436.png","https://ak-static.cms.nba.com/wp-content/uploads/headshots/nba/latest/260x190/1628436.png","https://stats.nba.com/media/players/700/1628436.png","https://ak-static.cms.nba.com/wp-content/uploads/headshots/nba/latest/260x190/1628436.png"
"819",25261,2024,"2023-24","NBA","Regular Season","2024-04-09",22301148,79,"Boston Celtics",1610612738,FALSE,TRUE,FALSE,"A","BOS @ MIL","BOS",1,1,"MIL","MIL","BOS","L","Svi Mykhailiuk",38,1,1,1629004,FALSE,2,2,1,1,1,1,NA,TRUE,1,1,1,7,0,0,0,1,1,1,0,0,0,0,5,1,7.7,"https://stats.nba.com/media/img/teams/logos/season/2023-24/BOS_logo.svg","https://stats.nba.com/player/1629004","https://ak-static.cms.nba.com/wp-content/uploads/headshots/nba/latest/260x190/1629004.png","https://ak-static.cms.nba.com/wp-content/uploads/headshots/nba/latest/260x190/1629004.png","https://stats.nba.com/media/players/700/1629004.png","https://ak-static.cms.nba.com/wp-content/uploads/headshots/nba/latest/260x190/1629004.png"
"820",25367,2024,"2023-24","NBA","Regular Season","2024-04-09",22301148,79,"Boston Celtics",1610612738,FALSE,TRUE,FALSE,"A","BOS @ MIL","BOS",1,1,"MIL","MIL","BOS","L","Derrick White",72,1,1,1628401,FALSE,3,10,0.3,3,9,0.333333333333333,NA,TRUE,0,1,0,31,0,0,1,3,4,3,2,0,1,1,9,-11,23.3,"https://stats.nba.com/media/img/teams/logos/season/2023-24/BOS_logo.svg","https://stats.nba.com/player/1628401","https://ak-static.cms.nba.com/wp-content/uploads/headshots/nba/latest/260x190/1628401.png","https://ak-static.cms.nba.com/wp-content/uploads/headshots/nba/latest/260x190/1628401.png","https://stats.nba.com/media/players/700/1628401.png","https://ak-static.cms.nba.com/wp-content/uploads/headshots/nba/latest/260x190/1628401.png"
"821",25368,2024,"2023-24","NBA","Regular Season","2024-04-09",22301148,79,"Boston Celtics",1610612738,FALSE,TRUE,FALSE,"A","BOS @ MIL","BOS",1,1,"MIL","MIL","BOS","L","Payton Pritchard",79,1,1,1630202,FALSE,2,9,0.222,2,8,0.25,NA,TRUE,0,1,0,24,0,0,0,2,2,3,1,0,1,0,6,1,14.9,"https://stats.nba.com/media/img/teams/logos/season/2023-24/BOS_logo.svg","https://stats.nba.com/player/1630202","https://ak-static.cms.nba.com/wp-content/uploads/headshots/nba/latest/260x190/1630202.png","https://ak-static.cms.nba.com/wp-content/uploads/headshots/nba/latest/260x190/1630202.png","https://stats.nba.com/media/players/700/1630202.png","https://stats.nba.com/media/img/league/nba-headshot-fallback.png"
"822",25441,2024,"2023-24","NBA","Regular Season","2024-04-09",22301148,79,"Boston Celtics",1610612738,FALSE,TRUE,FALSE,"A","BOS @ MIL","BOS",1,1,"MIL","MIL","BOS","L","Sam Hauser",76,1,1,1630573,FALSE,3,8,0.375,2,6,0.333333333333333,NA,TRUE,1,2,0.5,28,0,0,2,3,5,2,2,0,1,0,8,0,22,"https://stats.nba.com/media/img/teams/logos/season/2023-24/BOS_logo.svg","https://stats.nba.com/player/1630573","https://ak-static.cms.nba.com/wp-content/uploads/headshots/nba/latest/260x190/1630573.png","https://ak-static.cms.nba.com/wp-content/uploads/headshots/nba/latest/260x190/1630573.png","https://stats.nba.com/media/players/700/1630573.png","https://stats.nba.com/media/img/league/nba-headshot-fallback.png"
"823",25647,2024,"2023-24","NBA","Regular Season","2024-04-11",22301167,80,"Boston Celtics",1610612738,TRUE,FALSE,FALSE,"H","BOS vs. NYK","BOS",1,0,"NYK","NYK","BOS","L","Jrue Holiday",69,1,NA,201950,FALSE,3,7,0.429,1,4,0.25,NA,TRUE,2,3,0.666666666666667,29,0,0,1,4,5,1,1,2,2,2,7,-26,21.5,"https://stats.nba.com/media/img/teams/logos/season/2023-24/BOS_logo.svg","https://stats.nba.com/player/201950","https://stats.nba.com/media/players/230x185/201950.png","https://ak-static.cms.nba.com/wp-content/uploads/headshots/nba/latest/260x190/201950.png","https://stats.nba.com/media/players/700/201950.png","https://ak-static.cms.nba.com/wp-content/uploads/headshots/nba/latest/260x190/201950.png"
"824",25648,2024,"2023-24","NBA","Regular Season","2024-04-11",22301167,80,"Boston Celtics",1610612738,TRUE,FALSE,FALSE,"H","BOS vs. NYK","BOS",1,0,"NYK","NYK","BOS","L","Kristaps Porziņģis",57,3,NA,204001,FALSE,5,12,0.417,2,5,0.4,1,TRUE,3,7,0.428571428571429,25,2,2,2,6,8,1,0,2,1,2,14,-14,30.1,"https://stats.nba.com/media/img/teams/logos/season/2023-24/BOS_logo.svg","https://stats.nba.com/player/204001","https://stats.nba.com/media/players/230x185/204001.png","https://ak-static.cms.nba.com/wp-content/uploads/headshots/nba/latest/260x190/204001.png","https://stats.nba.com/media/players/700/204001.png","https://ak-static.cms.nba.com/wp-content/uploads/headshots/nba/latest/260x190/204001.png"
"825",25649,2024,"2023-24","NBA","Regular Season","2024-04-11",22301167,80,"Boston Celtics",1610612738,TRUE,FALSE,FALSE,"H","BOS vs. NYK","BOS",1,0,"NYK","NYK","BOS","L","Jayson Tatum",74,1,NA,1628369,FALSE,5,13,0.385,1,7,0.142857142857143,0.778,TRUE,4,6,0.666666666666667,32,7,9,1,3,4,7,2,1,2,3,18,-30,40.3,"https://stats.nba.com/media/img/teams/logos/season/2023-24/BOS_logo.svg","https://stats.nba.com/player/1628369","https://ak-static.cms.nba.com/wp-content/uploads/headshots/nba/latest/260x190/1628369.png","https://ak-static.cms.nba.com/wp-content/uploads/headshots/nba/latest/260x190/1628369.png","https://stats.nba.com/media/players/700/1628369.png","https://ak-static.cms.nba.com/wp-content/uploads/headshots/nba/latest/260x190/1628369.png"
"826",25673,2024,"2023-24","NBA","Regular Season","2024-04-11",22301167,80,"Boston Celtics",1610612738,TRUE,FALSE,FALSE,"H","BOS vs. NYK","BOS",1,0,"NYK","NYK","BOS","L","Derrick White",73,1,NA,1628401,FALSE,1,5,0.2,0,3,0,NA,TRUE,1,2,0.5,29,0,0,0,2,2,2,1,1,1,3,2,-29,12.4,"https://stats.nba.com/media/img/teams/logos/season/2023-24/BOS_logo.svg","https://stats.nba.com/player/1628401","https://ak-static.cms.nba.com/wp-content/uploads/headshots/nba/latest/260x190/1628401.png","https://ak-static.cms.nba.com/wp-content/uploads/headshots/nba/latest/260x190/1628401.png","https://stats.nba.com/media/players/700/1628401.png","https://ak-static.cms.nba.com/wp-content/uploads/headshots/nba/latest/260x190/1628401.png"
"827",25674,2024,"2023-24","NBA","Regular Season","2024-04-11",22301167,80,"Boston Celtics",1610612738,TRUE,FALSE,FALSE,"H","BOS vs. NYK","BOS",1,0,"NYK","NYK","BOS","L","Svi Mykhailiuk",39,1,0,1629004,FALSE,3,5,0.6,3,4,0.75,NA,TRUE,0,1,0,13,0,0,1,1,2,2,0,0,0,0,9,21,14.4,"https://stats.nba.com/media/img/teams/logos/season/2023-24/BOS_logo.svg","https://stats.nba.com/player/1629004","https://ak-static.cms.nba.com/wp-content/uploads/headshots/nba/latest/260x190/1629004.png","https://ak-static.cms.nba.com/wp-content/uploads/headshots/nba/latest/260x190/1629004.png","https://stats.nba.com/media/players/700/1629004.png","https://ak-static.cms.nba.com/wp-content/uploads/headshots/nba/latest/260x190/1629004.png"
"828",25695,2024,"2023-24","NBA","Regular Season","2024-04-11",22301167,80,"Boston Celtics",1610612738,TRUE,FALSE,FALSE,"H","BOS vs. NYK","BOS",1,0,"NYK","NYK","BOS","L","Xavier Tillman",52,1,0,1630214,FALSE,1,1,1,0,0,0,NA,TRUE,1,1,1,6,0,0,0,0,0,1,0,0,0,0,2,6,3.5,"https://stats.nba.com/media/img/teams/logos/season/2023-24/BOS_logo.svg","https://stats.nba.com/player/1630214","https://ak-static.cms.nba.com/wp-content/uploads/headshots/nba/latest/260x190/1630214.png","https://ak-static.cms.nba.com/wp-content/uploads/headshots/nba/latest/260x190/1630214.png","https://stats.nba.com/media/players/700/1630214.png","https://stats.nba.com/media/img/league/nba-headshot-fallback.png"
"829",25709,2024,"2023-24","NBA","Regular Season","2024-04-11",22301167,80,"Boston Celtics",1610612738,TRUE,FALSE,FALSE,"H","BOS vs. NYK","BOS",1,0,"NYK","NYK","BOS","L","Jaylen Brown",70,1,NA,1627759,FALSE,6,15,0.4,1,5,0.2,0.667,TRUE,5,10,0.5,29,2,3,1,1,2,1,0,2,3,3,15,-29,21.9,"https://stats.nba.com/media/img/teams/logos/season/2023-24/BOS_logo.svg","https://stats.nba.com/player/1627759","https://stats.nba.com/media/players/230x185/1627759.png","https://ak-static.cms.nba.com/wp-content/uploads/headshots/nba/latest/260x190/1627759.png","https://stats.nba.com/media/players/700/1627759.png","https://ak-static.cms.nba.com/wp-content/uploads/headshots/nba/latest/260x190/1627759.png"
"830",25710,2024,"2023-24","NBA","Regular Season","2024-04-11",22301167,80,"Boston Celtics",1610612738,TRUE,FALSE,FALSE,"H","BOS vs. NYK","BOS",1,0,"NYK","NYK","BOS","L","Luke Kornet",61,1,0,1628436,FALSE,1,2,0.5,0,0,0,NA,TRUE,1,2,0.5,7,0,0,1,1,2,0,0,1,1,0,2,15,6.4,"https://stats.nba.com/media/img/teams/logos/season/2023-24/BOS_logo.svg","https://stats.nba.com/player/1628436","https://ak-static.cms.nba.com/wp-content/uploads/headshots/nba/latest/260x190/1628436.png","https://ak-static.cms.nba.com/wp-content/uploads/headshots/nba/latest/260x190/1628436.png","https://stats.nba.com/media/players/700/1628436.png","https://ak-static.cms.nba.com/wp-content/uploads/headshots/nba/latest/260x190/1628436.png"
"831",25711,2024,"2023-24","NBA","Regular Season","2024-04-11",22301167,80,"Boston Celtics",1610612738,TRUE,FALSE,FALSE,"H","BOS vs. NYK","BOS",1,0,"NYK","NYK","BOS","L","Payton Pritchard",80,1,0,1630202,FALSE,7,13,0.538,2,4,0.5,NA,TRUE,5,9,0.555555555555556,21,0,0,2,2,4,6,0,0,0,0,16,22,29.8,"https://stats.nba.com/media/img/teams/logos/season/2023-24/BOS_logo.svg","https://stats.nba.com/player/1630202","https://ak-static.cms.nba.com/wp-content/uploads/headshots/nba/latest/260x190/1630202.png","https://ak-static.cms.nba.com/wp-content/uploads/headshots/nba/latest/260x190/1630202.png","https://stats.nba.com/media/players/700/1630202.png","https://stats.nba.com/media/img/league/nba-headshot-fallback.png"
"832",25729,2024,"2023-24","NBA","Regular Season","2024-04-11",22301167,80,"Boston Celtics",1610612738,TRUE,FALSE,FALSE,"H","BOS vs. NYK","BOS",1,0,"NYK","NYK","BOS","L","Jaden Springer",47,3,0,1630531,FALSE,1,2,0.5,1,2,0.5,NA,TRUE,0,0,0,13,0,0,0,1,1,0,2,0,1,1,3,21,9.2,"https://stats.nba.com/media/img/teams/logos/season/2023-24/BOS_logo.svg","https://stats.nba.com/player/1630531","https://ak-static.cms.nba.com/wp-content/uploads/headshots/nba/latest/260x190/1630531.png","https://ak-static.cms.nba.com/wp-content/uploads/headshots/nba/latest/260x190/1630531.png","https://stats.nba.com/media/players/700/1630531.png","https://stats.nba.com/media/img/league/nba-headshot-fallback.png"
"833",25743,2024,"2023-24","NBA","Regular Season","2024-04-11",22301167,80,"Boston Celtics",1610612738,TRUE,FALSE,FALSE,"H","BOS vs. NYK","BOS",1,0,"NYK","NYK","BOS","L","Al Horford",65,3,NA,201143,FALSE,2,3,0.667,2,3,0.666666666666667,NA,TRUE,0,0,0,16,0,0,0,2,2,1,1,2,1,2,6,-18,17.9,"https://stats.nba.com/media/img/teams/logos/season/2023-24/BOS_logo.svg","https://stats.nba.com/player/201143","https://stats.nba.com/media/players/230x185/201143.png","https://ak-static.cms.nba.com/wp-content/uploads/headshots/nba/latest/260x190/201143.png","https://stats.nba.com/media/players/700/201143.png","https://ak-static.cms.nba.com/wp-content/uploads/headshots/nba/latest/260x190/201143.png"
"834",25744,2024,"2023-24","NBA","Regular Season","2024-04-11",22301167,80,"Boston Celtics",1610612738,TRUE,FALSE,FALSE,"H","BOS vs. NYK","BOS",1,0,"NYK","NYK","BOS","L","Sam Hauser",77,1,0,1630573,FALSE,5,8,0.625,3,5,0.6,1,TRUE,2,3,0.666666666666667,22,2,2,1,3,4,3,0,1,0,0,15,16,27.3,"https://stats.nba.com/media/img/teams/logos/season/2023-24/BOS_logo.svg","https://stats.nba.com/player/1630573","https://ak-static.cms.nba.com/wp-content/uploads/headshots/nba/latest/260x190/1630573.png","https://ak-static.cms.nba.com/wp-content/uploads/headshots/nba/latest/260x190/1630573.png","https://stats.nba.com/media/players/700/1630573.png","https://stats.nba.com/media/img/league/nba-headshot-fallback.png"
"835",25751,2024,"2023-24","NBA","Regular Season","2024-04-12",22301173,81,"Boston Celtics",1610612738,TRUE,FALSE,TRUE,"H","BOS vs. CHA","BOS",0,1,"CHA","BOS","CHA","W","Luke Kornet",62,0,1,1628436,TRUE,7,10,0.7,0,0,0,1,TRUE,7,10,0.7,25,2,2,3,7,10,3,0,0,0,3,16,30,32.5,"https://stats.nba.com/media/img/teams/logos/season/2023-24/BOS_logo.svg","https://stats.nba.com/player/1628436","https://ak-static.cms.nba.com/wp-content/uploads/headshots/nba/latest/260x190/1628436.png","https://ak-static.cms.nba.com/wp-content/uploads/headshots/nba/latest/260x190/1628436.png","https://stats.nba.com/media/players/700/1628436.png","https://ak-static.cms.nba.com/wp-content/uploads/headshots/nba/latest/260x190/1628436.png"
"836",25806,2024,"2023-24","NBA","Regular Season","2024-04-12",22301173,81,"Boston Celtics",1610612738,TRUE,FALSE,TRUE,"H","BOS vs. CHA","BOS",0,1,"CHA","BOS","CHA","W","Svi Mykhailiuk",40,0,1,1629004,TRUE,2,13,0.154,2,11,0.181818181818182,1,TRUE,0,2,0,34,2,2,0,3,3,0,1,0,1,2,8,9,13.6,"https://stats.nba.com/media/img/teams/logos/season/2023-24/BOS_logo.svg","https://stats.nba.com/player/1629004","https://ak-static.cms.nba.com/wp-content/uploads/headshots/nba/latest/260x190/1629004.png","https://ak-static.cms.nba.com/wp-content/uploads/headshots/nba/latest/260x190/1629004.png","https://stats.nba.com/media/players/700/1629004.png","https://ak-static.cms.nba.com/wp-content/uploads/headshots/nba/latest/260x190/1629004.png"
"837",25859,2024,"2023-24","NBA","Regular Season","2024-04-12",22301173,81,"Boston Celtics",1610612738,TRUE,FALSE,TRUE,"H","BOS vs. CHA","BOS",0,1,"CHA","BOS","CHA","W","Neemias Queta",27,20,1,1629674,TRUE,8,10,0.8,0,0,0,NA,TRUE,8,10,0.8,18,0,0,4,2,6,5,2,0,0,2,16,25,36.7,"https://stats.nba.com/media/img/teams/logos/season/2023-24/BOS_logo.svg","https://stats.nba.com/player/1629674","https://ak-static.cms.nba.com/wp-content/uploads/headshots/nba/latest/260x190/1629674.png","https://ak-static.cms.nba.com/wp-content/uploads/headshots/nba/latest/260x190/1629674.png","https://stats.nba.com/media/players/700/1629674.png","https://stats.nba.com/media/img/league/nba-headshot-fallback.png"
"838",25925,2024,"2023-24","NBA","Regular Season","2024-04-12",22301173,81,"Boston Celtics",1610612738,TRUE,FALSE,TRUE,"H","BOS vs. CHA","BOS",0,1,"CHA","BOS","CHA","W","Oshae Brissett",54,2,1,1629052,TRUE,3,8,0.375,0,0,0,0.4,TRUE,3,8,0.375,15,2,5,6,5,11,1,1,0,0,1,8,-2,25.7,"https://stats.nba.com/media/img/teams/logos/season/2023-24/BOS_logo.svg","https://stats.nba.com/player/1629052","https://ak-static.cms.nba.com/wp-content/uploads/headshots/nba/latest/260x190/1629052.png","https://ak-static.cms.nba.com/wp-content/uploads/headshots/nba/latest/260x190/1629052.png","https://stats.nba.com/media/players/700/1629052.png","https://stats.nba.com/media/img/league/nba-headshot-fallback.png"
"839",25926,2024,"2023-24","NBA","Regular Season","2024-04-12",22301173,81,"Boston Celtics",1610612738,TRUE,FALSE,TRUE,"H","BOS vs. CHA","BOS",0,1,"CHA","BOS","CHA","W","Payton Pritchard",81,0,1,1630202,TRUE,14,22,0.636,3,8,0.375,NA,TRUE,11,14,0.785714285714286,31,0,0,0,3,3,11,1,0,2,2,31,15,52.1,"https://stats.nba.com/media/img/teams/logos/season/2023-24/BOS_logo.svg","https://stats.nba.com/player/1630202","https://ak-static.cms.nba.com/wp-content/uploads/headshots/nba/latest/260x190/1630202.png","https://ak-static.cms.nba.com/wp-content/uploads/headshots/nba/latest/260x190/1630202.png","https://stats.nba.com/media/players/700/1630202.png","https://stats.nba.com/media/img/league/nba-headshot-fallback.png"
"840",25927,2024,"2023-24","NBA","Regular Season","2024-04-12",22301173,81,"Boston Celtics",1610612738,TRUE,FALSE,TRUE,"H","BOS vs. CHA","BOS",0,1,"CHA","BOS","CHA","W","Jaden Springer",48,0,1,1630531,TRUE,4,6,0.667,0,0,0,0.75,TRUE,4,6,0.666666666666667,25,3,4,0,6,6,4,3,0,1,3,11,17,32.2,"https://stats.nba.com/media/img/teams/logos/season/2023-24/BOS_logo.svg","https://stats.nba.com/player/1630531","https://ak-static.cms.nba.com/wp-content/uploads/headshots/nba/latest/260x190/1630531.png","https://ak-static.cms.nba.com/wp-content/uploads/headshots/nba/latest/260x190/1630531.png","https://stats.nba.com/media/players/700/1630531.png","https://stats.nba.com/media/img/league/nba-headshot-fallback.png"
"841",25991,2024,"2023-24","NBA","Regular Season","2024-04-12",22301173,81,"Boston Celtics",1610612738,TRUE,FALSE,TRUE,"H","BOS vs. CHA","BOS",0,1,"CHA","BOS","CHA","W","Xavier Tillman",53,0,1,1630214,TRUE,1,3,0.333,0,0,0,NA,TRUE,1,3,0.333333333333333,13,0,0,1,2,3,1,2,0,1,3,2,-4,12.1,"https://stats.nba.com/media/img/teams/logos/season/2023-24/BOS_logo.svg","https://stats.nba.com/player/1630214","https://ak-static.cms.nba.com/wp-content/uploads/headshots/nba/latest/260x190/1630214.png","https://ak-static.cms.nba.com/wp-content/uploads/headshots/nba/latest/260x190/1630214.png","https://stats.nba.com/media/players/700/1630214.png","https://stats.nba.com/media/img/league/nba-headshot-fallback.png"
"842",25992,2024,"2023-24","NBA","Regular Season","2024-04-12",22301173,81,"Boston Celtics",1610612738,TRUE,FALSE,TRUE,"H","BOS vs. CHA","BOS",0,1,"CHA","BOS","CHA","W","Sam Hauser",78,0,1,1630573,TRUE,6,17,0.353,4,13,0.307692307692308,NA,TRUE,2,4,0.5,30,0,0,0,4,4,2,0,0,0,0,16,34,23.8,"https://stats.nba.com/media/img/teams/logos/season/2023-24/BOS_logo.svg","https://stats.nba.com/player/1630573","https://ak-static.cms.nba.com/wp-content/uploads/headshots/nba/latest/260x190/1630573.png","https://ak-static.cms.nba.com/wp-content/uploads/headshots/nba/latest/260x190/1630573.png","https://stats.nba.com/media/players/700/1630573.png","https://stats.nba.com/media/img/league/nba-headshot-fallback.png"
"843",25993,2024,"2023-24","NBA","Regular Season","2024-04-12",22301173,81,"Boston Celtics",1610612738,TRUE,FALSE,TRUE,"H","BOS vs. CHA","BOS",0,1,"CHA","BOS","CHA","W","Jordan Walsh",8,6,1,1641775,TRUE,3,4,0.75,2,3,0.666666666666667,NA,TRUE,1,1,1,20,0,0,1,2,3,0,1,0,0,3,8,8,14.6,"https://stats.nba.com/media/img/teams/logos/season/2023-24/BOS_logo.svg","https://stats.nba.com/player/1641775","https://ak-static.cms.nba.com/wp-content/uploads/headshots/nba/latest/260x190/1641775.png","https://ak-static.cms.nba.com/wp-content/uploads/headshots/nba/latest/260x190/1641775.png","https://stats.nba.com/media/players/700/1641775.png","https://stats.nba.com/media/img/league/nba-headshot-fallback.png"
"844",25994,2024,"2023-24","NBA","Regular Season","2024-04-12",22301173,81,"Boston Celtics",1610612738,TRUE,FALSE,TRUE,"H","BOS vs. CHA","BOS",0,1,"CHA","BOS","CHA","W","Drew Peterson",2,110,120,1641809,TRUE,3,4,0.75,2,3,0.666666666666667,NA,TRUE,1,1,1,12,0,0,0,0,0,0,1,0,0,0,8,15,11,"https://stats.nba.com/media/img/teams/logos/season/2023-24/BOS_logo.svg","https://stats.nba.com/player/1641809","https://ak-static.cms.nba.com/wp-content/uploads/headshots/nba/latest/260x190/1641809.png","https://ak-static.cms.nba.com/wp-content/uploads/headshots/nba/latest/260x190/1641809.png","https://stats.nba.com/media/players/700/1641809.png","https://stats.nba.com/media/img/league/nba-headshot-fallback.png"
"845",26044,2024,"2023-24","NBA","Regular Season","2024-04-12",22301173,81,"Boston Celtics",1610612738,TRUE,FALSE,TRUE,"H","BOS vs. CHA","BOS",0,1,"CHA","BOS","CHA","W","JD Davison",7,20,1,1631120,TRUE,3,7,0.429,1,3,0.333333333333333,NA,TRUE,2,4,0.5,17,0,0,1,3,4,7,0,1,1,1,7,18,24.3,"https://stats.nba.com/media/img/teams/logos/season/2023-24/BOS_logo.svg","https://stats.nba.com/player/1631120","https://ak-static.cms.nba.com/wp-content/uploads/headshots/nba/latest/260x190/1631120.png","https://ak-static.cms.nba.com/wp-content/uploads/headshots/nba/latest/260x190/1631120.png","https://stats.nba.com/media/players/700/1631120.png","https://stats.nba.com/media/img/league/nba-headshot-fallback.png"
"846",26061,2024,"2023-24","NBA","Regular Season","2024-04-14",22301186,82,"Boston Celtics",1610612738,FALSE,FALSE,FALSE,"H","BOS vs. WAS","BOS",1,120,"WAS","BOS","WAS","W","Oshae Brissett",55,1,NA,1629052,TRUE,2,6,0.333,0,1,0,0,TRUE,2,5,0.4,16,0,3,0,2,2,1,1,3,3,0,4,-13,16.9,"https://stats.nba.com/media/img/teams/logos/season/2023-24/BOS_logo.svg","https://stats.nba.com/player/1629052","https://ak-static.cms.nba.com/wp-content/uploads/headshots/nba/latest/260x190/1629052.png","https://ak-static.cms.nba.com/wp-content/uploads/headshots/nba/latest/260x190/1629052.png","https://stats.nba.com/media/players/700/1629052.png","https://stats.nba.com/media/img/league/nba-headshot-fallback.png"
"847",26062,2024,"2023-24","NBA","Regular Season","2024-04-14",22301186,82,"Boston Celtics",1610612738,FALSE,FALSE,FALSE,"H","BOS vs. WAS","BOS",1,120,"WAS","BOS","WAS","W","Jaden Springer",49,1,NA,1630531,TRUE,2,4,0.5,1,2,0.5,1,TRUE,1,2,0.5,20,2,2,0,2,2,0,3,1,1,2,7,-9,20.4,"https://stats.nba.com/media/img/teams/logos/season/2023-24/BOS_logo.svg","https://stats.nba.com/player/1630531","https://ak-static.cms.nba.com/wp-content/uploads/headshots/nba/latest/260x190/1630531.png","https://ak-static.cms.nba.com/wp-content/uploads/headshots/nba/latest/260x190/1630531.png","https://stats.nba.com/media/players/700/1630531.png","https://stats.nba.com/media/img/league/nba-headshot-fallback.png"
"848",26194,2024,"2023-24","NBA","Regular Season","2024-04-14",22301186,82,"Boston Celtics",1610612738,FALSE,FALSE,FALSE,"H","BOS vs. WAS","BOS",1,120,"WAS","BOS","WAS","W","Svi Mykhailiuk",41,1,NA,1629004,TRUE,10,13,0.769,6,8,0.75,NA,TRUE,4,5,0.8,37,0,0,1,4,5,5,0,1,1,2,26,21,41.5,"https://stats.nba.com/media/img/teams/logos/season/2023-24/BOS_logo.svg","https://stats.nba.com/player/1629004","https://ak-static.cms.nba.com/wp-content/uploads/headshots/nba/latest/260x190/1629004.png","https://ak-static.cms.nba.com/wp-content/uploads/headshots/nba/latest/260x190/1629004.png","https://stats.nba.com/media/players/700/1629004.png","https://ak-static.cms.nba.com/wp-content/uploads/headshots/nba/latest/260x190/1629004.png"
"849",26195,2024,"2023-24","NBA","Regular Season","2024-04-14",22301186,82,"Boston Celtics",1610612738,FALSE,FALSE,FALSE,"H","BOS vs. WAS","BOS",1,120,"WAS","BOS","WAS","W","Sam Hauser",79,1,NA,1630573,TRUE,6,20,0.3,4,11,0.363636363636364,NA,TRUE,2,9,0.222222222222222,35,0,0,1,4,5,2,2,1,0,1,16,26,34,"https://stats.nba.com/media/img/teams/logos/season/2023-24/BOS_logo.svg","https://stats.nba.com/player/1630573","https://ak-static.cms.nba.com/wp-content/uploads/headshots/nba/latest/260x190/1630573.png","https://ak-static.cms.nba.com/wp-content/uploads/headshots/nba/latest/260x190/1630573.png","https://stats.nba.com/media/players/700/1630573.png","https://stats.nba.com/media/img/league/nba-headshot-fallback.png"
"850",26196,2024,"2023-24","NBA","Regular Season","2024-04-14",22301186,82,"Boston Celtics",1610612738,FALSE,FALSE,FALSE,"H","BOS vs. WAS","BOS",1,120,"WAS","BOS","WAS","W","Jordan Walsh",9,1,NA,1641775,TRUE,0,2,0,0,1,0,0.5,TRUE,0,1,0,17,1,2,0,3,3,1,2,0,1,1,1,10,11.1,"https://stats.nba.com/media/img/teams/logos/season/2023-24/BOS_logo.svg","https://stats.nba.com/player/1641775","https://ak-static.cms.nba.com/wp-content/uploads/headshots/nba/latest/260x190/1641775.png","https://ak-static.cms.nba.com/wp-content/uploads/headshots/nba/latest/260x190/1641775.png","https://stats.nba.com/media/players/700/1641775.png","https://stats.nba.com/media/img/league/nba-headshot-fallback.png"
"851",26246,2024,"2023-24","NBA","Regular Season","2024-04-14",22301186,82,"Boston Celtics",1610612738,FALSE,FALSE,FALSE,"H","BOS vs. WAS","BOS",1,120,"WAS","BOS","WAS","W","JD Davison",8,1,NA,1631120,TRUE,0,2,0,0,1,0,0.5,TRUE,0,1,0,10,1,2,0,3,3,2,1,0,1,2,1,-3,9.6,"https://stats.nba.com/media/img/teams/logos/season/2023-24/BOS_logo.svg","https://stats.nba.com/player/1631120","https://ak-static.cms.nba.com/wp-content/uploads/headshots/nba/latest/260x190/1631120.png","https://ak-static.cms.nba.com/wp-content/uploads/headshots/nba/latest/260x190/1631120.png","https://stats.nba.com/media/players/700/1631120.png","https://stats.nba.com/media/img/league/nba-headshot-fallback.png"
"852",26247,2024,"2023-24","NBA","Regular Season","2024-04-14",22301186,82,"Boston Celtics",1610612738,FALSE,FALSE,FALSE,"H","BOS vs. WAS","BOS",1,120,"WAS","BOS","WAS","W","Drew Peterson",3,1,NA,1641809,TRUE,0,1,0,0,1,0,NA,TRUE,0,0,0,8,0,0,0,1,1,0,1,0,1,0,0,-9,3.2,"https://stats.nba.com/media/img/teams/logos/season/2023-24/BOS_logo.svg","https://stats.nba.com/player/1641809","https://ak-static.cms.nba.com/wp-content/uploads/headshots/nba/latest/260x190/1641809.png","https://ak-static.cms.nba.com/wp-content/uploads/headshots/nba/latest/260x190/1641809.png","https://stats.nba.com/media/players/700/1641809.png","https://stats.nba.com/media/img/league/nba-headshot-fallback.png"
"853",26314,2024,"2023-24","NBA","Regular Season","2024-04-14",22301186,82,"Boston Celtics",1610612738,FALSE,FALSE,FALSE,"H","BOS vs. WAS","BOS",1,120,"WAS","BOS","WAS","W","Payton Pritchard",82,1,NA,1630202,TRUE,15,21,0.714,4,6,0.666666666666667,1,TRUE,11,15,0.733333333333333,44,4,4,1,8,9,12,0,0,2,3,38,13,64.8,"https://stats.nba.com/media/img/teams/logos/season/2023-24/BOS_logo.svg","https://stats.nba.com/player/1630202","https://ak-static.cms.nba.com/wp-content/uploads/headshots/nba/latest/260x190/1630202.png","https://ak-static.cms.nba.com/wp-content/uploads/headshots/nba/latest/260x190/1630202.png","https://stats.nba.com/media/players/700/1630202.png","https://stats.nba.com/media/img/league/nba-headshot-fallback.png"
"854",26376,2024,"2023-24","NBA","Regular Season","2024-04-14",22301186,82,"Boston Celtics",1610612738,FALSE,FALSE,FALSE,"H","BOS vs. WAS","BOS",1,120,"WAS","BOS","WAS","W","Luke Kornet",63,1,NA,1628436,TRUE,4,5,0.8,0,0,0,1,TRUE,4,5,0.8,27,3,3,3,5,8,5,0,3,0,0,11,18,37.1,"https://stats.nba.com/media/img/teams/logos/season/2023-24/BOS_logo.svg","https://stats.nba.com/player/1628436","https://ak-static.cms.nba.com/wp-content/uploads/headshots/nba/latest/260x190/1628436.png","https://ak-static.cms.nba.com/wp-content/uploads/headshots/nba/latest/260x190/1628436.png","https://stats.nba.com/media/players/700/1628436.png","https://ak-static.cms.nba.com/wp-content/uploads/headshots/nba/latest/260x190/1628436.png"
"855",26377,2024,"2023-24","NBA","Regular Season","2024-04-14",22301186,82,"Boston Celtics",1610612738,FALSE,FALSE,FALSE,"H","BOS vs. WAS","BOS",1,120,"WAS","BOS","WAS","W","Neemias Queta",28,1,NA,1629674,TRUE,8,11,0.727,0,0,0,0.75,TRUE,8,11,0.727272727272727,20,3,4,3,6,9,1,0,6,3,2,19,-4,46.3,"https://stats.nba.com/media/img/teams/logos/season/2023-24/BOS_logo.svg","https://stats.nba.com/player/1629674","https://ak-static.cms.nba.com/wp-content/uploads/headshots/nba/latest/260x190/1629674.png","https://ak-static.cms.nba.com/wp-content/uploads/headshots/nba/latest/260x190/1629674.png","https://stats.nba.com/media/players/700/1629674.png","https://stats.nba.com/media/img/league/nba-headshot-fallback.png"
"856",26378,2024,"2023-24","NBA","Regular Season","2024-04-14",22301186,82,"Boston Celtics",1610612738,FALSE,FALSE,FALSE,"H","BOS vs. WAS","BOS",1,120,"WAS","BOS","WAS","W","Xavier Tillman",54,1,NA,1630214,TRUE,4,4,1,1,1,1,0,TRUE,3,3,1,6,0,1,1,0,1,0,0,0,1,0,9,0,9.2,"https://stats.nba.com/media/img/teams/logos/season/2023-24/BOS_logo.svg","https://stats.nba.com/player/1630214","https://ak-static.cms.nba.com/wp-content/uploads/headshots/nba/latest/260x190/1630214.png","https://ak-static.cms.nba.com/wp-content/uploads/headshots/nba/latest/260x190/1630214.png","https://stats.nba.com/media/players/700/1630214.png","https://stats.nba.com/media/img/league/nba-headshot-fallback.png"
