"","yearSeason","slugSeason","slugLeague","typeSeason","dateGame","idGame","numberGameTeamSeason","nameTeam","idTeam","isB2B","isB2BFirst","isB2BSecond","locationGame","slugMatchup","slugTeam","countDaysRestTeam","countDaysNextGameTeam","slugOpponent","slugTeamWinner","slugTeamLoser","outcomeGame","namePlayer","numberGamePlayerSeason","countDaysRestPlayer","countDaysNextGamePlayer","idPlayer","isWin","fgm","fga","pctFG","fg3m","fg3a","pctFG3","pctFT","hasVideo","fg2m","fg2a","pctFG2","minutes","ftm","fta","oreb","dreb","treb","ast","stl","blk","tov","pf","pts","plusminus","fpts","urlTeamSeasonLogo","urlPlayerStats","urlPlayerThumbnail","urlPlayerHeadshot","urlPlayerActionPhoto","urlPlayerPhoto"
"1",2025,"2024-25","NBA","Regular Season",2024-10-22,22400061,1,"Boston Celtics",1610612738,FALSE,FALSE,FALSE,"H","BOS vs. NYK","BOS",120,1,"NYK","BOS","NYK","W","Al Horford",1,120,120,201143,TRUE,4,7,0.571,3,5,0.6,NA,TRUE,1,2,0.5,26,0,0,0,3,3,5,1,1,0,2,11,19,28.1,"https://stats.nba.com/media/img/teams/logos/season/2024-25/BOS_logo.svg","https://stats.nba.com/player/201143","https://stats.nba.com/media/players/230x185/201143.png","https://ak-static.cms.nba.com/wp-content/uploads/headshots/nba/latest/260x190/201143.png","https://stats.nba.com/media/players/700/201143.png","https://ak-static.cms.nba.com/wp-content/uploads/headshots/nba/latest/260x190/201143.png"
"2",2025,"2024-25","NBA","Regular Season",2024-10-22,22400061,1,"Boston Celtics",1610612738,FALSE,FALSE,FALSE,"H","BOS vs. NYK","BOS",120,1,"NYK","BOS","NYK","W","Jrue Holiday",1,120,120,201950,TRUE,7,9,0.778,4,6,0.666666666666667,NA,TRUE,3,3,1,31,0,0,2,2,4,4,1,0,0,2,18,23,31.8,"https://stats.nba.com/media/img/teams/logos/season/2024-25/BOS_logo.svg","https://stats.nba.com/player/201950","https://stats.nba.com/media/players/230x185/201950.png","https://ak-static.cms.nba.com/wp-content/uploads/headshots/nba/latest/260x190/201950.png","https://stats.nba.com/media/players/700/201950.png","https://ak-static.cms.nba.com/wp-content/uploads/headshots/nba/latest/260x190/201950.png"
"3",2025,"2024-25","NBA","Regular Season",2024-10-22,22400061,1,"Boston Celtics",1610612738,FALSE,FALSE,FALSE,"H","BOS vs. NYK","BOS",120,1,"NYK","BOS","NYK","W","Neemias Queta",1,120,120,1629674,TRUE,0,0,NA,0,0,0,NA,TRUE,0,0,0,4,0,0,0,0,0,0,0,0,0,1,0,0,0,"https://stats.nba.com/media/img/teams/logos/season/2024-25/BOS_logo.svg","https://stats.nba.com/player/1629674","https://ak-static.cms.nba.com/wp-content/uploads/headshots/nba/latest/260x190/1629674.png","https://ak-static.cms.nba.com/wp-content/uploads/headshots/nba/latest/260x190/1629674.png","https://stats.nba.com/media/players/700/1629674.png","https://stats.nba.com/media/img/league/nba-headshot-fallback.png"
"4",2025,"2024-25","NBA","Regular Season",2024-10-22,22400061,1,"Boston Celtics",1610612738,FALSE,FALSE,FALSE,"H","BOS vs. NYK","BOS",120,1,"NYK","BOS","NYK","W","Xavier Tillman",1,120,120,1630214,TRUE,1,6,0.167,0,3,0,NA,TRUE,1,3,0.333333333333333,18,0,0,3,4,7,2,0,0,0,1,2,-3,13.4,"https://stats.nba.com/media/img/teams/logos/season/2024-25/BOS_logo.svg","https://stats.nba.com/player/1630214","https://ak-static.cms.nba.com/wp-content/uploads/headshots/nba/latest/260x190/1630214.png","https://ak-static.cms.nba.com/wp-content/uploads/headshots/nba/latest/260x190/1630214.png","https://stats.nba.com/media/players/700/1630214.png","https://stats.nba.com/media/img/league/nba-headshot-fallback.png"
"5",2025,"2024-25","NBA","Regular Season",2024-10-22,22400061,1,"Boston Celtics",1610612738,FALSE,FALSE,FALSE,"H","BOS vs. NYK","BOS",120,1,"NYK","BOS","NYK","W","Jordan Walsh",1,120,120,1641775,TRUE,0,1,0,0,1,0,NA,TRUE,0,0,0,6,0,0,0,0,0,1,0,0,0,0,0,-9,1.5,"https://stats.nba.com/media/img/teams/logos/season/2024-25/BOS_logo.svg","https://stats.nba.com/player/1641775","https://ak-static.cms.nba.com/wp-content/uploads/headshots/nba/latest/260x190/1641775.png","https://ak-static.cms.nba.com/wp-content/uploads/headshots/nba/latest/260x190/1641775.png","https://stats.nba.com/media/players/700/1641775.png","https://stats.nba.com/media/img/league/nba-headshot-fallback.png"
"6",2025,"2024-25","NBA","Regular Season",2024-10-22,22400061,1,"Boston Celtics",1610612738,FALSE,FALSE,FALSE,"H","BOS vs. NYK","BOS",120,1,"NYK","BOS","NYK","W","Derrick White",1,120,120,1628401,TRUE,8,13,0.615,6,10,0.6,1,TRUE,2,3,0.666666666666667,27,2,2,0,3,3,4,1,0,0,1,24,21,36.6,"https://stats.nba.com/media/img/teams/logos/season/2024-25/BOS_logo.svg","https://stats.nba.com/player/1628401","https://ak-static.cms.nba.com/wp-content/uploads/headshots/nba/latest/260x190/1628401.png","https://ak-static.cms.nba.com/wp-content/uploads/headshots/nba/latest/260x190/1628401.png","https://stats.nba.com/media/players/700/1628401.png","https://ak-static.cms.nba.com/wp-content/uploads/headshots/nba/latest/260x190/1628401.png"
"7",2025,"2024-25","NBA","Regular Season",2024-10-22,22400061,1,"Boston Celtics",1610612738,FALSE,FALSE,FALSE,"H","BOS vs. NYK","BOS",120,1,"NYK","BOS","NYK","W","Luke Kornet",1,120,120,1628436,TRUE,2,3,0.667,0,0,0,NA,TRUE,2,3,0.666666666666667,19,0,0,2,1,3,1,1,1,0,0,4,2,15.1,"https://stats.nba.com/media/img/teams/logos/season/2024-25/BOS_logo.svg","https://stats.nba.com/player/1628436","https://ak-static.cms.nba.com/wp-content/uploads/headshots/nba/latest/260x190/1628436.png","https://ak-static.cms.nba.com/wp-content/uploads/headshots/nba/latest/260x190/1628436.png","https://stats.nba.com/media/players/700/1628436.png","https://ak-static.cms.nba.com/wp-content/uploads/headshots/nba/latest/260x190/1628436.png"
"8",2025,"2024-25","NBA","Regular Season",2024-10-22,22400061,1,"Boston Celtics",1610612738,FALSE,FALSE,FALSE,"H","BOS vs. NYK","BOS",120,1,"NYK","BOS","NYK","W","Sam Hauser",1,120,120,1630573,TRUE,4,10,0.4,2,7,0.285714285714286,NA,TRUE,2,3,0.666666666666667,24,0,0,1,4,5,1,0,0,0,2,10,6,17.5,"https://stats.nba.com/media/img/teams/logos/season/2024-25/BOS_logo.svg","https://stats.nba.com/player/1630573","https://ak-static.cms.nba.com/wp-content/uploads/headshots/nba/latest/260x190/1630573.png","https://ak-static.cms.nba.com/wp-content/uploads/headshots/nba/latest/260x190/1630573.png","https://stats.nba.com/media/players/700/1630573.png","https://stats.nba.com/media/img/league/nba-headshot-fallback.png"
"9",2025,"2024-25","NBA","Regular Season",2024-10-22,22400061,1,"Boston Celtics",1610612738,FALSE,FALSE,FALSE,"H","BOS vs. NYK","BOS",120,1,"NYK","BOS","NYK","W","Jayson Tatum",1,120,120,1628369,TRUE,14,18,0.778,8,11,0.727272727272727,0.5,TRUE,6,7,0.857142857142857,30,1,2,0,4,4,10,1,1,1,1,37,26,61.8,"https://stats.nba.com/media/img/teams/logos/season/2024-25/BOS_logo.svg","https://stats.nba.com/player/1628369","https://ak-static.cms.nba.com/wp-content/uploads/headshots/nba/latest/260x190/1628369.png","https://ak-static.cms.nba.com/wp-content/uploads/headshots/nba/latest/260x190/1628369.png","https://stats.nba.com/media/players/700/1628369.png","https://ak-static.cms.nba.com/wp-content/uploads/headshots/nba/latest/260x190/1628369.png"
"10",2025,"2024-25","NBA","Regular Season",2024-10-22,22400061,1,"Boston Celtics",1610612738,FALSE,FALSE,FALSE,"H","BOS vs. NYK","BOS",120,1,"NYK","BOS","NYK","W","Jaylen Brown",1,120,120,1627759,TRUE,7,18,0.389,5,9,0.555555555555556,1,TRUE,2,9,0.222222222222222,30,4,4,2,5,7,1,1,0,1,3,23,23,34.9,"https://stats.nba.com/media/img/teams/logos/season/2024-25/BOS_logo.svg","https://stats.nba.com/player/1627759","https://stats.nba.com/media/players/230x185/1627759.png","https://ak-static.cms.nba.com/wp-content/uploads/headshots/nba/latest/260x190/1627759.png","https://stats.nba.com/media/players/700/1627759.png","https://ak-static.cms.nba.com/wp-content/uploads/headshots/nba/latest/260x190/1627759.png"
"11",2025,"2024-25","NBA","Regular Season",2024-10-22,22400061,1,"Boston Celtics",1610612738,FALSE,FALSE,FALSE,"H","BOS vs. NYK","BOS",120,1,"NYK","BOS","NYK","W","Payton Pritchard",1,120,120,1630202,TRUE,1,10,0.1,1,9,0.111111111111111,NA,TRUE,0,1,0,25,0,0,1,3,4,4,0,0,1,2,3,7,12.8,"https://stats.nba.com/media/img/teams/logos/season/2024-25/BOS_logo.svg","https://stats.nba.com/player/1630202","https://ak-static.cms.nba.com/wp-content/uploads/headshots/nba/latest/260x190/1630202.png","https://ak-static.cms.nba.com/wp-content/uploads/headshots/nba/latest/260x190/1630202.png","https://stats.nba.com/media/players/700/1630202.png","https://stats.nba.com/media/img/league/nba-headshot-fallback.png"
"12",2025,"2024-25","NBA","Regular Season",2024-10-24,22400073,2,"Boston Celtics",1610612738,FALSE,FALSE,FALSE,"A","BOS @ WAS","BOS",1,1,"WAS","BOS","WAS","W","Jrue Holiday",2,1,1,201950,TRUE,1,4,0.25,0,1,0,1,TRUE,1,3,0.333333333333333,23,5,5,0,2,2,1,0,0,2,3,7,14,8.9,"https://stats.nba.com/media/img/teams/logos/season/2024-25/BOS_logo.svg","https://stats.nba.com/player/201950","https://stats.nba.com/media/players/230x185/201950.png","https://ak-static.cms.nba.com/wp-content/uploads/headshots/nba/latest/260x190/201950.png","https://stats.nba.com/media/players/700/201950.png","https://ak-static.cms.nba.com/wp-content/uploads/headshots/nba/latest/260x190/201950.png"
"13",2025,"2024-25","NBA","Regular Season",2024-10-24,22400073,2,"Boston Celtics",1610612738,FALSE,FALSE,FALSE,"A","BOS @ WAS","BOS",1,1,"WAS","BOS","WAS","W","Jayson Tatum",2,1,1,1628369,TRUE,9,20,0.45,3,11,0.272727272727273,0.571,TRUE,6,9,0.666666666666667,29,4,7,2,9,11,6,1,0,1,1,25,14,49.2,"https://stats.nba.com/media/img/teams/logos/season/2024-25/BOS_logo.svg","https://stats.nba.com/player/1628369","https://ak-static.cms.nba.com/wp-content/uploads/headshots/nba/latest/260x190/1628369.png","https://ak-static.cms.nba.com/wp-content/uploads/headshots/nba/latest/260x190/1628369.png","https://stats.nba.com/media/players/700/1628369.png","https://ak-static.cms.nba.com/wp-content/uploads/headshots/nba/latest/260x190/1628369.png"
"14",2025,"2024-25","NBA","Regular Season",2024-10-24,22400073,2,"Boston Celtics",1610612738,FALSE,FALSE,FALSE,"A","BOS @ WAS","BOS",1,1,"WAS","BOS","WAS","W","Derrick White",2,1,1,1628401,TRUE,6,11,0.545,4,7,0.571428571428571,0.75,TRUE,2,4,0.5,29,3,4,1,3,4,4,1,0,1,1,19,33,31.8,"https://stats.nba.com/media/img/teams/logos/season/2024-25/BOS_logo.svg","https://stats.nba.com/player/1628401","https://ak-static.cms.nba.com/wp-content/uploads/headshots/nba/latest/260x190/1628401.png","https://ak-static.cms.nba.com/wp-content/uploads/headshots/nba/latest/260x190/1628401.png","https://stats.nba.com/media/players/700/1628401.png","https://ak-static.cms.nba.com/wp-content/uploads/headshots/nba/latest/260x190/1628401.png"
"15",2025,"2024-25","NBA","Regular Season",2024-10-24,22400073,2,"Boston Celtics",1610612738,FALSE,FALSE,FALSE,"A","BOS @ WAS","BOS",1,1,"WAS","BOS","WAS","W","Neemias Queta",2,1,3,1629674,TRUE,5,7,0.714,0,1,0,1,TRUE,5,6,0.833333333333333,14,2,2,4,3,7,0,0,0,1,4,12,6,19.4,"https://stats.nba.com/media/img/teams/logos/season/2024-25/BOS_logo.svg","https://stats.nba.com/player/1629674","https://ak-static.cms.nba.com/wp-content/uploads/headshots/nba/latest/260x190/1629674.png","https://ak-static.cms.nba.com/wp-content/uploads/headshots/nba/latest/260x190/1629674.png","https://stats.nba.com/media/players/700/1629674.png","https://stats.nba.com/media/img/league/nba-headshot-fallback.png"
"16",2025,"2024-25","NBA","Regular Season",2024-10-24,22400073,2,"Boston Celtics",1610612738,FALSE,FALSE,FALSE,"A","BOS @ WAS","BOS",1,1,"WAS","BOS","WAS","W","Jaden Springer",1,120,120,1630531,TRUE,0,1,0,0,0,0,0.5,TRUE,0,1,0,6,1,2,2,1,3,1,0,0,0,0,1,-8,6.1,"https://stats.nba.com/media/img/teams/logos/season/2024-25/BOS_logo.svg","https://stats.nba.com/player/1630531","https://ak-static.cms.nba.com/wp-content/uploads/headshots/nba/latest/260x190/1630531.png","https://ak-static.cms.nba.com/wp-content/uploads/headshots/nba/latest/260x190/1630531.png","https://stats.nba.com/media/players/700/1630531.png","https://stats.nba.com/media/img/league/nba-headshot-fallback.png"
"17",2025,"2024-25","NBA","Regular Season",2024-10-24,22400073,2,"Boston Celtics",1610612738,FALSE,FALSE,FALSE,"A","BOS @ WAS","BOS",1,1,"WAS","BOS","WAS","W","JD Davison",1,120,120,1631120,TRUE,0,1,0,0,1,0,NA,TRUE,0,0,0,8,0,0,0,1,1,1,0,0,3,1,0,-10,-0.3,"https://stats.nba.com/media/img/teams/logos/season/2024-25/BOS_logo.svg","https://stats.nba.com/player/1631120","https://ak-static.cms.nba.com/wp-content/uploads/headshots/nba/latest/260x190/1631120.png","https://ak-static.cms.nba.com/wp-content/uploads/headshots/nba/latest/260x190/1631120.png","https://stats.nba.com/media/players/700/1631120.png","https://stats.nba.com/media/img/league/nba-headshot-fallback.png"
"18",2025,"2024-25","NBA","Regular Season",2024-10-24,22400073,2,"Boston Celtics",1610612738,FALSE,FALSE,FALSE,"A","BOS @ WAS","BOS",1,1,"WAS","BOS","WAS","W","Baylor Scheierman",1,120,120,1631248,TRUE,1,3,0.333,0,2,0,1,TRUE,1,1,1,8,2,2,0,1,1,0,0,0,0,1,4,-10,5.2,"https://stats.nba.com/media/img/teams/logos/season/2024-25/BOS_logo.svg","https://stats.nba.com/player/1631248","https://ak-static.cms.nba.com/wp-content/uploads/headshots/nba/latest/260x190/1631248.png","https://ak-static.cms.nba.com/wp-content/uploads/headshots/nba/latest/260x190/1631248.png","https://stats.nba.com/media/players/700/1631248.png","https://stats.nba.com/media/img/league/nba-headshot-fallback.png"
"19",2025,"2024-25","NBA","Regular Season",2024-10-24,22400073,2,"Boston Celtics",1610612738,FALSE,FALSE,FALSE,"A","BOS @ WAS","BOS",1,1,"WAS","BOS","WAS","W","Jordan Walsh",2,1,3,1641775,TRUE,0,3,0,0,2,0,NA,TRUE,0,1,0,10,0,0,0,0,0,0,0,1,0,1,0,-10,3,"https://stats.nba.com/media/img/teams/logos/season/2024-25/BOS_logo.svg","https://stats.nba.com/player/1641775","https://ak-static.cms.nba.com/wp-content/uploads/headshots/nba/latest/260x190/1641775.png","https://ak-static.cms.nba.com/wp-content/uploads/headshots/nba/latest/260x190/1641775.png","https://stats.nba.com/media/players/700/1641775.png","https://stats.nba.com/media/img/league/nba-headshot-fallback.png"
"20",2025,"2024-25","NBA","Regular Season",2024-10-24,22400073,2,"Boston Celtics",1610612738,FALSE,FALSE,FALSE,"A","BOS @ WAS","BOS",1,1,"WAS","BOS","WAS","W","Drew Peterson",1,120,120,1641809,TRUE,0,0,NA,0,0,0,NA,TRUE,0,0,0,4,0,0,0,1,1,0,1,2,1,0,0,-7,9.2,"https://stats.nba.com/media/img/teams/logos/season/2024-25/BOS_logo.svg","https://stats.nba.com/player/1641809","https://ak-static.cms.nba.com/wp-content/uploads/headshots/nba/latest/260x190/1641809.png","https://ak-static.cms.nba.com/wp-content/uploads/headshots/nba/latest/260x190/1641809.png","https://stats.nba.com/media/players/700/1641809.png","https://stats.nba.com/media/img/league/nba-headshot-fallback.png"
"21",2025,"2024-25","NBA","Regular Season",2024-10-24,22400073,2,"Boston Celtics",1610612738,FALSE,FALSE,FALSE,"A","BOS @ WAS","BOS",1,1,"WAS","BOS","WAS","W","Jaylen Brown",2,1,1,1627759,TRUE,10,20,0.5,3,6,0.5,0.8,TRUE,7,14,0.5,30,4,5,1,7,8,3,4,0,2,1,27,22,51.1,"https://stats.nba.com/media/img/teams/logos/season/2024-25/BOS_logo.svg","https://stats.nba.com/player/1627759","https://stats.nba.com/media/players/230x185/1627759.png","https://ak-static.cms.nba.com/wp-content/uploads/headshots/nba/latest/260x190/1627759.png","https://stats.nba.com/media/players/700/1627759.png","https://ak-static.cms.nba.com/wp-content/uploads/headshots/nba/latest/260x190/1627759.png"
"22",2025,"2024-25","NBA","Regular Season",2024-10-24,22400073,2,"Boston Celtics",1610612738,FALSE,FALSE,FALSE,"A","BOS @ WAS","BOS",1,1,"WAS","BOS","WAS","W","Xavier Tillman",2,1,1,1630214,TRUE,3,4,0.75,2,3,0.666666666666667,NA,TRUE,1,1,1,15,0,0,0,1,1,1,0,0,1,1,8,15,9.7,"https://stats.nba.com/media/img/teams/logos/season/2024-25/BOS_logo.svg","https://stats.nba.com/player/1630214","https://ak-static.cms.nba.com/wp-content/uploads/headshots/nba/latest/260x190/1630214.png","https://ak-static.cms.nba.com/wp-content/uploads/headshots/nba/latest/260x190/1630214.png","https://stats.nba.com/media/players/700/1630214.png","https://stats.nba.com/media/img/league/nba-headshot-fallback.png"
"23",2025,"2024-25","NBA","Regular Season",2024-10-24,22400073,2,"Boston Celtics",1610612738,FALSE,FALSE,FALSE,"A","BOS @ WAS","BOS",1,1,"WAS","BOS","WAS","W","Al Horford",2,1,1,201143,TRUE,0,2,0,0,1,0,NA,TRUE,0,1,0,20,0,0,1,4,5,1,0,0,2,0,0,17,5.5,"https://stats.nba.com/media/img/teams/logos/season/2024-25/BOS_logo.svg","https://stats.nba.com/player/201143","https://stats.nba.com/media/players/230x185/201143.png","https://ak-static.cms.nba.com/wp-content/uploads/headshots/nba/latest/260x190/201143.png","https://stats.nba.com/media/players/700/201143.png","https://ak-static.cms.nba.com/wp-content/uploads/headshots/nba/latest/260x190/201143.png"
"24",2025,"2024-25","NBA","Regular Season",2024-10-24,22400073,2,"Boston Celtics",1610612738,FALSE,FALSE,FALSE,"A","BOS @ WAS","BOS",1,1,"WAS","BOS","WAS","W","Luke Kornet",2,1,1,1628436,TRUE,2,3,0.667,0,0,0,NA,TRUE,2,3,0.666666666666667,16,0,0,1,3,4,1,0,0,0,4,4,13,10.3,"https://stats.nba.com/media/img/teams/logos/season/2024-25/BOS_logo.svg","https://stats.nba.com/player/1628436","https://ak-static.cms.nba.com/wp-content/uploads/headshots/nba/latest/260x190/1628436.png","https://ak-static.cms.nba.com/wp-content/uploads/headshots/nba/latest/260x190/1628436.png","https://stats.nba.com/media/players/700/1628436.png","https://ak-static.cms.nba.com/wp-content/uploads/headshots/nba/latest/260x190/1628436.png"
"25",2025,"2024-25","NBA","Regular Season",2024-10-24,22400073,2,"Boston Celtics",1610612738,FALSE,FALSE,FALSE,"A","BOS @ WAS","BOS",1,1,"WAS","BOS","WAS","W","Payton Pritchard",2,1,1,1630202,TRUE,5,11,0.455,5,10,0.5,NA,TRUE,0,1,0,28,0,0,0,1,1,2,0,0,0,1,15,11,19.2,"https://stats.nba.com/media/img/teams/logos/season/2024-25/BOS_logo.svg","https://stats.nba.com/player/1630202","https://ak-static.cms.nba.com/wp-content/uploads/headshots/nba/latest/260x190/1630202.png","https://ak-static.cms.nba.com/wp-content/uploads/headshots/nba/latest/260x190/1630202.png","https://stats.nba.com/media/players/700/1630202.png","https://stats.nba.com/media/img/league/nba-headshot-fallback.png"
"26",2025,"2024-25","NBA","Regular Season",2024-10-26,22400089,3,"Boston Celtics",1610612738,FALSE,FALSE,FALSE,"A","BOS @ DET","BOS",1,1,"DET","BOS","DET","W","Al Horford",3,1,1,201143,TRUE,6,10,0.6,5,8,0.625,NA,TRUE,1,2,0.5,32,0,0,2,3,5,1,3,0,0,0,17,21,33.5,"https://stats.nba.com/media/img/teams/logos/season/2024-25/BOS_logo.svg","https://stats.nba.com/player/201143","https://stats.nba.com/media/players/230x185/201143.png","https://ak-static.cms.nba.com/wp-content/uploads/headshots/nba/latest/260x190/201143.png","https://stats.nba.com/media/players/700/201143.png","https://ak-static.cms.nba.com/wp-content/uploads/headshots/nba/latest/260x190/201143.png"
"27",2025,"2024-25","NBA","Regular Season",2024-10-26,22400089,3,"Boston Celtics",1610612738,FALSE,FALSE,FALSE,"A","BOS @ DET","BOS",1,1,"DET","BOS","DET","W","Derrick White",3,1,1,1628401,TRUE,6,14,0.429,0,6,0,1,TRUE,6,8,0.75,39,5,5,2,4,6,3,0,3,1,2,17,7,36.7,"https://stats.nba.com/media/img/teams/logos/season/2024-25/BOS_logo.svg","https://stats.nba.com/player/1628401","https://ak-static.cms.nba.com/wp-content/uploads/headshots/nba/latest/260x190/1628401.png","https://ak-static.cms.nba.com/wp-content/uploads/headshots/nba/latest/260x190/1628401.png","https://stats.nba.com/media/players/700/1628401.png","https://ak-static.cms.nba.com/wp-content/uploads/headshots/nba/latest/260x190/1628401.png"
"28",2025,"2024-25","NBA","Regular Season",2024-10-26,22400089,3,"Boston Celtics",1610612738,FALSE,FALSE,FALSE,"A","BOS @ DET","BOS",1,1,"DET","BOS","DET","W","Payton Pritchard",3,1,1,1630202,TRUE,5,8,0.625,5,7,0.714285714285714,1,TRUE,0,1,0,19,4,4,0,2,2,0,1,0,0,1,19,-5,24.4,"https://stats.nba.com/media/img/teams/logos/season/2024-25/BOS_logo.svg","https://stats.nba.com/player/1630202","https://ak-static.cms.nba.com/wp-content/uploads/headshots/nba/latest/260x190/1630202.png","https://ak-static.cms.nba.com/wp-content/uploads/headshots/nba/latest/260x190/1630202.png","https://stats.nba.com/media/players/700/1630202.png","https://stats.nba.com/media/img/league/nba-headshot-fallback.png"
"29",2025,"2024-25","NBA","Regular Season",2024-10-26,22400089,3,"Boston Celtics",1610612738,FALSE,FALSE,FALSE,"A","BOS @ DET","BOS",1,1,"DET","BOS","DET","W","Jrue Holiday",3,1,1,201950,TRUE,2,5,0.4,2,3,0.666666666666667,0.5,TRUE,0,2,0,36,1,2,1,2,3,4,0,1,3,2,7,-2,16.6,"https://stats.nba.com/media/img/teams/logos/season/2024-25/BOS_logo.svg","https://stats.nba.com/player/201950","https://stats.nba.com/media/players/230x185/201950.png","https://ak-static.cms.nba.com/wp-content/uploads/headshots/nba/latest/260x190/201950.png","https://stats.nba.com/media/players/700/201950.png","https://ak-static.cms.nba.com/wp-content/uploads/headshots/nba/latest/260x190/201950.png"
"30",2025,"2024-25","NBA","Regular Season",2024-10-26,22400089,3,"Boston Celtics",1610612738,FALSE,FALSE,FALSE,"A","BOS @ DET","BOS",1,1,"DET","BOS","DET","W","Jaylen Brown",3,1,1,1627759,TRUE,6,24,0.25,3,9,0.333333333333333,0.9,TRUE,3,15,0.2,38,9,10,3,7,10,5,1,0,2,2,24,11,44.5,"https://stats.nba.com/media/img/teams/logos/season/2024-25/BOS_logo.svg","https://stats.nba.com/player/1627759","https://stats.nba.com/media/players/230x185/1627759.png","https://ak-static.cms.nba.com/wp-content/uploads/headshots/nba/latest/260x190/1627759.png","https://stats.nba.com/media/players/700/1627759.png","https://ak-static.cms.nba.com/wp-content/uploads/headshots/nba/latest/260x190/1627759.png"
"31",2025,"2024-25","NBA","Regular Season",2024-10-26,22400089,3,"Boston Celtics",1610612738,FALSE,FALSE,FALSE,"A","BOS @ DET","BOS",1,1,"DET","BOS","DET","W","Jayson Tatum",3,1,1,1628369,TRUE,12,26,0.462,6,13,0.461538461538462,0.778,TRUE,6,13,0.461538461538462,38,7,9,1,3,4,2,2,1,1,5,37,1,52.8,"https://stats.nba.com/media/img/teams/logos/season/2024-25/BOS_logo.svg","https://stats.nba.com/player/1628369","https://ak-static.cms.nba.com/wp-content/uploads/headshots/nba/latest/260x190/1628369.png","https://ak-static.cms.nba.com/wp-content/uploads/headshots/nba/latest/260x190/1628369.png","https://stats.nba.com/media/players/700/1628369.png","https://ak-static.cms.nba.com/wp-content/uploads/headshots/nba/latest/260x190/1628369.png"
"32",2025,"2024-25","NBA","Regular Season",2024-10-26,22400089,3,"Boston Celtics",1610612738,FALSE,FALSE,FALSE,"A","BOS @ DET","BOS",1,1,"DET","BOS","DET","W","Luke Kornet",3,1,1,1628436,TRUE,0,1,0,0,0,0,NA,TRUE,0,1,0,19,0,0,3,1,4,3,1,1,2,2,0,-5,13.3,"https://stats.nba.com/media/img/teams/logos/season/2024-25/BOS_logo.svg","https://stats.nba.com/player/1628436","https://ak-static.cms.nba.com/wp-content/uploads/headshots/nba/latest/260x190/1628436.png","https://ak-static.cms.nba.com/wp-content/uploads/headshots/nba/latest/260x190/1628436.png","https://stats.nba.com/media/players/700/1628436.png","https://ak-static.cms.nba.com/wp-content/uploads/headshots/nba/latest/260x190/1628436.png"
"33",2025,"2024-25","NBA","Regular Season",2024-10-26,22400089,3,"Boston Celtics",1610612738,FALSE,FALSE,FALSE,"A","BOS @ DET","BOS",1,1,"DET","BOS","DET","W","Xavier Tillman",3,1,1,1630214,TRUE,1,2,0.5,1,2,0.5,NA,TRUE,0,0,0,18,0,0,1,2,3,1,2,0,1,2,3,2,13.1,"https://stats.nba.com/media/img/teams/logos/season/2024-25/BOS_logo.svg","https://stats.nba.com/player/1630214","https://ak-static.cms.nba.com/wp-content/uploads/headshots/nba/latest/260x190/1630214.png","https://ak-static.cms.nba.com/wp-content/uploads/headshots/nba/latest/260x190/1630214.png","https://stats.nba.com/media/players/700/1630214.png","https://stats.nba.com/media/img/league/nba-headshot-fallback.png"
"34",2025,"2024-25","NBA","Regular Season",2024-10-28,22400104,4,"Boston Celtics",1610612738,FALSE,FALSE,FALSE,"H","BOS vs. MIL","BOS",1,1,"MIL","BOS","MIL","W","Al Horford",4,1,1,201143,TRUE,4,5,0.8,2,2,1,NA,TRUE,2,3,0.666666666666667,27,0,0,0,5,5,1,0,2,0,2,10,6,23.5,"https://stats.nba.com/media/img/teams/logos/season/2024-25/BOS_logo.svg","https://stats.nba.com/player/201143","https://stats.nba.com/media/players/230x185/201143.png","https://ak-static.cms.nba.com/wp-content/uploads/headshots/nba/latest/260x190/201143.png","https://stats.nba.com/media/players/700/201143.png","https://ak-static.cms.nba.com/wp-content/uploads/headshots/nba/latest/260x190/201143.png"
"35",2025,"2024-25","NBA","Regular Season",2024-10-28,22400104,4,"Boston Celtics",1610612738,FALSE,FALSE,FALSE,"H","BOS vs. MIL","BOS",1,1,"MIL","BOS","MIL","W","Jordan Walsh",3,3,1,1641775,TRUE,1,3,0.333,0,2,0,NA,TRUE,1,1,1,13,0,0,1,2,3,0,0,0,0,1,2,10,5.6,"https://stats.nba.com/media/img/teams/logos/season/2024-25/BOS_logo.svg","https://stats.nba.com/player/1641775","https://ak-static.cms.nba.com/wp-content/uploads/headshots/nba/latest/260x190/1641775.png","https://ak-static.cms.nba.com/wp-content/uploads/headshots/nba/latest/260x190/1641775.png","https://stats.nba.com/media/players/700/1641775.png","https://stats.nba.com/media/img/league/nba-headshot-fallback.png"
"36",2025,"2024-25","NBA","Regular Season",2024-10-28,22400104,4,"Boston Celtics",1610612738,FALSE,FALSE,FALSE,"H","BOS vs. MIL","BOS",1,1,"MIL","BOS","MIL","W","Drew Peterson",2,3,15,1641809,TRUE,0,1,0,0,1,0,NA,TRUE,0,0,0,2,0,0,0,0,0,0,0,0,0,0,0,-5,0,"https://stats.nba.com/media/img/teams/logos/season/2024-25/BOS_logo.svg","https://stats.nba.com/player/1641809","https://ak-static.cms.nba.com/wp-content/uploads/headshots/nba/latest/260x190/1641809.png","https://ak-static.cms.nba.com/wp-content/uploads/headshots/nba/latest/260x190/1641809.png","https://stats.nba.com/media/players/700/1641809.png","https://stats.nba.com/media/img/league/nba-headshot-fallback.png"
"37",2025,"2024-25","NBA","Regular Season",2024-10-28,22400104,4,"Boston Celtics",1610612738,FALSE,FALSE,FALSE,"H","BOS vs. MIL","BOS",1,1,"MIL","BOS","MIL","W","Jayson Tatum",4,1,1,1628369,TRUE,6,16,0.375,1,8,0.125,1,TRUE,5,8,0.625,36,2,2,0,8,8,4,2,1,3,5,15,18,36.6,"https://stats.nba.com/media/img/teams/logos/season/2024-25/BOS_logo.svg","https://stats.nba.com/player/1628369","https://ak-static.cms.nba.com/wp-content/uploads/headshots/nba/latest/260x190/1628369.png","https://ak-static.cms.nba.com/wp-content/uploads/headshots/nba/latest/260x190/1628369.png","https://stats.nba.com/media/players/700/1628369.png","https://ak-static.cms.nba.com/wp-content/uploads/headshots/nba/latest/260x190/1628369.png"
"38",2025,"2024-25","NBA","Regular Season",2024-10-28,22400104,4,"Boston Celtics",1610612738,FALSE,FALSE,FALSE,"H","BOS vs. MIL","BOS",1,1,"MIL","BOS","MIL","W","Payton Pritchard",4,1,1,1630202,TRUE,10,14,0.714,8,12,0.666666666666667,NA,TRUE,2,2,1,28,0,0,2,3,5,3,2,0,2,2,28,12,42.5,"https://stats.nba.com/media/img/teams/logos/season/2024-25/BOS_logo.svg","https://stats.nba.com/player/1630202","https://ak-static.cms.nba.com/wp-content/uploads/headshots/nba/latest/260x190/1630202.png","https://ak-static.cms.nba.com/wp-content/uploads/headshots/nba/latest/260x190/1630202.png","https://stats.nba.com/media/players/700/1630202.png","https://stats.nba.com/media/img/league/nba-headshot-fallback.png"
"39",2025,"2024-25","NBA","Regular Season",2024-10-28,22400104,4,"Boston Celtics",1610612738,FALSE,FALSE,FALSE,"H","BOS vs. MIL","BOS",1,1,"MIL","BOS","MIL","W","Baylor Scheierman",2,3,6,1631248,TRUE,0,0,NA,0,0,0,NA,TRUE,0,0,0,2,0,0,0,0,0,0,0,0,0,0,0,-5,0,"https://stats.nba.com/media/img/teams/logos/season/2024-25/BOS_logo.svg","https://stats.nba.com/player/1631248","https://ak-static.cms.nba.com/wp-content/uploads/headshots/nba/latest/260x190/1631248.png","https://ak-static.cms.nba.com/wp-content/uploads/headshots/nba/latest/260x190/1631248.png","https://stats.nba.com/media/players/700/1631248.png","https://stats.nba.com/media/img/league/nba-headshot-fallback.png"
"40",2025,"2024-25","NBA","Regular Season",2024-10-28,22400104,4,"Boston Celtics",1610612738,FALSE,FALSE,FALSE,"H","BOS vs. MIL","BOS",1,1,"MIL","BOS","MIL","W","Derrick White",4,1,1,1628401,TRUE,5,13,0.385,3,10,0.3,NA,TRUE,2,3,0.666666666666667,34,0,0,0,3,3,8,1,1,0,2,13,10,34.6,"https://stats.nba.com/media/img/teams/logos/season/2024-25/BOS_logo.svg","https://stats.nba.com/player/1628401","https://ak-static.cms.nba.com/wp-content/uploads/headshots/nba/latest/260x190/1628401.png","https://ak-static.cms.nba.com/wp-content/uploads/headshots/nba/latest/260x190/1628401.png","https://stats.nba.com/media/players/700/1628401.png","https://ak-static.cms.nba.com/wp-content/uploads/headshots/nba/latest/260x190/1628401.png"
"41",2025,"2024-25","NBA","Regular Season",2024-10-28,22400104,4,"Boston Celtics",1610612738,FALSE,FALSE,FALSE,"H","BOS vs. MIL","BOS",1,1,"MIL","BOS","MIL","W","Luke Kornet",4,1,1,1628436,TRUE,0,0,NA,0,0,0,NA,TRUE,0,0,0,10,0,0,0,1,1,1,0,1,0,0,0,-5,5.7,"https://stats.nba.com/media/img/teams/logos/season/2024-25/BOS_logo.svg","https://stats.nba.com/player/1628436","https://ak-static.cms.nba.com/wp-content/uploads/headshots/nba/latest/260x190/1628436.png","https://ak-static.cms.nba.com/wp-content/uploads/headshots/nba/latest/260x190/1628436.png","https://stats.nba.com/media/players/700/1628436.png","https://ak-static.cms.nba.com/wp-content/uploads/headshots/nba/latest/260x190/1628436.png"
"42",2025,"2024-25","NBA","Regular Season",2024-10-28,22400104,4,"Boston Celtics",1610612738,FALSE,FALSE,FALSE,"H","BOS vs. MIL","BOS",1,1,"MIL","BOS","MIL","W","Neemias Queta",3,3,1,1629674,TRUE,0,1,0,0,0,0,NA,TRUE,0,1,0,2,0,0,0,0,0,0,0,0,0,0,0,-5,0,"https://stats.nba.com/media/img/teams/logos/season/2024-25/BOS_logo.svg","https://stats.nba.com/player/1629674","https://ak-static.cms.nba.com/wp-content/uploads/headshots/nba/latest/260x190/1629674.png","https://ak-static.cms.nba.com/wp-content/uploads/headshots/nba/latest/260x190/1629674.png","https://stats.nba.com/media/players/700/1629674.png","https://stats.nba.com/media/img/league/nba-headshot-fallback.png"
"43",2025,"2024-25","NBA","Regular Season",2024-10-28,22400104,4,"Boston Celtics",1610612738,FALSE,FALSE,FALSE,"H","BOS vs. MIL","BOS",1,1,"MIL","BOS","MIL","W","Xavier Tillman",4,1,1,1630214,TRUE,0,3,0,0,1,0,NA,TRUE,0,2,0,15,0,0,0,3,3,0,0,0,1,2,0,10,2.6,"https://stats.nba.com/media/img/teams/logos/season/2024-25/BOS_logo.svg","https://stats.nba.com/player/1630214","https://ak-static.cms.nba.com/wp-content/uploads/headshots/nba/latest/260x190/1630214.png","https://ak-static.cms.nba.com/wp-content/uploads/headshots/nba/latest/260x190/1630214.png","https://stats.nba.com/media/players/700/1630214.png","https://stats.nba.com/media/img/league/nba-headshot-fallback.png"
"44",2025,"2024-25","NBA","Regular Season",2024-10-28,22400104,4,"Boston Celtics",1610612738,FALSE,FALSE,FALSE,"H","BOS vs. MIL","BOS",1,1,"MIL","BOS","MIL","W","Jaylen Brown",4,1,1,1627759,TRUE,10,19,0.526,0,4,0,0.714,TRUE,10,15,0.666666666666667,38,10,14,1,5,6,4,0,0,4,2,30,8,39.2,"https://stats.nba.com/media/img/teams/logos/season/2024-25/BOS_logo.svg","https://stats.nba.com/player/1627759","https://stats.nba.com/media/players/230x185/1627759.png","https://ak-static.cms.nba.com/wp-content/uploads/headshots/nba/latest/260x190/1627759.png","https://stats.nba.com/media/players/700/1627759.png","https://ak-static.cms.nba.com/wp-content/uploads/headshots/nba/latest/260x190/1627759.png"
"45",2025,"2024-25","NBA","Regular Season",2024-10-28,22400104,4,"Boston Celtics",1610612738,FALSE,FALSE,FALSE,"H","BOS vs. MIL","BOS",1,1,"MIL","BOS","MIL","W","Jaden Springer",2,3,3,1630531,TRUE,0,0,NA,0,0,0,NA,TRUE,0,0,0,2,0,0,0,0,0,0,0,0,1,0,0,-5,-1,"https://stats.nba.com/media/img/teams/logos/season/2024-25/BOS_logo.svg","https://stats.nba.com/player/1630531","https://ak-static.cms.nba.com/wp-content/uploads/headshots/nba/latest/260x190/1630531.png","https://ak-static.cms.nba.com/wp-content/uploads/headshots/nba/latest/260x190/1630531.png","https://stats.nba.com/media/players/700/1630531.png","https://stats.nba.com/media/img/league/nba-headshot-fallback.png"
"46",2025,"2024-25","NBA","Regular Season",2024-10-28,22400104,4,"Boston Celtics",1610612738,FALSE,FALSE,FALSE,"H","BOS vs. MIL","BOS",1,1,"MIL","BOS","MIL","W","Jrue Holiday",4,1,1,201950,TRUE,7,12,0.583,4,7,0.571428571428571,1,TRUE,3,5,0.6,33,3,3,0,4,4,3,0,0,1,2,21,6,29.3,"https://stats.nba.com/media/img/teams/logos/season/2024-25/BOS_logo.svg","https://stats.nba.com/player/201950","https://stats.nba.com/media/players/230x185/201950.png","https://ak-static.cms.nba.com/wp-content/uploads/headshots/nba/latest/260x190/201950.png","https://stats.nba.com/media/players/700/201950.png","https://ak-static.cms.nba.com/wp-content/uploads/headshots/nba/latest/260x190/201950.png"
"47",2025,"2024-25","NBA","Regular Season",2024-10-30,22400119,5,"Boston Celtics",1610612738,FALSE,TRUE,FALSE,"A","BOS @ IND","BOS",1,1,"IND","IND","BOS","L","Al Horford",5,1,2,201143,FALSE,3,6,0.5,2,4,0.5,NA,TRUE,1,2,0.5,19,0,0,1,3,4,1,1,0,1,1,8,-12,16.3,"https://stats.nba.com/media/img/teams/logos/season/2024-25/BOS_logo.svg","https://stats.nba.com/player/201143","https://stats.nba.com/media/players/230x185/201143.png","https://ak-static.cms.nba.com/wp-content/uploads/headshots/nba/latest/260x190/201143.png","https://stats.nba.com/media/players/700/201143.png","https://ak-static.cms.nba.com/wp-content/uploads/headshots/nba/latest/260x190/201143.png"
"48",2025,"2024-25","NBA","Regular Season",2024-10-30,22400119,5,"Boston Celtics",1610612738,FALSE,TRUE,FALSE,"A","BOS @ IND","BOS",1,1,"IND","IND","BOS","L","Derrick White",5,1,1,1628401,FALSE,8,9,0.889,5,5,1,1,TRUE,3,4,0.75,37,2,2,1,2,3,1,1,1,2,4,23,-7,32.1,"https://stats.nba.com/media/img/teams/logos/season/2024-25/BOS_logo.svg","https://stats.nba.com/player/1628401","https://ak-static.cms.nba.com/wp-content/uploads/headshots/nba/latest/260x190/1628401.png","https://ak-static.cms.nba.com/wp-content/uploads/headshots/nba/latest/260x190/1628401.png","https://stats.nba.com/media/players/700/1628401.png","https://ak-static.cms.nba.com/wp-content/uploads/headshots/nba/latest/260x190/1628401.png"
"49",2025,"2024-25","NBA","Regular Season",2024-10-30,22400119,5,"Boston Celtics",1610612738,FALSE,TRUE,FALSE,"A","BOS @ IND","BOS",1,1,"IND","IND","BOS","L","Payton Pritchard",5,1,1,1630202,FALSE,5,14,0.357,4,11,0.363636363636364,1,TRUE,1,3,0.333333333333333,39,2,2,2,2,4,4,1,0,1,2,16,8,28.8,"https://stats.nba.com/media/img/teams/logos/season/2024-25/BOS_logo.svg","https://stats.nba.com/player/1630202","https://ak-static.cms.nba.com/wp-content/uploads/headshots/nba/latest/260x190/1630202.png","https://ak-static.cms.nba.com/wp-content/uploads/headshots/nba/latest/260x190/1630202.png","https://stats.nba.com/media/players/700/1630202.png","https://stats.nba.com/media/img/league/nba-headshot-fallback.png"
"50",2025,"2024-25","NBA","Regular Season",2024-10-30,22400119,5,"Boston Celtics",1610612738,FALSE,TRUE,FALSE,"A","BOS @ IND","BOS",1,1,"IND","IND","BOS","L","Xavier Tillman",5,1,2,1630214,FALSE,0,3,0,0,1,0,NA,TRUE,0,2,0,8,0,0,1,1,2,0,1,0,0,0,0,2,5.4,"https://stats.nba.com/media/img/teams/logos/season/2024-25/BOS_logo.svg","https://stats.nba.com/player/1630214","https://ak-static.cms.nba.com/wp-content/uploads/headshots/nba/latest/260x190/1630214.png","https://ak-static.cms.nba.com/wp-content/uploads/headshots/nba/latest/260x190/1630214.png","https://stats.nba.com/media/players/700/1630214.png","https://stats.nba.com/media/img/league/nba-headshot-fallback.png"
"51",2025,"2024-25","NBA","Regular Season",2024-10-30,22400119,5,"Boston Celtics",1610612738,FALSE,TRUE,FALSE,"A","BOS @ IND","BOS",1,1,"IND","IND","BOS","L","Jayson Tatum",5,1,1,1628369,FALSE,10,25,0.4,5,18,0.277777777777778,0.8,TRUE,5,7,0.714285714285714,43,12,15,1,7,8,4,4,0,3,3,37,-7,61.6,"https://stats.nba.com/media/img/teams/logos/season/2024-25/BOS_logo.svg","https://stats.nba.com/player/1628369","https://ak-static.cms.nba.com/wp-content/uploads/headshots/nba/latest/260x190/1628369.png","https://ak-static.cms.nba.com/wp-content/uploads/headshots/nba/latest/260x190/1628369.png","https://stats.nba.com/media/players/700/1628369.png","https://ak-static.cms.nba.com/wp-content/uploads/headshots/nba/latest/260x190/1628369.png"
"52",2025,"2024-25","NBA","Regular Season",2024-10-30,22400119,5,"Boston Celtics",1610612738,FALSE,TRUE,FALSE,"A","BOS @ IND","BOS",1,1,"IND","IND","BOS","L","Luke Kornet",5,1,1,1628436,FALSE,1,5,0.2,0,0,0,1,TRUE,1,5,0.2,16,6,6,7,2,9,2,0,0,0,2,8,-3,21.8,"https://stats.nba.com/media/img/teams/logos/season/2024-25/BOS_logo.svg","https://stats.nba.com/player/1628436","https://ak-static.cms.nba.com/wp-content/uploads/headshots/nba/latest/260x190/1628436.png","https://ak-static.cms.nba.com/wp-content/uploads/headshots/nba/latest/260x190/1628436.png","https://stats.nba.com/media/players/700/1628436.png","https://ak-static.cms.nba.com/wp-content/uploads/headshots/nba/latest/260x190/1628436.png"
"53",2025,"2024-25","NBA","Regular Season",2024-10-30,22400119,5,"Boston Celtics",1610612738,FALSE,TRUE,FALSE,"A","BOS @ IND","BOS",1,1,"IND","IND","BOS","L","Jrue Holiday",5,1,1,201950,FALSE,3,9,0.333,1,3,0.333333333333333,0.5,TRUE,2,6,0.333333333333333,25,1,2,1,2,3,4,0,0,3,2,8,-19,14.6,"https://stats.nba.com/media/img/teams/logos/season/2024-25/BOS_logo.svg","https://stats.nba.com/player/201950","https://stats.nba.com/media/players/230x185/201950.png","https://ak-static.cms.nba.com/wp-content/uploads/headshots/nba/latest/260x190/201950.png","https://stats.nba.com/media/players/700/201950.png","https://ak-static.cms.nba.com/wp-content/uploads/headshots/nba/latest/260x190/201950.png"
"54",2025,"2024-25","NBA","Regular Season",2024-10-30,22400119,5,"Boston Celtics",1610612738,FALSE,TRUE,FALSE,"A","BOS @ IND","BOS",1,1,"IND","IND","BOS","L","Jaylen Brown",5,1,1,1627759,FALSE,11,30,0.367,1,11,0.0909090909090909,0.5,TRUE,10,19,0.526315789473684,43,2,4,0,6,6,5,2,2,3,4,25,-13,48.7,"https://stats.nba.com/media/img/teams/logos/season/2024-25/BOS_logo.svg","https://stats.nba.com/player/1627759","https://stats.nba.com/media/players/230x185/1627759.png","https://ak-static.cms.nba.com/wp-content/uploads/headshots/nba/latest/260x190/1627759.png","https://stats.nba.com/media/players/700/1627759.png","https://ak-static.cms.nba.com/wp-content/uploads/headshots/nba/latest/260x190/1627759.png"
"55",2025,"2024-25","NBA","Regular Season",2024-10-30,22400119,5,"Boston Celtics",1610612738,FALSE,TRUE,FALSE,"A","BOS @ IND","BOS",1,1,"IND","IND","BOS","L","Neemias Queta",4,1,1,1629674,FALSE,1,2,0.5,0,0,0,NA,TRUE,1,2,0.5,14,0,0,4,5,9,1,0,1,0,0,2,18,17.3,"https://stats.nba.com/media/img/teams/logos/season/2024-25/BOS_logo.svg","https://stats.nba.com/player/1629674","https://ak-static.cms.nba.com/wp-content/uploads/headshots/nba/latest/260x190/1629674.png","https://ak-static.cms.nba.com/wp-content/uploads/headshots/nba/latest/260x190/1629674.png","https://stats.nba.com/media/players/700/1629674.png","https://stats.nba.com/media/img/league/nba-headshot-fallback.png"
"56",2025,"2024-25","NBA","Regular Season",2024-10-30,22400119,5,"Boston Celtics",1610612738,FALSE,TRUE,FALSE,"A","BOS @ IND","BOS",1,1,"IND","IND","BOS","L","Jordan Walsh",4,1,1,1641775,FALSE,0,0,NA,0,0,0,NA,TRUE,0,0,0,8,0,0,0,1,1,0,0,0,0,1,0,6,1.2,"https://stats.nba.com/media/img/teams/logos/season/2024-25/BOS_logo.svg","https://stats.nba.com/player/1641775","https://ak-static.cms.nba.com/wp-content/uploads/headshots/nba/latest/260x190/1641775.png","https://ak-static.cms.nba.com/wp-content/uploads/headshots/nba/latest/260x190/1641775.png","https://stats.nba.com/media/players/700/1641775.png","https://stats.nba.com/media/img/league/nba-headshot-fallback.png"
"57",2025,"2024-25","NBA","Regular Season",2024-10-30,22400119,5,"Boston Celtics",1610612738,FALSE,TRUE,FALSE,"A","BOS @ IND","BOS",1,1,"IND","IND","BOS","L","Sam Hauser",2,7,1,1630573,FALSE,2,6,0.333,1,4,0.25,NA,TRUE,1,2,0.5,14,0,0,0,2,2,1,1,1,1,0,5,12,13.9,"https://stats.nba.com/media/img/teams/logos/season/2024-25/BOS_logo.svg","https://stats.nba.com/player/1630573","https://ak-static.cms.nba.com/wp-content/uploads/headshots/nba/latest/260x190/1630573.png","https://ak-static.cms.nba.com/wp-content/uploads/headshots/nba/latest/260x190/1630573.png","https://stats.nba.com/media/players/700/1630573.png","https://stats.nba.com/media/img/league/nba-headshot-fallback.png"
"58",2025,"2024-25","NBA","Regular Season",2024-11-01,22400132,6,"Boston Celtics",1610612738,TRUE,FALSE,FALSE,"A","BOS @ CHA","BOS",1,0,"CHA","BOS","CHA","W","Jayson Tatum",6,1,0,1628369,TRUE,9,19,0.474,3,9,0.333333333333333,0.846,TRUE,6,10,0.6,36,11,13,1,10,11,3,3,1,5,1,32,16,56.7,"https://stats.nba.com/media/img/teams/logos/season/2024-25/BOS_logo.svg","https://stats.nba.com/player/1628369","https://ak-static.cms.nba.com/wp-content/uploads/headshots/nba/latest/260x190/1628369.png","https://ak-static.cms.nba.com/wp-content/uploads/headshots/nba/latest/260x190/1628369.png","https://stats.nba.com/media/players/700/1628369.png","https://ak-static.cms.nba.com/wp-content/uploads/headshots/nba/latest/260x190/1628369.png"
"59",2025,"2024-25","NBA","Regular Season",2024-11-01,22400132,6,"Boston Celtics",1610612738,TRUE,FALSE,FALSE,"A","BOS @ CHA","BOS",1,0,"CHA","BOS","CHA","W","Payton Pritchard",6,1,0,1630202,TRUE,1,6,0.167,0,5,0,0.833,TRUE,1,1,1,28,5,6,0,2,2,3,5,0,1,0,7,13,27.9,"https://stats.nba.com/media/img/teams/logos/season/2024-25/BOS_logo.svg","https://stats.nba.com/player/1630202","https://ak-static.cms.nba.com/wp-content/uploads/headshots/nba/latest/260x190/1630202.png","https://ak-static.cms.nba.com/wp-content/uploads/headshots/nba/latest/260x190/1630202.png","https://stats.nba.com/media/players/700/1630202.png","https://stats.nba.com/media/img/league/nba-headshot-fallback.png"
"60",2025,"2024-25","NBA","Regular Season",2024-11-01,22400132,6,"Boston Celtics",1610612738,TRUE,FALSE,FALSE,"A","BOS @ CHA","BOS",1,0,"CHA","BOS","CHA","W","Sam Hauser",3,1,0,1630573,TRUE,2,3,0.667,2,3,0.666666666666667,NA,TRUE,0,0,0,18,0,0,1,4,5,2,0,0,1,0,6,-8,14,"https://stats.nba.com/media/img/teams/logos/season/2024-25/BOS_logo.svg","https://stats.nba.com/player/1630573","https://ak-static.cms.nba.com/wp-content/uploads/headshots/nba/latest/260x190/1630573.png","https://ak-static.cms.nba.com/wp-content/uploads/headshots/nba/latest/260x190/1630573.png","https://stats.nba.com/media/players/700/1630573.png","https://stats.nba.com/media/img/league/nba-headshot-fallback.png"
"61",2025,"2024-25","NBA","Regular Season",2024-11-01,22400132,6,"Boston Celtics",1610612738,TRUE,FALSE,FALSE,"A","BOS @ CHA","BOS",1,0,"CHA","BOS","CHA","W","Jordan Walsh",5,1,0,1641775,TRUE,2,3,0.667,2,3,0.666666666666667,NA,TRUE,0,0,0,6,0,0,0,0,0,0,0,0,0,0,6,6,6,"https://stats.nba.com/media/img/teams/logos/season/2024-25/BOS_logo.svg","https://stats.nba.com/player/1641775","https://ak-static.cms.nba.com/wp-content/uploads/headshots/nba/latest/260x190/1641775.png","https://ak-static.cms.nba.com/wp-content/uploads/headshots/nba/latest/260x190/1641775.png","https://stats.nba.com/media/players/700/1641775.png","https://stats.nba.com/media/img/league/nba-headshot-fallback.png"
"62",2025,"2024-25","NBA","Regular Season",2024-11-01,22400132,6,"Boston Celtics",1610612738,TRUE,FALSE,FALSE,"A","BOS @ CHA","BOS",1,0,"CHA","BOS","CHA","W","Neemias Queta",5,1,0,1629674,TRUE,6,6,1,0,0,0,NA,TRUE,6,6,1,24,0,0,4,2,6,1,0,0,2,2,12,-1,18.7,"https://stats.nba.com/media/img/teams/logos/season/2024-25/BOS_logo.svg","https://stats.nba.com/player/1629674","https://ak-static.cms.nba.com/wp-content/uploads/headshots/nba/latest/260x190/1629674.png","https://ak-static.cms.nba.com/wp-content/uploads/headshots/nba/latest/260x190/1629674.png","https://stats.nba.com/media/players/700/1629674.png","https://stats.nba.com/media/img/league/nba-headshot-fallback.png"
"63",2025,"2024-25","NBA","Regular Season",2024-11-01,22400132,6,"Boston Celtics",1610612738,TRUE,FALSE,FALSE,"A","BOS @ CHA","BOS",1,0,"CHA","BOS","CHA","W","Jrue Holiday",6,1,0,201950,TRUE,5,12,0.417,3,6,0.5,0.5,TRUE,2,6,0.333333333333333,32,1,2,0,5,5,1,1,0,0,2,14,6,24.5,"https://stats.nba.com/media/img/teams/logos/season/2024-25/BOS_logo.svg","https://stats.nba.com/player/201950","https://stats.nba.com/media/players/230x185/201950.png","https://ak-static.cms.nba.com/wp-content/uploads/headshots/nba/latest/260x190/201950.png","https://stats.nba.com/media/players/700/201950.png","https://ak-static.cms.nba.com/wp-content/uploads/headshots/nba/latest/260x190/201950.png"
"64",2025,"2024-25","NBA","Regular Season",2024-11-01,22400132,6,"Boston Celtics",1610612738,TRUE,FALSE,FALSE,"A","BOS @ CHA","BOS",1,0,"CHA","BOS","CHA","W","Jaylen Brown",6,1,8,1627759,TRUE,8,19,0.421,0,6,0,0.9,TRUE,8,13,0.615384615384615,37,9,10,3,3,6,5,1,1,1,3,25,11,44.7,"https://stats.nba.com/media/img/teams/logos/season/2024-25/BOS_logo.svg","https://stats.nba.com/player/1627759","https://stats.nba.com/media/players/230x185/1627759.png","https://ak-static.cms.nba.com/wp-content/uploads/headshots/nba/latest/260x190/1627759.png","https://stats.nba.com/media/players/700/1627759.png","https://ak-static.cms.nba.com/wp-content/uploads/headshots/nba/latest/260x190/1627759.png"
"65",2025,"2024-25","NBA","Regular Season",2024-11-01,22400132,6,"Boston Celtics",1610612738,TRUE,FALSE,FALSE,"A","BOS @ CHA","BOS",1,0,"CHA","BOS","CHA","W","Derrick White",6,1,0,1628401,TRUE,6,16,0.375,3,10,0.3,1,TRUE,3,6,0.5,35,2,2,0,2,2,5,1,1,0,4,17,20,32.9,"https://stats.nba.com/media/img/teams/logos/season/2024-25/BOS_logo.svg","https://stats.nba.com/player/1628401","https://ak-static.cms.nba.com/wp-content/uploads/headshots/nba/latest/260x190/1628401.png","https://ak-static.cms.nba.com/wp-content/uploads/headshots/nba/latest/260x190/1628401.png","https://stats.nba.com/media/players/700/1628401.png","https://ak-static.cms.nba.com/wp-content/uploads/headshots/nba/latest/260x190/1628401.png"
"66",2025,"2024-25","NBA","Regular Season",2024-11-01,22400132,6,"Boston Celtics",1610612738,TRUE,FALSE,FALSE,"A","BOS @ CHA","BOS",1,0,"CHA","BOS","CHA","W","Luke Kornet",6,1,0,1628436,TRUE,2,2,1,0,0,0,0.5,TRUE,2,2,1,24,1,2,2,2,4,1,1,2,0,1,5,16,20.3,"https://stats.nba.com/media/img/teams/logos/season/2024-25/BOS_logo.svg","https://stats.nba.com/player/1628436","https://ak-static.cms.nba.com/wp-content/uploads/headshots/nba/latest/260x190/1628436.png","https://ak-static.cms.nba.com/wp-content/uploads/headshots/nba/latest/260x190/1628436.png","https://stats.nba.com/media/players/700/1628436.png","https://ak-static.cms.nba.com/wp-content/uploads/headshots/nba/latest/260x190/1628436.png"
"67",2025,"2024-25","NBA","Regular Season",2024-11-01,22400132,6,"Boston Celtics",1610612738,TRUE,FALSE,FALSE,"A","BOS @ CHA","BOS",1,0,"CHA","BOS","CHA","W","JD Davison",2,7,2,1631120,TRUE,0,0,NA,0,0,0,NA,TRUE,0,0,0,1,0,0,0,0,0,0,0,0,0,0,0,-2,0,"https://stats.nba.com/media/img/teams/logos/season/2024-25/BOS_logo.svg","https://stats.nba.com/player/1631120","https://ak-static.cms.nba.com/wp-content/uploads/headshots/nba/latest/260x190/1631120.png","https://ak-static.cms.nba.com/wp-content/uploads/headshots/nba/latest/260x190/1631120.png","https://stats.nba.com/media/players/700/1631120.png","https://stats.nba.com/media/img/league/nba-headshot-fallback.png"
"68",2025,"2024-25","NBA","Regular Season",2024-11-01,22400132,6,"Boston Celtics",1610612738,TRUE,FALSE,FALSE,"A","BOS @ CHA","BOS",1,0,"CHA","BOS","CHA","W","Jaden Springer",3,3,2,1630531,TRUE,0,0,NA,0,0,0,NA,TRUE,0,0,0,1,0,0,0,0,0,0,0,0,0,0,0,-2,0,"https://stats.nba.com/media/img/teams/logos/season/2024-25/BOS_logo.svg","https://stats.nba.com/player/1630531","https://ak-static.cms.nba.com/wp-content/uploads/headshots/nba/latest/260x190/1630531.png","https://ak-static.cms.nba.com/wp-content/uploads/headshots/nba/latest/260x190/1630531.png","https://stats.nba.com/media/players/700/1630531.png","https://stats.nba.com/media/img/league/nba-headshot-fallback.png"
"69",2025,"2024-25","NBA","Regular Season",2024-11-02,22400141,7,"Boston Celtics",1610612738,TRUE,FALSE,TRUE,"A","BOS @ CHA","BOS",0,1,"CHA","BOS","CHA","W","Jrue Holiday",7,0,1,201950,TRUE,5,12,0.417,3,7,0.428571428571429,NA,TRUE,2,5,0.4,35,0,0,0,5,5,6,0,0,3,0,13,11,25,"https://stats.nba.com/media/img/teams/logos/season/2024-25/BOS_logo.svg","https://stats.nba.com/player/201950","https://stats.nba.com/media/players/230x185/201950.png","https://ak-static.cms.nba.com/wp-content/uploads/headshots/nba/latest/260x190/201950.png","https://stats.nba.com/media/players/700/201950.png","https://ak-static.cms.nba.com/wp-content/uploads/headshots/nba/latest/260x190/201950.png"
"70",2025,"2024-25","NBA","Regular Season",2024-11-02,22400141,7,"Boston Celtics",1610612738,TRUE,FALSE,TRUE,"A","BOS @ CHA","BOS",0,1,"CHA","BOS","CHA","W","Luke Kornet",7,0,1,1628436,TRUE,6,6,1,0,0,0,1,TRUE,6,6,1,30,7,7,1,3,4,3,1,2,2,2,19,8,35.3,"https://stats.nba.com/media/img/teams/logos/season/2024-25/BOS_logo.svg","https://stats.nba.com/player/1628436","https://ak-static.cms.nba.com/wp-content/uploads/headshots/nba/latest/260x190/1628436.png","https://ak-static.cms.nba.com/wp-content/uploads/headshots/nba/latest/260x190/1628436.png","https://stats.nba.com/media/players/700/1628436.png","https://ak-static.cms.nba.com/wp-content/uploads/headshots/nba/latest/260x190/1628436.png"
"71",2025,"2024-25","NBA","Regular Season",2024-11-02,22400141,7,"Boston Celtics",1610612738,TRUE,FALSE,TRUE,"A","BOS @ CHA","BOS",0,1,"CHA","BOS","CHA","W","Neemias Queta",6,0,1,1629674,TRUE,2,4,0.5,0,0,0,NA,TRUE,2,4,0.5,15,0,0,0,3,3,1,0,0,0,3,4,3,9.1,"https://stats.nba.com/media/img/teams/logos/season/2024-25/BOS_logo.svg","https://stats.nba.com/player/1629674","https://ak-static.cms.nba.com/wp-content/uploads/headshots/nba/latest/260x190/1629674.png","https://ak-static.cms.nba.com/wp-content/uploads/headshots/nba/latest/260x190/1629674.png","https://stats.nba.com/media/players/700/1629674.png","https://stats.nba.com/media/img/league/nba-headshot-fallback.png"
"72",2025,"2024-25","NBA","Regular Season",2024-11-02,22400141,7,"Boston Celtics",1610612738,TRUE,FALSE,TRUE,"A","BOS @ CHA","BOS",0,1,"CHA","BOS","CHA","W","Sam Hauser",4,0,1,1630573,TRUE,3,7,0.429,2,6,0.333333333333333,NA,TRUE,1,1,1,20,0,0,3,4,7,1,0,0,0,1,8,5,17.9,"https://stats.nba.com/media/img/teams/logos/season/2024-25/BOS_logo.svg","https://stats.nba.com/player/1630573","https://ak-static.cms.nba.com/wp-content/uploads/headshots/nba/latest/260x190/1630573.png","https://ak-static.cms.nba.com/wp-content/uploads/headshots/nba/latest/260x190/1630573.png","https://stats.nba.com/media/players/700/1630573.png","https://stats.nba.com/media/img/league/nba-headshot-fallback.png"
"73",2025,"2024-25","NBA","Regular Season",2024-11-02,22400141,7,"Boston Celtics",1610612738,TRUE,FALSE,TRUE,"A","BOS @ CHA","BOS",0,1,"CHA","BOS","CHA","W","Jordan Walsh",6,0,1,1641775,TRUE,0,2,0,0,2,0,NA,TRUE,0,0,0,13,0,0,0,0,0,0,1,0,0,0,0,1,3,"https://stats.nba.com/media/img/teams/logos/season/2024-25/BOS_logo.svg","https://stats.nba.com/player/1641775","https://ak-static.cms.nba.com/wp-content/uploads/headshots/nba/latest/260x190/1641775.png","https://ak-static.cms.nba.com/wp-content/uploads/headshots/nba/latest/260x190/1641775.png","https://stats.nba.com/media/players/700/1641775.png","https://stats.nba.com/media/img/league/nba-headshot-fallback.png"
"74",2025,"2024-25","NBA","Regular Season",2024-11-02,22400141,7,"Boston Celtics",1610612738,TRUE,FALSE,TRUE,"A","BOS @ CHA","BOS",0,1,"CHA","BOS","CHA","W","Derrick White",7,0,1,1628401,TRUE,5,17,0.294,4,13,0.307692307692308,1,TRUE,1,4,0.25,34,4,4,1,7,8,2,1,2,3,2,18,8,36.6,"https://stats.nba.com/media/img/teams/logos/season/2024-25/BOS_logo.svg","https://stats.nba.com/player/1628401","https://ak-static.cms.nba.com/wp-content/uploads/headshots/nba/latest/260x190/1628401.png","https://ak-static.cms.nba.com/wp-content/uploads/headshots/nba/latest/260x190/1628401.png","https://stats.nba.com/media/players/700/1628401.png","https://ak-static.cms.nba.com/wp-content/uploads/headshots/nba/latest/260x190/1628401.png"
"75",2025,"2024-25","NBA","Regular Season",2024-11-02,22400141,7,"Boston Celtics",1610612738,TRUE,FALSE,TRUE,"A","BOS @ CHA","BOS",0,1,"CHA","BOS","CHA","W","Xavier Tillman",6,2,1,1630214,TRUE,0,0,NA,0,0,0,NA,TRUE,0,0,0,3,0,0,0,1,1,0,0,0,0,0,0,-1,1.2,"https://stats.nba.com/media/img/teams/logos/season/2024-25/BOS_logo.svg","https://stats.nba.com/player/1630214","https://ak-static.cms.nba.com/wp-content/uploads/headshots/nba/latest/260x190/1630214.png","https://ak-static.cms.nba.com/wp-content/uploads/headshots/nba/latest/260x190/1630214.png","https://stats.nba.com/media/players/700/1630214.png","https://stats.nba.com/media/img/league/nba-headshot-fallback.png"
"76",2025,"2024-25","NBA","Regular Season",2024-11-02,22400141,7,"Boston Celtics",1610612738,TRUE,FALSE,TRUE,"A","BOS @ CHA","BOS",0,1,"CHA","BOS","CHA","W","Jayson Tatum",7,0,1,1628369,TRUE,7,15,0.467,1,9,0.111111111111111,0.824,TRUE,6,6,1,34,14,17,0,7,7,3,0,0,5,3,29,4,36.9,"https://stats.nba.com/media/img/teams/logos/season/2024-25/BOS_logo.svg","https://stats.nba.com/player/1628369","https://ak-static.cms.nba.com/wp-content/uploads/headshots/nba/latest/260x190/1628369.png","https://ak-static.cms.nba.com/wp-content/uploads/headshots/nba/latest/260x190/1628369.png","https://stats.nba.com/media/players/700/1628369.png","https://ak-static.cms.nba.com/wp-content/uploads/headshots/nba/latest/260x190/1628369.png"
"77",2025,"2024-25","NBA","Regular Season",2024-11-02,22400141,7,"Boston Celtics",1610612738,TRUE,FALSE,TRUE,"A","BOS @ CHA","BOS",0,1,"CHA","BOS","CHA","W","Payton Pritchard",7,0,1,1630202,TRUE,8,15,0.533,6,12,0.5,NA,TRUE,2,3,0.666666666666667,29,0,0,1,2,3,2,0,0,1,3,22,7,27.6,"https://stats.nba.com/media/img/teams/logos/season/2024-25/BOS_logo.svg","https://stats.nba.com/player/1630202","https://ak-static.cms.nba.com/wp-content/uploads/headshots/nba/latest/260x190/1630202.png","https://ak-static.cms.nba.com/wp-content/uploads/headshots/nba/latest/260x190/1630202.png","https://stats.nba.com/media/players/700/1630202.png","https://stats.nba.com/media/img/league/nba-headshot-fallback.png"
"78",2025,"2024-25","NBA","Regular Season",2024-11-02,22400141,7,"Boston Celtics",1610612738,TRUE,FALSE,TRUE,"A","BOS @ CHA","BOS",0,1,"CHA","BOS","CHA","W","Al Horford",6,2,1,201143,TRUE,0,4,0,0,3,0,NA,TRUE,0,1,0,27,0,0,2,4,6,5,1,0,1,3,0,4,16.7,"https://stats.nba.com/media/img/teams/logos/season/2024-25/BOS_logo.svg","https://stats.nba.com/player/201143","https://stats.nba.com/media/players/230x185/201143.png","https://ak-static.cms.nba.com/wp-content/uploads/headshots/nba/latest/260x190/201143.png","https://stats.nba.com/media/players/700/201143.png","https://ak-static.cms.nba.com/wp-content/uploads/headshots/nba/latest/260x190/201143.png"
"79",2025,"2024-25","NBA","Regular Season",2024-11-04,22400157,8,"Boston Celtics",1610612738,FALSE,FALSE,FALSE,"A","BOS @ ATL","BOS",1,1,"ATL","BOS","ATL","W","Al Horford",7,1,1,201143,TRUE,3,4,0.75,1,2,0.5,1,TRUE,2,2,1,22,2,2,1,4,5,3,2,2,0,1,9,23,31.5,"https://stats.nba.com/media/img/teams/logos/season/2024-25/BOS_logo.svg","https://stats.nba.com/player/201143","https://stats.nba.com/media/players/230x185/201143.png","https://ak-static.cms.nba.com/wp-content/uploads/headshots/nba/latest/260x190/201143.png","https://stats.nba.com/media/players/700/201143.png","https://ak-static.cms.nba.com/wp-content/uploads/headshots/nba/latest/260x190/201143.png"
"80",2025,"2024-25","NBA","Regular Season",2024-11-04,22400157,8,"Boston Celtics",1610612738,FALSE,FALSE,FALSE,"A","BOS @ ATL","BOS",1,1,"ATL","BOS","ATL","W","Luke Kornet",8,1,1,1628436,TRUE,1,2,0.5,0,0,0,NA,TRUE,1,2,0.5,16,0,0,2,5,7,0,1,1,0,3,2,2,16.4,"https://stats.nba.com/media/img/teams/logos/season/2024-25/BOS_logo.svg","https://stats.nba.com/player/1628436","https://ak-static.cms.nba.com/wp-content/uploads/headshots/nba/latest/260x190/1628436.png","https://ak-static.cms.nba.com/wp-content/uploads/headshots/nba/latest/260x190/1628436.png","https://stats.nba.com/media/players/700/1628436.png","https://ak-static.cms.nba.com/wp-content/uploads/headshots/nba/latest/260x190/1628436.png"
"81",2025,"2024-25","NBA","Regular Season",2024-11-04,22400157,8,"Boston Celtics",1610612738,FALSE,FALSE,FALSE,"A","BOS @ ATL","BOS",1,1,"ATL","BOS","ATL","W","Derrick White",8,1,1,1628401,TRUE,8,16,0.5,4,9,0.444444444444444,0.5,TRUE,4,7,0.571428571428571,29,1,2,2,4,6,6,2,1,3,3,21,31,43.2,"https://stats.nba.com/media/img/teams/logos/season/2024-25/BOS_logo.svg","https://stats.nba.com/player/1628401","https://ak-static.cms.nba.com/wp-content/uploads/headshots/nba/latest/260x190/1628401.png","https://ak-static.cms.nba.com/wp-content/uploads/headshots/nba/latest/260x190/1628401.png","https://stats.nba.com/media/players/700/1628401.png","https://ak-static.cms.nba.com/wp-content/uploads/headshots/nba/latest/260x190/1628401.png"
"82",2025,"2024-25","NBA","Regular Season",2024-11-04,22400157,8,"Boston Celtics",1610612738,FALSE,FALSE,FALSE,"A","BOS @ ATL","BOS",1,1,"ATL","BOS","ATL","W","Xavier Tillman",7,1,3,1630214,TRUE,1,2,0.5,0,1,0,NA,TRUE,1,1,1,9,0,0,1,2,3,2,0,0,0,0,2,-3,8.6,"https://stats.nba.com/media/img/teams/logos/season/2024-25/BOS_logo.svg","https://stats.nba.com/player/1630214","https://ak-static.cms.nba.com/wp-content/uploads/headshots/nba/latest/260x190/1630214.png","https://ak-static.cms.nba.com/wp-content/uploads/headshots/nba/latest/260x190/1630214.png","https://stats.nba.com/media/players/700/1630214.png","https://stats.nba.com/media/img/league/nba-headshot-fallback.png"
"83",2025,"2024-25","NBA","Regular Season",2024-11-04,22400157,8,"Boston Celtics",1610612738,FALSE,FALSE,FALSE,"A","BOS @ ATL","BOS",1,1,"ATL","BOS","ATL","W","Jaden Springer",4,2,20,1630531,TRUE,1,4,0.25,0,2,0,NA,TRUE,1,2,0.5,8,0,0,0,1,1,0,2,0,0,1,2,-3,9.2,"https://stats.nba.com/media/img/teams/logos/season/2024-25/BOS_logo.svg","https://stats.nba.com/player/1630531","https://ak-static.cms.nba.com/wp-content/uploads/headshots/nba/latest/260x190/1630531.png","https://ak-static.cms.nba.com/wp-content/uploads/headshots/nba/latest/260x190/1630531.png","https://stats.nba.com/media/players/700/1630531.png","https://stats.nba.com/media/img/league/nba-headshot-fallback.png"
"84",2025,"2024-25","NBA","Regular Season",2024-11-04,22400157,8,"Boston Celtics",1610612738,FALSE,FALSE,FALSE,"A","BOS @ ATL","BOS",1,1,"ATL","BOS","ATL","W","Neemias Queta",7,1,1,1629674,TRUE,4,7,0.571,0,0,0,1,TRUE,4,7,0.571428571428571,23,2,2,2,5,7,0,1,1,0,2,10,31,24.4,"https://stats.nba.com/media/img/teams/logos/season/2024-25/BOS_logo.svg","https://stats.nba.com/player/1629674","https://ak-static.cms.nba.com/wp-content/uploads/headshots/nba/latest/260x190/1629674.png","https://ak-static.cms.nba.com/wp-content/uploads/headshots/nba/latest/260x190/1629674.png","https://stats.nba.com/media/players/700/1629674.png","https://stats.nba.com/media/img/league/nba-headshot-fallback.png"
"85",2025,"2024-25","NBA","Regular Season",2024-11-04,22400157,8,"Boston Celtics",1610612738,FALSE,FALSE,FALSE,"A","BOS @ ATL","BOS",1,1,"ATL","BOS","ATL","W","Jrue Holiday",8,1,1,201950,TRUE,7,11,0.636,2,6,0.333333333333333,NA,TRUE,5,5,1,24,0,0,0,3,3,2,0,1,1,0,16,20,24.6,"https://stats.nba.com/media/img/teams/logos/season/2024-25/BOS_logo.svg","https://stats.nba.com/player/201950","https://stats.nba.com/media/players/230x185/201950.png","https://ak-static.cms.nba.com/wp-content/uploads/headshots/nba/latest/260x190/201950.png","https://stats.nba.com/media/players/700/201950.png","https://ak-static.cms.nba.com/wp-content/uploads/headshots/nba/latest/260x190/201950.png"
"86",2025,"2024-25","NBA","Regular Season",2024-11-04,22400157,8,"Boston Celtics",1610612738,FALSE,FALSE,FALSE,"A","BOS @ ATL","BOS",1,1,"ATL","BOS","ATL","W","Jayson Tatum",8,1,1,1628369,TRUE,10,21,0.476,6,14,0.428571428571429,0.667,TRUE,4,7,0.571428571428571,30,2,3,0,6,6,9,2,0,1,0,28,27,53.7,"https://stats.nba.com/media/img/teams/logos/season/2024-25/BOS_logo.svg","https://stats.nba.com/player/1628369","https://ak-static.cms.nba.com/wp-content/uploads/headshots/nba/latest/260x190/1628369.png","https://ak-static.cms.nba.com/wp-content/uploads/headshots/nba/latest/260x190/1628369.png","https://stats.nba.com/media/players/700/1628369.png","https://ak-static.cms.nba.com/wp-content/uploads/headshots/nba/latest/260x190/1628369.png"
"87",2025,"2024-25","NBA","Regular Season",2024-11-04,22400157,8,"Boston Celtics",1610612738,FALSE,FALSE,FALSE,"A","BOS @ ATL","BOS",1,1,"ATL","BOS","ATL","W","Payton Pritchard",8,1,1,1630202,TRUE,7,12,0.583,3,8,0.375,1,TRUE,4,4,1,25,1,1,0,3,3,4,1,0,3,1,18,21,27.6,"https://stats.nba.com/media/img/teams/logos/season/2024-25/BOS_logo.svg","https://stats.nba.com/player/1630202","https://ak-static.cms.nba.com/wp-content/uploads/headshots/nba/latest/260x190/1630202.png","https://ak-static.cms.nba.com/wp-content/uploads/headshots/nba/latest/260x190/1630202.png","https://stats.nba.com/media/players/700/1630202.png","https://stats.nba.com/media/img/league/nba-headshot-fallback.png"
"88",2025,"2024-25","NBA","Regular Season",2024-11-04,22400157,8,"Boston Celtics",1610612738,FALSE,FALSE,FALSE,"A","BOS @ ATL","BOS",1,1,"ATL","BOS","ATL","W","Sam Hauser",5,1,1,1630573,TRUE,4,11,0.364,2,8,0.25,NA,TRUE,2,3,0.666666666666667,20,0,0,1,1,2,1,1,0,1,1,10,8,15.9,"https://stats.nba.com/media/img/teams/logos/season/2024-25/BOS_logo.svg","https://stats.nba.com/player/1630573","https://ak-static.cms.nba.com/wp-content/uploads/headshots/nba/latest/260x190/1630573.png","https://ak-static.cms.nba.com/wp-content/uploads/headshots/nba/latest/260x190/1630573.png","https://stats.nba.com/media/players/700/1630573.png","https://stats.nba.com/media/img/league/nba-headshot-fallback.png"
"89",2025,"2024-25","NBA","Regular Season",2024-11-04,22400157,8,"Boston Celtics",1610612738,FALSE,FALSE,FALSE,"A","BOS @ ATL","BOS",1,1,"ATL","BOS","ATL","W","JD Davison",3,2,27,1631120,TRUE,1,3,0.333,0,1,0,0.5,TRUE,1,2,0.5,6,1,2,0,0,0,0,1,0,1,0,3,-7,5,"https://stats.nba.com/media/img/teams/logos/season/2024-25/BOS_logo.svg","https://stats.nba.com/player/1631120","https://ak-static.cms.nba.com/wp-content/uploads/headshots/nba/latest/260x190/1631120.png","https://ak-static.cms.nba.com/wp-content/uploads/headshots/nba/latest/260x190/1631120.png","https://stats.nba.com/media/players/700/1631120.png","https://stats.nba.com/media/img/league/nba-headshot-fallback.png"
"90",2025,"2024-25","NBA","Regular Season",2024-11-04,22400157,8,"Boston Celtics",1610612738,FALSE,FALSE,FALSE,"A","BOS @ ATL","BOS",1,1,"ATL","BOS","ATL","W","Baylor Scheierman",3,6,20,1631248,TRUE,0,3,0,0,2,0,NA,TRUE,0,1,0,8,0,0,1,2,3,0,0,0,0,1,0,-3,3.6,"https://stats.nba.com/media/img/teams/logos/season/2024-25/BOS_logo.svg","https://stats.nba.com/player/1631248","https://ak-static.cms.nba.com/wp-content/uploads/headshots/nba/latest/260x190/1631248.png","https://ak-static.cms.nba.com/wp-content/uploads/headshots/nba/latest/260x190/1631248.png","https://stats.nba.com/media/players/700/1631248.png","https://stats.nba.com/media/img/league/nba-headshot-fallback.png"
"91",2025,"2024-25","NBA","Regular Season",2024-11-04,22400157,8,"Boston Celtics",1610612738,FALSE,FALSE,FALSE,"A","BOS @ ATL","BOS",1,1,"ATL","BOS","ATL","W","Jordan Walsh",7,1,1,1641775,TRUE,1,3,0.333,0,2,0,0,TRUE,1,1,1,19,0,1,1,3,4,0,2,1,2,1,2,3,13.8,"https://stats.nba.com/media/img/teams/logos/season/2024-25/BOS_logo.svg","https://stats.nba.com/player/1641775","https://ak-static.cms.nba.com/wp-content/uploads/headshots/nba/latest/260x190/1641775.png","https://ak-static.cms.nba.com/wp-content/uploads/headshots/nba/latest/260x190/1641775.png","https://stats.nba.com/media/players/700/1641775.png","https://stats.nba.com/media/img/league/nba-headshot-fallback.png"
"92",2025,"2024-25","NBA","Regular Season",2024-11-06,22400172,9,"Boston Celtics",1610612738,FALSE,FALSE,FALSE,"H","BOS vs. GSW","BOS",1,1,"GSW","GSW","BOS","L","Al Horford",8,1,1,201143,FALSE,4,9,0.444,2,6,0.333333333333333,NA,TRUE,2,3,0.666666666666667,30,0,0,2,5,7,3,2,0,3,1,10,-11,25.9,"https://stats.nba.com/media/img/teams/logos/season/2024-25/BOS_logo.svg","https://stats.nba.com/player/201143","https://stats.nba.com/media/players/230x185/201143.png","https://ak-static.cms.nba.com/wp-content/uploads/headshots/nba/latest/260x190/201143.png","https://stats.nba.com/media/players/700/201143.png","https://ak-static.cms.nba.com/wp-content/uploads/headshots/nba/latest/260x190/201143.png"
"93",2025,"2024-25","NBA","Regular Season",2024-11-06,22400172,9,"Boston Celtics",1610612738,FALSE,FALSE,FALSE,"H","BOS vs. GSW","BOS",1,1,"GSW","GSW","BOS","L","Jrue Holiday",9,1,1,201950,FALSE,3,11,0.273,0,6,0,NA,TRUE,3,5,0.6,33,0,0,1,8,9,8,0,0,1,1,6,-11,27.8,"https://stats.nba.com/media/img/teams/logos/season/2024-25/BOS_logo.svg","https://stats.nba.com/player/201950","https://stats.nba.com/media/players/230x185/201950.png","https://ak-static.cms.nba.com/wp-content/uploads/headshots/nba/latest/260x190/201950.png","https://stats.nba.com/media/players/700/201950.png","https://ak-static.cms.nba.com/wp-content/uploads/headshots/nba/latest/260x190/201950.png"
"94",2025,"2024-25","NBA","Regular Season",2024-11-06,22400172,9,"Boston Celtics",1610612738,FALSE,FALSE,FALSE,"H","BOS vs. GSW","BOS",1,1,"GSW","GSW","BOS","L","Derrick White",9,1,1,1628401,FALSE,8,19,0.421,7,16,0.4375,1,TRUE,1,3,0.333333333333333,36,3,3,1,5,6,3,2,0,1,5,26,-11,42.7,"https://stats.nba.com/media/img/teams/logos/season/2024-25/BOS_logo.svg","https://stats.nba.com/player/1628401","https://ak-static.cms.nba.com/wp-content/uploads/headshots/nba/latest/260x190/1628401.png","https://ak-static.cms.nba.com/wp-content/uploads/headshots/nba/latest/260x190/1628401.png","https://stats.nba.com/media/players/700/1628401.png","https://ak-static.cms.nba.com/wp-content/uploads/headshots/nba/latest/260x190/1628401.png"
"95",2025,"2024-25","NBA","Regular Season",2024-11-06,22400172,9,"Boston Celtics",1610612738,FALSE,FALSE,FALSE,"H","BOS vs. GSW","BOS",1,1,"GSW","GSW","BOS","L","Neemias Queta",8,1,1,1629674,FALSE,6,11,0.545,0,0,0,0.5,TRUE,6,11,0.545454545454545,28,2,4,5,3,8,0,0,2,1,2,14,13,28.6,"https://stats.nba.com/media/img/teams/logos/season/2024-25/BOS_logo.svg","https://stats.nba.com/player/1629674","https://ak-static.cms.nba.com/wp-content/uploads/headshots/nba/latest/260x190/1629674.png","https://ak-static.cms.nba.com/wp-content/uploads/headshots/nba/latest/260x190/1629674.png","https://stats.nba.com/media/players/700/1629674.png","https://stats.nba.com/media/img/league/nba-headshot-fallback.png"
"96",2025,"2024-25","NBA","Regular Season",2024-11-06,22400172,9,"Boston Celtics",1610612738,FALSE,FALSE,FALSE,"H","BOS vs. GSW","BOS",1,1,"GSW","GSW","BOS","L","Payton Pritchard",9,1,1,1630202,FALSE,5,13,0.385,3,11,0.272727272727273,1,TRUE,2,2,1,32,3,3,2,1,3,3,0,0,2,4,16,-8,22.1,"https://stats.nba.com/media/img/teams/logos/season/2024-25/BOS_logo.svg","https://stats.nba.com/player/1630202","https://ak-static.cms.nba.com/wp-content/uploads/headshots/nba/latest/260x190/1630202.png","https://ak-static.cms.nba.com/wp-content/uploads/headshots/nba/latest/260x190/1630202.png","https://stats.nba.com/media/players/700/1630202.png","https://stats.nba.com/media/img/league/nba-headshot-fallback.png"
"97",2025,"2024-25","NBA","Regular Season",2024-11-06,22400172,9,"Boston Celtics",1610612738,FALSE,FALSE,FALSE,"H","BOS vs. GSW","BOS",1,1,"GSW","GSW","BOS","L","Luke Kornet",9,1,3,1628436,FALSE,0,2,0,0,0,0,1,TRUE,0,2,0,14,2,2,2,1,3,2,0,0,0,1,2,-7,8.6,"https://stats.nba.com/media/img/teams/logos/season/2024-25/BOS_logo.svg","https://stats.nba.com/player/1628436","https://ak-static.cms.nba.com/wp-content/uploads/headshots/nba/latest/260x190/1628436.png","https://ak-static.cms.nba.com/wp-content/uploads/headshots/nba/latest/260x190/1628436.png","https://stats.nba.com/media/players/700/1628436.png","https://ak-static.cms.nba.com/wp-content/uploads/headshots/nba/latest/260x190/1628436.png"
"98",2025,"2024-25","NBA","Regular Season",2024-11-06,22400172,9,"Boston Celtics",1610612738,FALSE,FALSE,FALSE,"H","BOS vs. GSW","BOS",1,1,"GSW","GSW","BOS","L","Jayson Tatum",9,1,1,1628369,FALSE,10,20,0.5,5,10,0.5,0.778,TRUE,5,10,0.5,37,7,9,0,4,4,2,1,1,4,3,32,-5,41.8,"https://stats.nba.com/media/img/teams/logos/season/2024-25/BOS_logo.svg","https://stats.nba.com/player/1628369","https://ak-static.cms.nba.com/wp-content/uploads/headshots/nba/latest/260x190/1628369.png","https://ak-static.cms.nba.com/wp-content/uploads/headshots/nba/latest/260x190/1628369.png","https://stats.nba.com/media/players/700/1628369.png","https://ak-static.cms.nba.com/wp-content/uploads/headshots/nba/latest/260x190/1628369.png"
"99",2025,"2024-25","NBA","Regular Season",2024-11-06,22400172,9,"Boston Celtics",1610612738,FALSE,FALSE,FALSE,"H","BOS vs. GSW","BOS",1,1,"GSW","GSW","BOS","L","Sam Hauser",6,1,1,1630573,FALSE,2,5,0.4,2,5,0.4,NA,TRUE,0,0,0,22,0,0,0,5,5,1,0,0,0,1,6,4,13.5,"https://stats.nba.com/media/img/teams/logos/season/2024-25/BOS_logo.svg","https://stats.nba.com/player/1630573","https://ak-static.cms.nba.com/wp-content/uploads/headshots/nba/latest/260x190/1630573.png","https://ak-static.cms.nba.com/wp-content/uploads/headshots/nba/latest/260x190/1630573.png","https://stats.nba.com/media/players/700/1630573.png","https://stats.nba.com/media/img/league/nba-headshot-fallback.png"
"100",2025,"2024-25","NBA","Regular Season",2024-11-06,22400172,9,"Boston Celtics",1610612738,FALSE,FALSE,FALSE,"H","BOS vs. GSW","BOS",1,1,"GSW","GSW","BOS","L","Jordan Walsh",8,1,1,1641775,FALSE,0,0,NA,0,0,0,NA,TRUE,0,0,0,8,0,0,0,2,2,0,0,0,0,0,0,6,2.4,"https://stats.nba.com/media/img/teams/logos/season/2024-25/BOS_logo.svg","https://stats.nba.com/player/1641775","https://ak-static.cms.nba.com/wp-content/uploads/headshots/nba/latest/260x190/1641775.png","https://ak-static.cms.nba.com/wp-content/uploads/headshots/nba/latest/260x190/1641775.png","https://stats.nba.com/media/players/700/1641775.png","https://stats.nba.com/media/img/league/nba-headshot-fallback.png"
"101",2025,"2024-25","NBA","Regular Season",2024-11-08,22400187,10,"Boston Celtics",1610612738,FALSE,FALSE,FALSE,"H","BOS vs. BKN","BOS",1,1,"BKN","BOS","BKN","W","Neemias Queta",9,1,1,1629674,TRUE,1,2,0.5,0,0,0,0.5,TRUE,1,2,0.5,27,1,2,1,9,10,2,0,3,2,2,3,7,25,"https://stats.nba.com/media/img/teams/logos/season/2024-25/BOS_logo.svg","https://stats.nba.com/player/1629674","https://ak-static.cms.nba.com/wp-content/uploads/headshots/nba/latest/260x190/1629674.png","https://ak-static.cms.nba.com/wp-content/uploads/headshots/nba/latest/260x190/1629674.png","https://stats.nba.com/media/players/700/1629674.png","https://stats.nba.com/media/img/league/nba-headshot-fallback.png"
"102",2025,"2024-25","NBA","Regular Season",2024-11-08,22400187,10,"Boston Celtics",1610612738,FALSE,FALSE,FALSE,"H","BOS vs. BKN","BOS",1,1,"BKN","BOS","BKN","W","Jordan Walsh",9,1,3,1641775,TRUE,0,1,0,0,1,0,NA,TRUE,0,0,0,11,0,0,0,0,0,1,0,1,0,2,0,-7,4.5,"https://stats.nba.com/media/img/teams/logos/season/2024-25/BOS_logo.svg","https://stats.nba.com/player/1641775","https://ak-static.cms.nba.com/wp-content/uploads/headshots/nba/latest/260x190/1641775.png","https://ak-static.cms.nba.com/wp-content/uploads/headshots/nba/latest/260x190/1641775.png","https://stats.nba.com/media/players/700/1641775.png","https://stats.nba.com/media/img/league/nba-headshot-fallback.png"
"103",2025,"2024-25","NBA","Regular Season",2024-11-08,22400187,10,"Boston Celtics",1610612738,FALSE,FALSE,FALSE,"H","BOS vs. BKN","BOS",1,1,"BKN","BOS","BKN","W","Sam Hauser",7,1,1,1630573,TRUE,3,11,0.273,2,10,0.2,NA,TRUE,1,1,1,35,0,0,1,3,4,3,3,0,0,1,8,15,26.3,"https://stats.nba.com/media/img/teams/logos/season/2024-25/BOS_logo.svg","https://stats.nba.com/player/1630573","https://ak-static.cms.nba.com/wp-content/uploads/headshots/nba/latest/260x190/1630573.png","https://ak-static.cms.nba.com/wp-content/uploads/headshots/nba/latest/260x190/1630573.png","https://stats.nba.com/media/players/700/1630573.png","https://stats.nba.com/media/img/league/nba-headshot-fallback.png"
"104",2025,"2024-25","NBA","Regular Season",2024-11-08,22400187,10,"Boston Celtics",1610612738,FALSE,FALSE,FALSE,"H","BOS vs. BKN","BOS",1,1,"BKN","BOS","BKN","W","Jayson Tatum",10,1,1,1628369,TRUE,11,25,0.44,5,13,0.384615384615385,0.857,TRUE,6,12,0.5,42,6,7,0,9,9,6,2,1,3,3,33,10,58.8,"https://stats.nba.com/media/img/teams/logos/season/2024-25/BOS_logo.svg","https://stats.nba.com/player/1628369","https://ak-static.cms.nba.com/wp-content/uploads/headshots/nba/latest/260x190/1628369.png","https://ak-static.cms.nba.com/wp-content/uploads/headshots/nba/latest/260x190/1628369.png","https://stats.nba.com/media/players/700/1628369.png","https://ak-static.cms.nba.com/wp-content/uploads/headshots/nba/latest/260x190/1628369.png"
"105",2025,"2024-25","NBA","Regular Season",2024-11-08,22400187,10,"Boston Celtics",1610612738,FALSE,FALSE,FALSE,"H","BOS vs. BKN","BOS",1,1,"BKN","BOS","BKN","W","Jrue Holiday",10,1,1,201950,TRUE,8,14,0.571,0,4,0,1,TRUE,8,10,0.8,37,1,1,0,2,2,5,0,0,3,0,17,3,23.9,"https://stats.nba.com/media/img/teams/logos/season/2024-25/BOS_logo.svg","https://stats.nba.com/player/201950","https://stats.nba.com/media/players/230x185/201950.png","https://ak-static.cms.nba.com/wp-content/uploads/headshots/nba/latest/260x190/201950.png","https://stats.nba.com/media/players/700/201950.png","https://ak-static.cms.nba.com/wp-content/uploads/headshots/nba/latest/260x190/201950.png"
"106",2025,"2024-25","NBA","Regular Season",2024-11-08,22400187,10,"Boston Celtics",1610612738,FALSE,FALSE,FALSE,"H","BOS vs. BKN","BOS",1,1,"BKN","BOS","BKN","W","Payton Pritchard",10,1,1,1630202,TRUE,6,11,0.545,3,7,0.428571428571429,1,TRUE,3,4,0.75,34,5,5,0,1,1,0,1,0,1,2,20,11,23.2,"https://stats.nba.com/media/img/teams/logos/season/2024-25/BOS_logo.svg","https://stats.nba.com/player/1630202","https://ak-static.cms.nba.com/wp-content/uploads/headshots/nba/latest/260x190/1630202.png","https://ak-static.cms.nba.com/wp-content/uploads/headshots/nba/latest/260x190/1630202.png","https://stats.nba.com/media/players/700/1630202.png","https://stats.nba.com/media/img/league/nba-headshot-fallback.png"
"107",2025,"2024-25","NBA","Regular Season",2024-11-08,22400187,10,"Boston Celtics",1610612738,FALSE,FALSE,FALSE,"H","BOS vs. BKN","BOS",1,1,"BKN","BOS","BKN","W","Xavier Tillman",8,3,1,1630214,TRUE,0,3,0,0,3,0,NA,TRUE,0,0,0,6,0,0,0,0,0,0,0,0,0,0,0,-14,0,"https://stats.nba.com/media/img/teams/logos/season/2024-25/BOS_logo.svg","https://stats.nba.com/player/1630214","https://ak-static.cms.nba.com/wp-content/uploads/headshots/nba/latest/260x190/1630214.png","https://ak-static.cms.nba.com/wp-content/uploads/headshots/nba/latest/260x190/1630214.png","https://stats.nba.com/media/players/700/1630214.png","https://stats.nba.com/media/img/league/nba-headshot-fallback.png"
"108",2025,"2024-25","NBA","Regular Season",2024-11-08,22400187,10,"Boston Celtics",1610612738,FALSE,FALSE,FALSE,"H","BOS vs. BKN","BOS",1,1,"BKN","BOS","BKN","W","Al Horford",9,1,1,201143,TRUE,5,12,0.417,3,9,0.333333333333333,NA,TRUE,2,3,0.666666666666667,31,0,0,1,9,10,0,1,1,1,2,13,-2,30,"https://stats.nba.com/media/img/teams/logos/season/2024-25/BOS_logo.svg","https://stats.nba.com/player/201143","https://stats.nba.com/media/players/230x185/201143.png","https://ak-static.cms.nba.com/wp-content/uploads/headshots/nba/latest/260x190/201143.png","https://stats.nba.com/media/players/700/201143.png","https://ak-static.cms.nba.com/wp-content/uploads/headshots/nba/latest/260x190/201143.png"
"109",2025,"2024-25","NBA","Regular Season",2024-11-08,22400187,10,"Boston Celtics",1610612738,FALSE,FALSE,FALSE,"H","BOS vs. BKN","BOS",1,1,"BKN","BOS","BKN","W","Derrick White",10,1,1,1628401,TRUE,5,11,0.455,1,6,0.166666666666667,0.75,TRUE,4,5,0.8,43,3,4,1,2,3,6,0,3,3,3,14,-3,32.6,"https://stats.nba.com/media/img/teams/logos/season/2024-25/BOS_logo.svg","https://stats.nba.com/player/1628401","https://ak-static.cms.nba.com/wp-content/uploads/headshots/nba/latest/260x190/1628401.png","https://ak-static.cms.nba.com/wp-content/uploads/headshots/nba/latest/260x190/1628401.png","https://stats.nba.com/media/players/700/1628401.png","https://ak-static.cms.nba.com/wp-content/uploads/headshots/nba/latest/260x190/1628401.png"
"110",2025,"2024-25","NBA","Regular Season",2024-11-10,22400202,11,"Boston Celtics",1610612738,FALSE,TRUE,FALSE,"A","BOS @ MIL","BOS",1,1,"MIL","BOS","MIL","W","Sam Hauser",8,1,1,1630573,TRUE,1,6,0.167,1,5,0.2,NA,TRUE,0,1,0,12,0,0,1,0,1,1,1,0,0,2,3,0,8.7,"https://stats.nba.com/media/img/teams/logos/season/2024-25/BOS_logo.svg","https://stats.nba.com/player/1630573","https://ak-static.cms.nba.com/wp-content/uploads/headshots/nba/latest/260x190/1630573.png","https://ak-static.cms.nba.com/wp-content/uploads/headshots/nba/latest/260x190/1630573.png","https://stats.nba.com/media/players/700/1630573.png","https://stats.nba.com/media/img/league/nba-headshot-fallback.png"
"111",2025,"2024-25","NBA","Regular Season",2024-11-10,22400202,11,"Boston Celtics",1610612738,FALSE,TRUE,FALSE,"A","BOS @ MIL","BOS",1,1,"MIL","BOS","MIL","W","Jayson Tatum",11,1,1,1628369,TRUE,7,21,0.333,4,12,0.333333333333333,0.867,TRUE,3,9,0.333333333333333,40,13,15,0,12,12,6,0,0,5,3,31,9,49.4,"https://stats.nba.com/media/img/teams/logos/season/2024-25/BOS_logo.svg","https://stats.nba.com/player/1628369","https://ak-static.cms.nba.com/wp-content/uploads/headshots/nba/latest/260x190/1628369.png","https://ak-static.cms.nba.com/wp-content/uploads/headshots/nba/latest/260x190/1628369.png","https://stats.nba.com/media/players/700/1628369.png","https://ak-static.cms.nba.com/wp-content/uploads/headshots/nba/latest/260x190/1628369.png"
"112",2025,"2024-25","NBA","Regular Season",2024-11-10,22400202,11,"Boston Celtics",1610612738,FALSE,TRUE,FALSE,"A","BOS @ MIL","BOS",1,1,"MIL","BOS","MIL","W","Luke Kornet",10,3,1,1628436,TRUE,0,0,NA,0,0,0,NA,TRUE,0,0,0,6,0,0,1,0,1,0,0,0,0,1,0,-1,1.2,"https://stats.nba.com/media/img/teams/logos/season/2024-25/BOS_logo.svg","https://stats.nba.com/player/1628436","https://ak-static.cms.nba.com/wp-content/uploads/headshots/nba/latest/260x190/1628436.png","https://ak-static.cms.nba.com/wp-content/uploads/headshots/nba/latest/260x190/1628436.png","https://stats.nba.com/media/players/700/1628436.png","https://ak-static.cms.nba.com/wp-content/uploads/headshots/nba/latest/260x190/1628436.png"
"113",2025,"2024-25","NBA","Regular Season",2024-11-10,22400202,11,"Boston Celtics",1610612738,FALSE,TRUE,FALSE,"A","BOS @ MIL","BOS",1,1,"MIL","BOS","MIL","W","Jrue Holiday",11,1,1,201950,TRUE,5,11,0.455,3,8,0.375,1,TRUE,2,3,0.666666666666667,33,2,2,2,0,2,3,2,0,0,2,15,15,27.9,"https://stats.nba.com/media/img/teams/logos/season/2024-25/BOS_logo.svg","https://stats.nba.com/player/201950","https://stats.nba.com/media/players/230x185/201950.png","https://ak-static.cms.nba.com/wp-content/uploads/headshots/nba/latest/260x190/201950.png","https://stats.nba.com/media/players/700/201950.png","https://ak-static.cms.nba.com/wp-content/uploads/headshots/nba/latest/260x190/201950.png"
"114",2025,"2024-25","NBA","Regular Season",2024-11-10,22400202,11,"Boston Celtics",1610612738,FALSE,TRUE,FALSE,"A","BOS @ MIL","BOS",1,1,"MIL","BOS","MIL","W","Al Horford",10,1,1,201143,TRUE,3,7,0.429,2,6,0.333333333333333,1,TRUE,1,1,1,32,1,1,0,7,7,4,0,1,2,1,9,8,24.4,"https://stats.nba.com/media/img/teams/logos/season/2024-25/BOS_logo.svg","https://stats.nba.com/player/201143","https://stats.nba.com/media/players/230x185/201143.png","https://ak-static.cms.nba.com/wp-content/uploads/headshots/nba/latest/260x190/201143.png","https://stats.nba.com/media/players/700/201143.png","https://ak-static.cms.nba.com/wp-content/uploads/headshots/nba/latest/260x190/201143.png"
"115",2025,"2024-25","NBA","Regular Season",2024-11-10,22400202,11,"Boston Celtics",1610612738,FALSE,TRUE,FALSE,"A","BOS @ MIL","BOS",1,1,"MIL","BOS","MIL","W","Derrick White",11,1,1,1628401,TRUE,6,12,0.5,3,6,0.5,NA,TRUE,3,6,0.5,36,0,0,2,4,6,6,1,1,0,2,15,4,37.2,"https://stats.nba.com/media/img/teams/logos/season/2024-25/BOS_logo.svg","https://stats.nba.com/player/1628401","https://ak-static.cms.nba.com/wp-content/uploads/headshots/nba/latest/260x190/1628401.png","https://ak-static.cms.nba.com/wp-content/uploads/headshots/nba/latest/260x190/1628401.png","https://stats.nba.com/media/players/700/1628401.png","https://ak-static.cms.nba.com/wp-content/uploads/headshots/nba/latest/260x190/1628401.png"
"116",2025,"2024-25","NBA","Regular Season",2024-11-10,22400202,11,"Boston Celtics",1610612738,FALSE,TRUE,FALSE,"A","BOS @ MIL","BOS",1,1,"MIL","BOS","MIL","W","Payton Pritchard",11,1,1,1630202,TRUE,6,10,0.6,5,8,0.625,1,TRUE,1,2,0.5,23,1,1,1,0,1,3,0,0,3,1,18,-8,20.7,"https://stats.nba.com/media/img/teams/logos/season/2024-25/BOS_logo.svg","https://stats.nba.com/player/1630202","https://ak-static.cms.nba.com/wp-content/uploads/headshots/nba/latest/260x190/1630202.png","https://ak-static.cms.nba.com/wp-content/uploads/headshots/nba/latest/260x190/1630202.png","https://stats.nba.com/media/players/700/1630202.png","https://stats.nba.com/media/img/league/nba-headshot-fallback.png"
"117",2025,"2024-25","NBA","Regular Season",2024-11-10,22400202,11,"Boston Celtics",1610612738,FALSE,TRUE,FALSE,"A","BOS @ MIL","BOS",1,1,"MIL","BOS","MIL","W","Jaylen Brown",7,8,1,1627759,TRUE,4,13,0.308,1,5,0.2,0.833,TRUE,3,8,0.375,37,5,6,0,5,5,4,0,0,1,3,14,6,25,"https://stats.nba.com/media/img/teams/logos/season/2024-25/BOS_logo.svg","https://stats.nba.com/player/1627759","https://stats.nba.com/media/players/230x185/1627759.png","https://ak-static.cms.nba.com/wp-content/uploads/headshots/nba/latest/260x190/1627759.png","https://stats.nba.com/media/players/700/1627759.png","https://ak-static.cms.nba.com/wp-content/uploads/headshots/nba/latest/260x190/1627759.png"
"118",2025,"2024-25","NBA","Regular Season",2024-11-10,22400202,11,"Boston Celtics",1610612738,FALSE,TRUE,FALSE,"A","BOS @ MIL","BOS",1,1,"MIL","BOS","MIL","W","Neemias Queta",10,1,1,1629674,TRUE,3,6,0.5,0,0,0,1,TRUE,3,6,0.5,21,2,2,1,6,7,0,1,0,1,1,8,-1,18.4,"https://stats.nba.com/media/img/teams/logos/season/2024-25/BOS_logo.svg","https://stats.nba.com/player/1629674","https://ak-static.cms.nba.com/wp-content/uploads/headshots/nba/latest/260x190/1629674.png","https://ak-static.cms.nba.com/wp-content/uploads/headshots/nba/latest/260x190/1629674.png","https://stats.nba.com/media/players/700/1629674.png","https://stats.nba.com/media/img/league/nba-headshot-fallback.png"
"119",2025,"2024-25","NBA","Regular Season",2024-11-10,22400202,11,"Boston Celtics",1610612738,FALSE,TRUE,FALSE,"A","BOS @ MIL","BOS",1,1,"MIL","BOS","MIL","W","Xavier Tillman",9,1,2,1630214,TRUE,0,0,NA,0,0,0,NA,TRUE,0,0,0,0,0,0,0,0,0,0,0,0,0,0,0,-2,0,"https://stats.nba.com/media/img/teams/logos/season/2024-25/BOS_logo.svg","https://stats.nba.com/player/1630214","https://ak-static.cms.nba.com/wp-content/uploads/headshots/nba/latest/260x190/1630214.png","https://ak-static.cms.nba.com/wp-content/uploads/headshots/nba/latest/260x190/1630214.png","https://stats.nba.com/media/players/700/1630214.png","https://stats.nba.com/media/img/league/nba-headshot-fallback.png"
"120",2025,"2024-25","NBA","Regular Season",2024-11-12,22400001,12,"Boston Celtics",1610612738,TRUE,FALSE,FALSE,"H","BOS vs. ATL","BOS",1,0,"ATL","ATL","BOS","L","Sam Hauser",9,1,0,1630573,FALSE,2,3,0.667,2,3,0.666666666666667,NA,TRUE,0,0,0,19,0,0,0,2,2,0,0,1,1,0,6,-3,10.4,"https://stats.nba.com/media/img/teams/logos/season/2024-25/BOS_logo.svg","https://stats.nba.com/player/1630573","https://ak-static.cms.nba.com/wp-content/uploads/headshots/nba/latest/260x190/1630573.png","https://ak-static.cms.nba.com/wp-content/uploads/headshots/nba/latest/260x190/1630573.png","https://stats.nba.com/media/players/700/1630573.png","https://stats.nba.com/media/img/league/nba-headshot-fallback.png"
"121",2025,"2024-25","NBA","Regular Season",2024-11-12,22400001,12,"Boston Celtics",1610612738,TRUE,FALSE,FALSE,"H","BOS vs. ATL","BOS",1,0,"ATL","ATL","BOS","L","Neemias Queta",11,1,0,1629674,FALSE,0,0,NA,0,0,0,NA,TRUE,0,0,0,21,0,0,2,3,5,0,0,2,1,1,0,-6,11,"https://stats.nba.com/media/img/teams/logos/season/2024-25/BOS_logo.svg","https://stats.nba.com/player/1629674","https://ak-static.cms.nba.com/wp-content/uploads/headshots/nba/latest/260x190/1629674.png","https://ak-static.cms.nba.com/wp-content/uploads/headshots/nba/latest/260x190/1629674.png","https://stats.nba.com/media/players/700/1629674.png","https://stats.nba.com/media/img/league/nba-headshot-fallback.png"
"122",2025,"2024-25","NBA","Regular Season",2024-11-12,22400001,12,"Boston Celtics",1610612738,TRUE,FALSE,FALSE,"H","BOS vs. ATL","BOS",1,0,"ATL","ATL","BOS","L","Al Horford",11,1,3,201143,FALSE,3,5,0.6,2,4,0.5,NA,TRUE,1,1,1,26,0,0,0,4,4,2,0,0,1,1,8,3,14.8,"https://stats.nba.com/media/img/teams/logos/season/2024-25/BOS_logo.svg","https://stats.nba.com/player/201143","https://stats.nba.com/media/players/230x185/201143.png","https://ak-static.cms.nba.com/wp-content/uploads/headshots/nba/latest/260x190/201143.png","https://stats.nba.com/media/players/700/201143.png","https://ak-static.cms.nba.com/wp-content/uploads/headshots/nba/latest/260x190/201143.png"
"123",2025,"2024-25","NBA","Regular Season",2024-11-12,22400001,12,"Boston Celtics",1610612738,TRUE,FALSE,FALSE,"H","BOS vs. ATL","BOS",1,0,"ATL","ATL","BOS","L","Jaylen Brown",8,1,0,1627759,FALSE,14,22,0.636,3,6,0.5,0.6,TRUE,11,16,0.6875,36,6,10,2,3,5,2,1,0,6,3,37,0,43,"https://stats.nba.com/media/img/teams/logos/season/2024-25/BOS_logo.svg","https://stats.nba.com/player/1627759","https://stats.nba.com/media/players/230x185/1627759.png","https://ak-static.cms.nba.com/wp-content/uploads/headshots/nba/latest/260x190/1627759.png","https://stats.nba.com/media/players/700/1627759.png","https://ak-static.cms.nba.com/wp-content/uploads/headshots/nba/latest/260x190/1627759.png"
"124",2025,"2024-25","NBA","Regular Season",2024-11-12,22400001,12,"Boston Celtics",1610612738,TRUE,FALSE,FALSE,"H","BOS vs. ATL","BOS",1,0,"ATL","ATL","BOS","L","Jayson Tatum",12,1,0,1628369,FALSE,5,16,0.313,2,9,0.222222222222222,1,TRUE,3,7,0.428571428571429,37,8,8,0,6,6,8,1,2,5,3,20,4,43.2,"https://stats.nba.com/media/img/teams/logos/season/2024-25/BOS_logo.svg","https://stats.nba.com/player/1628369","https://ak-static.cms.nba.com/wp-content/uploads/headshots/nba/latest/260x190/1628369.png","https://ak-static.cms.nba.com/wp-content/uploads/headshots/nba/latest/260x190/1628369.png","https://stats.nba.com/media/players/700/1628369.png","https://ak-static.cms.nba.com/wp-content/uploads/headshots/nba/latest/260x190/1628369.png"
"125",2025,"2024-25","NBA","Regular Season",2024-11-12,22400001,12,"Boston Celtics",1610612738,TRUE,FALSE,FALSE,"H","BOS vs. ATL","BOS",1,0,"ATL","ATL","BOS","L","Jrue Holiday",12,1,0,201950,FALSE,2,5,0.4,0,3,0,1,TRUE,2,2,1,29,4,4,1,2,3,7,0,0,2,0,8,3,20.1,"https://stats.nba.com/media/img/teams/logos/season/2024-25/BOS_logo.svg","https://stats.nba.com/player/201950","https://stats.nba.com/media/players/230x185/201950.png","https://ak-static.cms.nba.com/wp-content/uploads/headshots/nba/latest/260x190/201950.png","https://stats.nba.com/media/players/700/201950.png","https://ak-static.cms.nba.com/wp-content/uploads/headshots/nba/latest/260x190/201950.png"
"126",2025,"2024-25","NBA","Regular Season",2024-11-12,22400001,12,"Boston Celtics",1610612738,TRUE,FALSE,FALSE,"H","BOS vs. ATL","BOS",1,0,"ATL","ATL","BOS","L","Derrick White",12,1,0,1628401,FALSE,10,15,0.667,7,12,0.583333333333333,0.8,TRUE,3,3,1,38,4,5,1,5,6,5,1,0,3,2,31,5,45.7,"https://stats.nba.com/media/img/teams/logos/season/2024-25/BOS_logo.svg","https://stats.nba.com/player/1628401","https://ak-static.cms.nba.com/wp-content/uploads/headshots/nba/latest/260x190/1628401.png","https://ak-static.cms.nba.com/wp-content/uploads/headshots/nba/latest/260x190/1628401.png","https://stats.nba.com/media/players/700/1628401.png","https://ak-static.cms.nba.com/wp-content/uploads/headshots/nba/latest/260x190/1628401.png"
"127",2025,"2024-25","NBA","Regular Season",2024-11-12,22400001,12,"Boston Celtics",1610612738,TRUE,FALSE,FALSE,"H","BOS vs. ATL","BOS",1,0,"ATL","ATL","BOS","L","Luke Kornet",11,1,0,1628436,FALSE,0,0,NA,0,0,0,NA,TRUE,0,0,0,4,0,0,0,2,2,2,1,0,0,0,0,1,8.4,"https://stats.nba.com/media/img/teams/logos/season/2024-25/BOS_logo.svg","https://stats.nba.com/player/1628436","https://ak-static.cms.nba.com/wp-content/uploads/headshots/nba/latest/260x190/1628436.png","https://ak-static.cms.nba.com/wp-content/uploads/headshots/nba/latest/260x190/1628436.png","https://stats.nba.com/media/players/700/1628436.png","https://ak-static.cms.nba.com/wp-content/uploads/headshots/nba/latest/260x190/1628436.png"
"128",2025,"2024-25","NBA","Regular Season",2024-11-12,22400001,12,"Boston Celtics",1610612738,TRUE,FALSE,FALSE,"H","BOS vs. ATL","BOS",1,0,"ATL","ATL","BOS","L","Payton Pritchard",12,1,0,1630202,FALSE,2,8,0.25,2,8,0.25,NA,TRUE,0,0,0,25,0,0,0,1,1,2,3,0,1,2,6,-9,18.2,"https://stats.nba.com/media/img/teams/logos/season/2024-25/BOS_logo.svg","https://stats.nba.com/player/1630202","https://ak-static.cms.nba.com/wp-content/uploads/headshots/nba/latest/260x190/1630202.png","https://ak-static.cms.nba.com/wp-content/uploads/headshots/nba/latest/260x190/1630202.png","https://stats.nba.com/media/players/700/1630202.png","https://stats.nba.com/media/img/league/nba-headshot-fallback.png"
"129",2025,"2024-25","NBA","Regular Season",2024-11-12,22400001,12,"Boston Celtics",1610612738,TRUE,FALSE,FALSE,"H","BOS vs. ATL","BOS",1,0,"ATL","ATL","BOS","L","Jordan Walsh",10,3,0,1641775,FALSE,0,1,0,0,0,0,NA,TRUE,0,1,0,4,0,0,0,0,0,0,0,0,0,0,0,-3,0,"https://stats.nba.com/media/img/teams/logos/season/2024-25/BOS_logo.svg","https://stats.nba.com/player/1641775","https://ak-static.cms.nba.com/wp-content/uploads/headshots/nba/latest/260x190/1641775.png","https://ak-static.cms.nba.com/wp-content/uploads/headshots/nba/latest/260x190/1641775.png","https://stats.nba.com/media/players/700/1641775.png","https://stats.nba.com/media/img/league/nba-headshot-fallback.png"
"130",2025,"2024-25","NBA","Regular Season",2024-11-13,22400218,13,"Boston Celtics",1610612738,TRUE,FALSE,TRUE,"A","BOS @ BKN","BOS",0,2,"BKN","BOS","BKN","W","Luke Kornet",12,0,2,1628436,TRUE,4,5,0.8,0,0,0,NA,TRUE,4,5,0.8,27,0,0,1,2,3,3,0,1,0,1,8,6,19.1,"https://stats.nba.com/media/img/teams/logos/season/2024-25/BOS_logo.svg","https://stats.nba.com/player/1628436","https://ak-static.cms.nba.com/wp-content/uploads/headshots/nba/latest/260x190/1628436.png","https://ak-static.cms.nba.com/wp-content/uploads/headshots/nba/latest/260x190/1628436.png","https://stats.nba.com/media/players/700/1628436.png","https://ak-static.cms.nba.com/wp-content/uploads/headshots/nba/latest/260x190/1628436.png"
"131",2025,"2024-25","NBA","Regular Season",2024-11-13,22400218,13,"Boston Celtics",1610612738,TRUE,FALSE,TRUE,"A","BOS @ BKN","BOS",0,2,"BKN","BOS","BKN","W","Jordan Walsh",11,0,2,1641775,TRUE,1,1,1,1,1,1,NA,TRUE,0,0,0,2,0,0,0,0,0,0,1,0,0,1,3,-2,6,"https://stats.nba.com/media/img/teams/logos/season/2024-25/BOS_logo.svg","https://stats.nba.com/player/1641775","https://ak-static.cms.nba.com/wp-content/uploads/headshots/nba/latest/260x190/1641775.png","https://ak-static.cms.nba.com/wp-content/uploads/headshots/nba/latest/260x190/1641775.png","https://stats.nba.com/media/players/700/1641775.png","https://stats.nba.com/media/img/league/nba-headshot-fallback.png"
"132",2025,"2024-25","NBA","Regular Season",2024-11-13,22400218,13,"Boston Celtics",1610612738,TRUE,FALSE,TRUE,"A","BOS @ BKN","BOS",0,2,"BKN","BOS","BKN","W","Jayson Tatum",13,0,2,1628369,TRUE,12,19,0.632,5,6,0.833333333333333,0.778,TRUE,7,13,0.538461538461538,35,7,9,1,8,9,10,0,0,1,3,36,24,60.8,"https://stats.nba.com/media/img/teams/logos/season/2024-25/BOS_logo.svg","https://stats.nba.com/player/1628369","https://ak-static.cms.nba.com/wp-content/uploads/headshots/nba/latest/260x190/1628369.png","https://ak-static.cms.nba.com/wp-content/uploads/headshots/nba/latest/260x190/1628369.png","https://stats.nba.com/media/players/700/1628369.png","https://ak-static.cms.nba.com/wp-content/uploads/headshots/nba/latest/260x190/1628369.png"
"133",2025,"2024-25","NBA","Regular Season",2024-11-13,22400218,13,"Boston Celtics",1610612738,TRUE,FALSE,TRUE,"A","BOS @ BKN","BOS",0,2,"BKN","BOS","BKN","W","Derrick White",13,0,2,1628401,TRUE,3,11,0.273,3,9,0.333333333333333,NA,TRUE,0,2,0,22,0,0,2,0,2,3,0,1,3,3,9,13,15.9,"https://stats.nba.com/media/img/teams/logos/season/2024-25/BOS_logo.svg","https://stats.nba.com/player/1628401","https://ak-static.cms.nba.com/wp-content/uploads/headshots/nba/latest/260x190/1628401.png","https://ak-static.cms.nba.com/wp-content/uploads/headshots/nba/latest/260x190/1628401.png","https://stats.nba.com/media/players/700/1628401.png","https://ak-static.cms.nba.com/wp-content/uploads/headshots/nba/latest/260x190/1628401.png"
"134",2025,"2024-25","NBA","Regular Season",2024-11-13,22400218,13,"Boston Celtics",1610612738,TRUE,FALSE,TRUE,"A","BOS @ BKN","BOS",0,2,"BKN","BOS","BKN","W","Xavier Tillman",10,2,8,1630214,TRUE,0,0,NA,0,0,0,NA,TRUE,0,0,0,2,0,0,0,0,0,0,0,0,0,0,0,-2,0,"https://stats.nba.com/media/img/teams/logos/season/2024-25/BOS_logo.svg","https://stats.nba.com/player/1630214","https://ak-static.cms.nba.com/wp-content/uploads/headshots/nba/latest/260x190/1630214.png","https://ak-static.cms.nba.com/wp-content/uploads/headshots/nba/latest/260x190/1630214.png","https://stats.nba.com/media/players/700/1630214.png","https://stats.nba.com/media/img/league/nba-headshot-fallback.png"
"135",2025,"2024-25","NBA","Regular Season",2024-11-13,22400218,13,"Boston Celtics",1610612738,TRUE,FALSE,TRUE,"A","BOS @ BKN","BOS",0,2,"BKN","BOS","BKN","W","Jaylen Brown",9,0,2,1627759,TRUE,8,19,0.421,2,5,0.4,0.667,TRUE,6,14,0.428571428571429,36,6,9,2,10,12,4,1,0,0,2,24,27,47.4,"https://stats.nba.com/media/img/teams/logos/season/2024-25/BOS_logo.svg","https://stats.nba.com/player/1627759","https://stats.nba.com/media/players/230x185/1627759.png","https://ak-static.cms.nba.com/wp-content/uploads/headshots/nba/latest/260x190/1627759.png","https://stats.nba.com/media/players/700/1627759.png","https://ak-static.cms.nba.com/wp-content/uploads/headshots/nba/latest/260x190/1627759.png"
"136",2025,"2024-25","NBA","Regular Season",2024-11-13,22400218,13,"Boston Celtics",1610612738,TRUE,FALSE,TRUE,"A","BOS @ BKN","BOS",0,2,"BKN","BOS","BKN","W","Payton Pritchard",13,0,2,1630202,TRUE,8,13,0.615,5,9,0.555555555555556,0.5,TRUE,3,4,0.75,36,2,4,2,4,6,8,2,1,1,3,23,14,50.2,"https://stats.nba.com/media/img/teams/logos/season/2024-25/BOS_logo.svg","https://stats.nba.com/player/1630202","https://ak-static.cms.nba.com/wp-content/uploads/headshots/nba/latest/260x190/1630202.png","https://ak-static.cms.nba.com/wp-content/uploads/headshots/nba/latest/260x190/1630202.png","https://stats.nba.com/media/players/700/1630202.png","https://stats.nba.com/media/img/league/nba-headshot-fallback.png"
"137",2025,"2024-25","NBA","Regular Season",2024-11-13,22400218,13,"Boston Celtics",1610612738,TRUE,FALSE,TRUE,"A","BOS @ BKN","BOS",0,2,"BKN","BOS","BKN","W","Jrue Holiday",13,0,5,201950,TRUE,6,11,0.545,2,6,0.333333333333333,1,TRUE,4,5,0.8,32,2,2,3,3,6,4,3,1,2,0,16,18,39.2,"https://stats.nba.com/media/img/teams/logos/season/2024-25/BOS_logo.svg","https://stats.nba.com/player/201950","https://stats.nba.com/media/players/230x185/201950.png","https://ak-static.cms.nba.com/wp-content/uploads/headshots/nba/latest/260x190/201950.png","https://stats.nba.com/media/players/700/201950.png","https://ak-static.cms.nba.com/wp-content/uploads/headshots/nba/latest/260x190/201950.png"
"138",2025,"2024-25","NBA","Regular Season",2024-11-13,22400218,13,"Boston Celtics",1610612738,TRUE,FALSE,TRUE,"A","BOS @ BKN","BOS",0,2,"BKN","BOS","BKN","W","Neemias Queta",12,0,2,1629674,TRUE,4,4,1,0,0,0,NA,TRUE,4,4,1,21,0,0,0,1,1,1,0,1,0,4,8,19,13.7,"https://stats.nba.com/media/img/teams/logos/season/2024-25/BOS_logo.svg","https://stats.nba.com/player/1629674","https://ak-static.cms.nba.com/wp-content/uploads/headshots/nba/latest/260x190/1629674.png","https://ak-static.cms.nba.com/wp-content/uploads/headshots/nba/latest/260x190/1629674.png","https://stats.nba.com/media/players/700/1629674.png","https://stats.nba.com/media/img/league/nba-headshot-fallback.png"
"139",2025,"2024-25","NBA","Regular Season",2024-11-13,22400218,13,"Boston Celtics",1610612738,TRUE,FALSE,TRUE,"A","BOS @ BKN","BOS",0,2,"BKN","BOS","BKN","W","Sam Hauser",10,0,2,1630573,TRUE,4,10,0.4,4,10,0.4,NA,TRUE,0,0,0,26,0,0,1,5,6,1,0,1,0,0,12,10,23.7,"https://stats.nba.com/media/img/teams/logos/season/2024-25/BOS_logo.svg","https://stats.nba.com/player/1630573","https://ak-static.cms.nba.com/wp-content/uploads/headshots/nba/latest/260x190/1630573.png","https://ak-static.cms.nba.com/wp-content/uploads/headshots/nba/latest/260x190/1630573.png","https://stats.nba.com/media/players/700/1630573.png","https://stats.nba.com/media/img/league/nba-headshot-fallback.png"
"140",2025,"2024-25","NBA","Regular Season",2024-11-13,22400218,13,"Boston Celtics",1610612738,TRUE,FALSE,TRUE,"A","BOS @ BKN","BOS",0,2,"BKN","BOS","BKN","W","Drew Peterson",3,15,17,1641809,TRUE,0,0,NA,0,0,0,NA,TRUE,0,0,0,2,0,0,0,0,0,1,0,0,0,0,0,-2,1.5,"https://stats.nba.com/media/img/teams/logos/season/2024-25/BOS_logo.svg","https://stats.nba.com/player/1641809","https://ak-static.cms.nba.com/wp-content/uploads/headshots/nba/latest/260x190/1641809.png","https://ak-static.cms.nba.com/wp-content/uploads/headshots/nba/latest/260x190/1641809.png","https://stats.nba.com/media/players/700/1641809.png","https://stats.nba.com/media/img/league/nba-headshot-fallback.png"
"141",2025,"2024-25","NBA","Regular Season",2024-11-16,22400230,14,"Boston Celtics",1610612738,FALSE,FALSE,FALSE,"H","BOS vs. TOR","BOS",2,2,"TOR","BOS","TOR","W","Al Horford",12,3,2,201143,TRUE,6,11,0.545,5,10,0.5,1,TRUE,1,1,1,32,1,1,2,2,4,2,1,1,2,1,18,-7,29.8,"https://stats.nba.com/media/img/teams/logos/season/2024-25/BOS_logo.svg","https://stats.nba.com/player/201143","https://stats.nba.com/media/players/230x185/201143.png","https://ak-static.cms.nba.com/wp-content/uploads/headshots/nba/latest/260x190/201143.png","https://stats.nba.com/media/players/700/201143.png","https://ak-static.cms.nba.com/wp-content/uploads/headshots/nba/latest/260x190/201143.png"
"142",2025,"2024-25","NBA","Regular Season",2024-11-16,22400230,14,"Boston Celtics",1610612738,FALSE,FALSE,FALSE,"H","BOS vs. TOR","BOS",2,2,"TOR","BOS","TOR","W","Jaylen Brown",10,2,2,1627759,TRUE,8,16,0.5,2,7,0.285714285714286,0.9,TRUE,6,9,0.666666666666667,43,9,10,2,4,6,7,0,1,3,5,27,2,44.7,"https://stats.nba.com/media/img/teams/logos/season/2024-25/BOS_logo.svg","https://stats.nba.com/player/1627759","https://stats.nba.com/media/players/230x185/1627759.png","https://ak-static.cms.nba.com/wp-content/uploads/headshots/nba/latest/260x190/1627759.png","https://stats.nba.com/media/players/700/1627759.png","https://ak-static.cms.nba.com/wp-content/uploads/headshots/nba/latest/260x190/1627759.png"
"143",2025,"2024-25","NBA","Regular Season",2024-11-16,22400230,14,"Boston Celtics",1610612738,FALSE,FALSE,FALSE,"H","BOS vs. TOR","BOS",2,2,"TOR","BOS","TOR","W","Luke Kornet",13,2,5,1628436,TRUE,2,3,0.667,0,0,0,NA,TRUE,2,3,0.666666666666667,17,0,0,3,3,6,3,1,0,1,2,4,7,17.7,"https://stats.nba.com/media/img/teams/logos/season/2024-25/BOS_logo.svg","https://stats.nba.com/player/1628436","https://ak-static.cms.nba.com/wp-content/uploads/headshots/nba/latest/260x190/1628436.png","https://ak-static.cms.nba.com/wp-content/uploads/headshots/nba/latest/260x190/1628436.png","https://stats.nba.com/media/players/700/1628436.png","https://ak-static.cms.nba.com/wp-content/uploads/headshots/nba/latest/260x190/1628436.png"
"144",2025,"2024-25","NBA","Regular Season",2024-11-16,22400230,14,"Boston Celtics",1610612738,FALSE,FALSE,FALSE,"H","BOS vs. TOR","BOS",2,2,"TOR","BOS","TOR","W","Sam Hauser",11,2,2,1630573,TRUE,5,12,0.417,3,10,0.3,1,TRUE,2,2,1,25,1,1,0,0,0,1,0,1,0,2,14,8,18.5,"https://stats.nba.com/media/img/teams/logos/season/2024-25/BOS_logo.svg","https://stats.nba.com/player/1630573","https://ak-static.cms.nba.com/wp-content/uploads/headshots/nba/latest/260x190/1630573.png","https://ak-static.cms.nba.com/wp-content/uploads/headshots/nba/latest/260x190/1630573.png","https://stats.nba.com/media/players/700/1630573.png","https://stats.nba.com/media/img/league/nba-headshot-fallback.png"
"145",2025,"2024-25","NBA","Regular Season",2024-11-16,22400230,14,"Boston Celtics",1610612738,FALSE,FALSE,FALSE,"H","BOS vs. TOR","BOS",2,2,"TOR","BOS","TOR","W","Jayson Tatum",14,2,2,1628369,TRUE,7,19,0.368,5,12,0.416666666666667,1,TRUE,2,7,0.285714285714286,42,5,5,0,11,11,9,0,0,2,3,24,1,48.7,"https://stats.nba.com/media/img/teams/logos/season/2024-25/BOS_logo.svg","https://stats.nba.com/player/1628369","https://ak-static.cms.nba.com/wp-content/uploads/headshots/nba/latest/260x190/1628369.png","https://ak-static.cms.nba.com/wp-content/uploads/headshots/nba/latest/260x190/1628369.png","https://stats.nba.com/media/players/700/1628369.png","https://ak-static.cms.nba.com/wp-content/uploads/headshots/nba/latest/260x190/1628369.png"
"146",2025,"2024-25","NBA","Regular Season",2024-11-16,22400230,14,"Boston Celtics",1610612738,FALSE,FALSE,FALSE,"H","BOS vs. TOR","BOS",2,2,"TOR","BOS","TOR","W","Derrick White",14,2,2,1628401,TRUE,7,20,0.35,3,12,0.25,0.5,TRUE,4,8,0.5,41,1,2,2,3,5,4,0,2,1,1,18,1,35,"https://stats.nba.com/media/img/teams/logos/season/2024-25/BOS_logo.svg","https://stats.nba.com/player/1628401","https://ak-static.cms.nba.com/wp-content/uploads/headshots/nba/latest/260x190/1628401.png","https://ak-static.cms.nba.com/wp-content/uploads/headshots/nba/latest/260x190/1628401.png","https://stats.nba.com/media/players/700/1628401.png","https://ak-static.cms.nba.com/wp-content/uploads/headshots/nba/latest/260x190/1628401.png"
"147",2025,"2024-25","NBA","Regular Season",2024-11-16,22400230,14,"Boston Celtics",1610612738,FALSE,FALSE,FALSE,"H","BOS vs. TOR","BOS",2,2,"TOR","BOS","TOR","W","Neemias Queta",13,2,2,1629674,TRUE,6,8,0.75,0,1,0,NA,TRUE,6,7,0.857142857142857,33,0,0,4,4,8,2,0,1,0,2,12,-5,27.6,"https://stats.nba.com/media/img/teams/logos/season/2024-25/BOS_logo.svg","https://stats.nba.com/player/1629674","https://ak-static.cms.nba.com/wp-content/uploads/headshots/nba/latest/260x190/1629674.png","https://ak-static.cms.nba.com/wp-content/uploads/headshots/nba/latest/260x190/1629674.png","https://stats.nba.com/media/players/700/1629674.png","https://stats.nba.com/media/img/league/nba-headshot-fallback.png"
"148",2025,"2024-25","NBA","Regular Season",2024-11-16,22400230,14,"Boston Celtics",1610612738,FALSE,FALSE,FALSE,"H","BOS vs. TOR","BOS",2,2,"TOR","BOS","TOR","W","Jordan Walsh",12,2,5,1641775,TRUE,1,2,0.5,1,2,0.5,NA,TRUE,0,0,0,8,0,0,1,1,2,1,0,0,0,2,3,2,6.9,"https://stats.nba.com/media/img/teams/logos/season/2024-25/BOS_logo.svg","https://stats.nba.com/player/1641775","https://ak-static.cms.nba.com/wp-content/uploads/headshots/nba/latest/260x190/1641775.png","https://ak-static.cms.nba.com/wp-content/uploads/headshots/nba/latest/260x190/1641775.png","https://stats.nba.com/media/players/700/1641775.png","https://stats.nba.com/media/img/league/nba-headshot-fallback.png"
"149",2025,"2024-25","NBA","Regular Season",2024-11-16,22400230,14,"Boston Celtics",1610612738,FALSE,FALSE,FALSE,"H","BOS vs. TOR","BOS",2,2,"TOR","BOS","TOR","W","Payton Pritchard",14,2,2,1630202,TRUE,2,8,0.25,2,7,0.285714285714286,NA,TRUE,0,1,0,24,0,0,0,0,0,1,0,0,0,2,6,6,7.5,"https://stats.nba.com/media/img/teams/logos/season/2024-25/BOS_logo.svg","https://stats.nba.com/player/1630202","https://ak-static.cms.nba.com/wp-content/uploads/headshots/nba/latest/260x190/1630202.png","https://ak-static.cms.nba.com/wp-content/uploads/headshots/nba/latest/260x190/1630202.png","https://stats.nba.com/media/players/700/1630202.png","https://stats.nba.com/media/img/league/nba-headshot-fallback.png"
"150",2025,"2024-25","NBA","Regular Season",2024-11-19,22400021,15,"Boston Celtics",1610612738,FALSE,FALSE,FALSE,"H","BOS vs. CLE","BOS",2,2,"CLE","BOS","CLE","W","Derrick White",15,2,2,1628401,TRUE,7,12,0.583,4,7,0.571428571428571,1,TRUE,3,5,0.6,42,1,1,2,4,6,5,0,1,1,1,19,17,35.7,"https://stats.nba.com/media/img/teams/logos/season/2024-25/BOS_logo.svg","https://stats.nba.com/player/1628401","https://ak-static.cms.nba.com/wp-content/uploads/headshots/nba/latest/260x190/1628401.png","https://ak-static.cms.nba.com/wp-content/uploads/headshots/nba/latest/260x190/1628401.png","https://stats.nba.com/media/players/700/1628401.png","https://ak-static.cms.nba.com/wp-content/uploads/headshots/nba/latest/260x190/1628401.png"
"151",2025,"2024-25","NBA","Regular Season",2024-11-19,22400021,15,"Boston Celtics",1610612738,FALSE,FALSE,FALSE,"H","BOS vs. CLE","BOS",2,2,"CLE","BOS","CLE","W","Neemias Queta",14,2,2,1629674,TRUE,2,5,0.4,0,0,0,0.5,TRUE,2,5,0.4,16,1,2,3,1,4,2,0,0,3,3,5,-15,9.8,"https://stats.nba.com/media/img/teams/logos/season/2024-25/BOS_logo.svg","https://stats.nba.com/player/1629674","https://ak-static.cms.nba.com/wp-content/uploads/headshots/nba/latest/260x190/1629674.png","https://ak-static.cms.nba.com/wp-content/uploads/headshots/nba/latest/260x190/1629674.png","https://stats.nba.com/media/players/700/1629674.png","https://stats.nba.com/media/img/league/nba-headshot-fallback.png"
"152",2025,"2024-25","NBA","Regular Season",2024-11-19,22400021,15,"Boston Celtics",1610612738,FALSE,FALSE,FALSE,"H","BOS vs. CLE","BOS",2,2,"CLE","BOS","CLE","W","Al Horford",13,2,4,201143,TRUE,7,11,0.636,4,5,0.8,1,TRUE,3,6,0.5,32,2,2,2,5,7,1,0,3,0,3,20,18,38.9,"https://stats.nba.com/media/img/teams/logos/season/2024-25/BOS_logo.svg","https://stats.nba.com/player/201143","https://stats.nba.com/media/players/230x185/201143.png","https://ak-static.cms.nba.com/wp-content/uploads/headshots/nba/latest/260x190/201143.png","https://stats.nba.com/media/players/700/201143.png","https://ak-static.cms.nba.com/wp-content/uploads/headshots/nba/latest/260x190/201143.png"
"153",2025,"2024-25","NBA","Regular Season",2024-11-19,22400021,15,"Boston Celtics",1610612738,FALSE,FALSE,FALSE,"H","BOS vs. CLE","BOS",2,2,"CLE","BOS","CLE","W","Payton Pritchard",15,2,2,1630202,TRUE,5,9,0.556,3,6,0.5,NA,TRUE,2,3,0.666666666666667,26,0,0,1,1,2,3,1,0,0,2,13,-14,22.9,"https://stats.nba.com/media/img/teams/logos/season/2024-25/BOS_logo.svg","https://stats.nba.com/player/1630202","https://ak-static.cms.nba.com/wp-content/uploads/headshots/nba/latest/260x190/1630202.png","https://ak-static.cms.nba.com/wp-content/uploads/headshots/nba/latest/260x190/1630202.png","https://stats.nba.com/media/players/700/1630202.png","https://stats.nba.com/media/img/league/nba-headshot-fallback.png"
"154",2025,"2024-25","NBA","Regular Season",2024-11-19,22400021,15,"Boston Celtics",1610612738,FALSE,FALSE,FALSE,"H","BOS vs. CLE","BOS",2,2,"CLE","BOS","CLE","W","Sam Hauser",12,2,2,1630573,TRUE,1,3,0.333,0,2,0,NA,TRUE,1,1,1,21,0,0,0,3,3,2,0,0,0,0,2,-13,8.6,"https://stats.nba.com/media/img/teams/logos/season/2024-25/BOS_logo.svg","https://stats.nba.com/player/1630573","https://ak-static.cms.nba.com/wp-content/uploads/headshots/nba/latest/260x190/1630573.png","https://ak-static.cms.nba.com/wp-content/uploads/headshots/nba/latest/260x190/1630573.png","https://stats.nba.com/media/players/700/1630573.png","https://stats.nba.com/media/img/league/nba-headshot-fallback.png"
"155",2025,"2024-25","NBA","Regular Season",2024-11-19,22400021,15,"Boston Celtics",1610612738,FALSE,FALSE,FALSE,"H","BOS vs. CLE","BOS",2,2,"CLE","BOS","CLE","W","Jrue Holiday",14,5,2,201950,TRUE,4,7,0.571,3,4,0.75,NA,TRUE,1,3,0.333333333333333,28,0,0,1,4,5,4,0,0,1,2,11,3,22,"https://stats.nba.com/media/img/teams/logos/season/2024-25/BOS_logo.svg","https://stats.nba.com/player/201950","https://stats.nba.com/media/players/230x185/201950.png","https://ak-static.cms.nba.com/wp-content/uploads/headshots/nba/latest/260x190/201950.png","https://stats.nba.com/media/players/700/201950.png","https://ak-static.cms.nba.com/wp-content/uploads/headshots/nba/latest/260x190/201950.png"
"156",2025,"2024-25","NBA","Regular Season",2024-11-19,22400021,15,"Boston Celtics",1610612738,FALSE,FALSE,FALSE,"H","BOS vs. CLE","BOS",2,2,"CLE","BOS","CLE","W","Jaylen Brown",11,2,2,1627759,TRUE,7,17,0.412,2,7,0.285714285714286,0.5,TRUE,5,10,0.5,37,1,2,0,3,3,8,1,0,4,5,17,17,31.6,"https://stats.nba.com/media/img/teams/logos/season/2024-25/BOS_logo.svg","https://stats.nba.com/player/1627759","https://stats.nba.com/media/players/230x185/1627759.png","https://ak-static.cms.nba.com/wp-content/uploads/headshots/nba/latest/260x190/1627759.png","https://stats.nba.com/media/players/700/1627759.png","https://ak-static.cms.nba.com/wp-content/uploads/headshots/nba/latest/260x190/1627759.png"
"157",2025,"2024-25","NBA","Regular Season",2024-11-19,22400021,15,"Boston Celtics",1610612738,FALSE,FALSE,FALSE,"H","BOS vs. CLE","BOS",2,2,"CLE","BOS","CLE","W","Jayson Tatum",15,2,2,1628369,TRUE,11,22,0.5,6,10,0.6,0.714,TRUE,5,12,0.416666666666667,38,5,7,0,12,12,7,2,0,4,3,33,2,59.9,"https://stats.nba.com/media/img/teams/logos/season/2024-25/BOS_logo.svg","https://stats.nba.com/player/1628369","https://ak-static.cms.nba.com/wp-content/uploads/headshots/nba/latest/260x190/1628369.png","https://ak-static.cms.nba.com/wp-content/uploads/headshots/nba/latest/260x190/1628369.png","https://stats.nba.com/media/players/700/1628369.png","https://ak-static.cms.nba.com/wp-content/uploads/headshots/nba/latest/260x190/1628369.png"
"158",2025,"2024-25","NBA","Regular Season",2024-11-22,22400028,16,"Boston Celtics",1610612738,FALSE,TRUE,FALSE,"A","BOS @ WAS","BOS",2,1,"WAS","BOS","WAS","W","Jaylen Brown",12,2,1,1627759,TRUE,11,27,0.407,3,13,0.230769230769231,0.75,TRUE,8,14,0.571428571428571,37,6,8,3,8,11,5,0,0,3,3,31,4,48.7,"https://stats.nba.com/media/img/teams/logos/season/2024-25/BOS_logo.svg","https://stats.nba.com/player/1627759","https://stats.nba.com/media/players/230x185/1627759.png","https://ak-static.cms.nba.com/wp-content/uploads/headshots/nba/latest/260x190/1627759.png","https://stats.nba.com/media/players/700/1627759.png","https://ak-static.cms.nba.com/wp-content/uploads/headshots/nba/latest/260x190/1627759.png"
"159",2025,"2024-25","NBA","Regular Season",2024-11-22,22400028,16,"Boston Celtics",1610612738,FALSE,TRUE,FALSE,"A","BOS @ WAS","BOS",2,1,"WAS","BOS","WAS","W","Jrue Holiday",15,2,1,201950,TRUE,3,6,0.5,2,5,0.4,1,TRUE,1,1,1,29,8,8,1,4,5,1,4,1,2,2,16,10,36.5,"https://stats.nba.com/media/img/teams/logos/season/2024-25/BOS_logo.svg","https://stats.nba.com/player/201950","https://stats.nba.com/media/players/230x185/201950.png","https://ak-static.cms.nba.com/wp-content/uploads/headshots/nba/latest/260x190/201950.png","https://stats.nba.com/media/players/700/201950.png","https://ak-static.cms.nba.com/wp-content/uploads/headshots/nba/latest/260x190/201950.png"
"160",2025,"2024-25","NBA","Regular Season",2024-11-22,22400028,16,"Boston Celtics",1610612738,FALSE,TRUE,FALSE,"A","BOS @ WAS","BOS",2,1,"WAS","BOS","WAS","W","Derrick White",16,2,1,1628401,TRUE,4,11,0.364,2,8,0.25,NA,TRUE,2,3,0.666666666666667,36,0,0,0,2,2,3,0,1,2,2,10,3,17.9,"https://stats.nba.com/media/img/teams/logos/season/2024-25/BOS_logo.svg","https://stats.nba.com/player/1628401","https://ak-static.cms.nba.com/wp-content/uploads/headshots/nba/latest/260x190/1628401.png","https://ak-static.cms.nba.com/wp-content/uploads/headshots/nba/latest/260x190/1628401.png","https://stats.nba.com/media/players/700/1628401.png","https://ak-static.cms.nba.com/wp-content/uploads/headshots/nba/latest/260x190/1628401.png"
"161",2025,"2024-25","NBA","Regular Season",2024-11-22,22400028,16,"Boston Celtics",1610612738,FALSE,TRUE,FALSE,"A","BOS @ WAS","BOS",2,1,"WAS","BOS","WAS","W","Xavier Tillman",11,8,1,1630214,TRUE,0,2,0,0,1,0,NA,TRUE,0,1,0,9,0,0,0,2,2,0,0,2,0,1,0,2,8.4,"https://stats.nba.com/media/img/teams/logos/season/2024-25/BOS_logo.svg","https://stats.nba.com/player/1630214","https://ak-static.cms.nba.com/wp-content/uploads/headshots/nba/latest/260x190/1630214.png","https://ak-static.cms.nba.com/wp-content/uploads/headshots/nba/latest/260x190/1630214.png","https://stats.nba.com/media/players/700/1630214.png","https://stats.nba.com/media/img/league/nba-headshot-fallback.png"
"162",2025,"2024-25","NBA","Regular Season",2024-11-22,22400028,16,"Boston Celtics",1610612738,FALSE,TRUE,FALSE,"A","BOS @ WAS","BOS",2,1,"WAS","BOS","WAS","W","Jayson Tatum",16,2,1,1628369,TRUE,6,19,0.316,0,10,0,0.667,TRUE,6,9,0.666666666666667,37,4,6,1,8,9,8,2,0,3,2,16,20,41.8,"https://stats.nba.com/media/img/teams/logos/season/2024-25/BOS_logo.svg","https://stats.nba.com/player/1628369","https://ak-static.cms.nba.com/wp-content/uploads/headshots/nba/latest/260x190/1628369.png","https://ak-static.cms.nba.com/wp-content/uploads/headshots/nba/latest/260x190/1628369.png","https://stats.nba.com/media/players/700/1628369.png","https://ak-static.cms.nba.com/wp-content/uploads/headshots/nba/latest/260x190/1628369.png"
"163",2025,"2024-25","NBA","Regular Season",2024-11-22,22400028,16,"Boston Celtics",1610612738,FALSE,TRUE,FALSE,"A","BOS @ WAS","BOS",2,1,"WAS","BOS","WAS","W","Luke Kornet",14,5,8,1628436,TRUE,3,3,1,0,0,0,0,TRUE,3,3,1,24,0,1,3,3,6,1,1,1,1,1,6,15,19.7,"https://stats.nba.com/media/img/teams/logos/season/2024-25/BOS_logo.svg","https://stats.nba.com/player/1628436","https://ak-static.cms.nba.com/wp-content/uploads/headshots/nba/latest/260x190/1628436.png","https://ak-static.cms.nba.com/wp-content/uploads/headshots/nba/latest/260x190/1628436.png","https://stats.nba.com/media/players/700/1628436.png","https://ak-static.cms.nba.com/wp-content/uploads/headshots/nba/latest/260x190/1628436.png"
"164",2025,"2024-25","NBA","Regular Season",2024-11-22,22400028,16,"Boston Celtics",1610612738,FALSE,TRUE,FALSE,"A","BOS @ WAS","BOS",2,1,"WAS","BOS","WAS","W","Neemias Queta",15,2,2,1629674,TRUE,1,3,0.333,0,0,0,0.833,TRUE,1,3,0.333333333333333,18,5,6,0,2,2,0,0,1,0,4,7,-10,12.4,"https://stats.nba.com/media/img/teams/logos/season/2024-25/BOS_logo.svg","https://stats.nba.com/player/1629674","https://ak-static.cms.nba.com/wp-content/uploads/headshots/nba/latest/260x190/1629674.png","https://ak-static.cms.nba.com/wp-content/uploads/headshots/nba/latest/260x190/1629674.png","https://stats.nba.com/media/players/700/1629674.png","https://stats.nba.com/media/img/league/nba-headshot-fallback.png"
"165",2025,"2024-25","NBA","Regular Season",2024-11-22,22400028,16,"Boston Celtics",1610612738,FALSE,TRUE,FALSE,"A","BOS @ WAS","BOS",2,1,"WAS","BOS","WAS","W","Payton Pritchard",16,2,1,1630202,TRUE,3,6,0.5,1,3,0.333333333333333,0.667,TRUE,2,3,0.666666666666667,23,2,3,1,1,2,4,1,0,0,2,9,0,20.4,"https://stats.nba.com/media/img/teams/logos/season/2024-25/BOS_logo.svg","https://stats.nba.com/player/1630202","https://ak-static.cms.nba.com/wp-content/uploads/headshots/nba/latest/260x190/1630202.png","https://ak-static.cms.nba.com/wp-content/uploads/headshots/nba/latest/260x190/1630202.png","https://stats.nba.com/media/players/700/1630202.png","https://stats.nba.com/media/img/league/nba-headshot-fallback.png"
"166",2025,"2024-25","NBA","Regular Season",2024-11-22,22400028,16,"Boston Celtics",1610612738,FALSE,TRUE,FALSE,"A","BOS @ WAS","BOS",2,1,"WAS","BOS","WAS","W","Jordan Walsh",13,5,2,1641775,TRUE,0,1,0,0,1,0,NA,TRUE,0,0,0,5,0,0,1,0,1,0,0,1,0,0,0,5,4.2,"https://stats.nba.com/media/img/teams/logos/season/2024-25/BOS_logo.svg","https://stats.nba.com/player/1641775","https://ak-static.cms.nba.com/wp-content/uploads/headshots/nba/latest/260x190/1641775.png","https://ak-static.cms.nba.com/wp-content/uploads/headshots/nba/latest/260x190/1641775.png","https://stats.nba.com/media/players/700/1641775.png","https://stats.nba.com/media/img/league/nba-headshot-fallback.png"
"167",2025,"2024-25","NBA","Regular Season",2024-11-22,22400028,16,"Boston Celtics",1610612738,FALSE,TRUE,FALSE,"A","BOS @ WAS","BOS",2,1,"WAS","BOS","WAS","W","Sam Hauser",13,2,1,1630573,TRUE,5,7,0.714,3,5,0.6,NA,TRUE,2,2,1,22,0,0,0,3,3,0,3,0,1,2,13,11,24.6,"https://stats.nba.com/media/img/teams/logos/season/2024-25/BOS_logo.svg","https://stats.nba.com/player/1630573","https://ak-static.cms.nba.com/wp-content/uploads/headshots/nba/latest/260x190/1630573.png","https://ak-static.cms.nba.com/wp-content/uploads/headshots/nba/latest/260x190/1630573.png","https://stats.nba.com/media/players/700/1630573.png","https://stats.nba.com/media/img/league/nba-headshot-fallback.png"
"168",2025,"2024-25","NBA","Regular Season",2024-11-24,22400271,17,"Boston Celtics",1610612738,TRUE,FALSE,FALSE,"H","BOS vs. MIN","BOS",1,0,"MIN","BOS","MIN","W","Jayson Tatum",17,1,0,1628369,TRUE,8,21,0.381,5,12,0.416666666666667,0.833,TRUE,3,9,0.333333333333333,38,5,6,0,8,8,4,2,0,1,4,26,7,46.6,"https://stats.nba.com/media/img/teams/logos/season/2024-25/BOS_logo.svg","https://stats.nba.com/player/1628369","https://ak-static.cms.nba.com/wp-content/uploads/headshots/nba/latest/260x190/1628369.png","https://ak-static.cms.nba.com/wp-content/uploads/headshots/nba/latest/260x190/1628369.png","https://stats.nba.com/media/players/700/1628369.png","https://ak-static.cms.nba.com/wp-content/uploads/headshots/nba/latest/260x190/1628369.png"
"169",2025,"2024-25","NBA","Regular Season",2024-11-24,22400271,17,"Boston Celtics",1610612738,TRUE,FALSE,FALSE,"H","BOS vs. MIN","BOS",1,0,"MIN","BOS","MIN","W","Payton Pritchard",17,1,0,1630202,TRUE,3,7,0.429,1,5,0.2,1,TRUE,2,2,1,22,1,1,1,3,4,3,0,0,0,2,8,-3,17.3,"https://stats.nba.com/media/img/teams/logos/season/2024-25/BOS_logo.svg","https://stats.nba.com/player/1630202","https://ak-static.cms.nba.com/wp-content/uploads/headshots/nba/latest/260x190/1630202.png","https://ak-static.cms.nba.com/wp-content/uploads/headshots/nba/latest/260x190/1630202.png","https://stats.nba.com/media/players/700/1630202.png","https://stats.nba.com/media/img/league/nba-headshot-fallback.png"
"170",2025,"2024-25","NBA","Regular Season",2024-11-24,22400271,17,"Boston Celtics",1610612738,TRUE,FALSE,FALSE,"H","BOS vs. MIN","BOS",1,0,"MIN","BOS","MIN","W","Xavier Tillman",12,1,0,1630214,TRUE,1,2,0.5,0,0,0,0.5,TRUE,1,2,0.5,14,1,2,0,4,4,0,0,1,0,4,3,-1,10.8,"https://stats.nba.com/media/img/teams/logos/season/2024-25/BOS_logo.svg","https://stats.nba.com/player/1630214","https://ak-static.cms.nba.com/wp-content/uploads/headshots/nba/latest/260x190/1630214.png","https://ak-static.cms.nba.com/wp-content/uploads/headshots/nba/latest/260x190/1630214.png","https://stats.nba.com/media/players/700/1630214.png","https://stats.nba.com/media/img/league/nba-headshot-fallback.png"
"171",2025,"2024-25","NBA","Regular Season",2024-11-24,22400271,17,"Boston Celtics",1610612738,TRUE,FALSE,FALSE,"H","BOS vs. MIN","BOS",1,0,"MIN","BOS","MIN","W","Al Horford",14,4,4,201143,TRUE,3,10,0.3,2,9,0.222222222222222,NA,TRUE,1,1,1,34,0,0,0,4,4,4,0,2,1,3,8,3,23.8,"https://stats.nba.com/media/img/teams/logos/season/2024-25/BOS_logo.svg","https://stats.nba.com/player/201143","https://stats.nba.com/media/players/230x185/201143.png","https://ak-static.cms.nba.com/wp-content/uploads/headshots/nba/latest/260x190/201143.png","https://stats.nba.com/media/players/700/201143.png","https://ak-static.cms.nba.com/wp-content/uploads/headshots/nba/latest/260x190/201143.png"
"172",2025,"2024-25","NBA","Regular Season",2024-11-24,22400271,17,"Boston Celtics",1610612738,TRUE,FALSE,FALSE,"H","BOS vs. MIN","BOS",1,0,"MIN","BOS","MIN","W","Jrue Holiday",16,1,0,201950,TRUE,3,10,0.3,1,6,0.166666666666667,1,TRUE,2,4,0.5,37,2,2,1,3,4,3,1,1,1,2,9,-4,23.3,"https://stats.nba.com/media/img/teams/logos/season/2024-25/BOS_logo.svg","https://stats.nba.com/player/201950","https://stats.nba.com/media/players/230x185/201950.png","https://ak-static.cms.nba.com/wp-content/uploads/headshots/nba/latest/260x190/201950.png","https://stats.nba.com/media/players/700/201950.png","https://ak-static.cms.nba.com/wp-content/uploads/headshots/nba/latest/260x190/201950.png"
"173",2025,"2024-25","NBA","Regular Season",2024-11-24,22400271,17,"Boston Celtics",1610612738,TRUE,FALSE,FALSE,"H","BOS vs. MIN","BOS",1,0,"MIN","BOS","MIN","W","Jaylen Brown",13,1,0,1627759,TRUE,10,18,0.556,7,10,0.7,1,TRUE,3,8,0.375,36,2,2,1,1,2,4,1,1,1,4,29,-1,42.4,"https://stats.nba.com/media/img/teams/logos/season/2024-25/BOS_logo.svg","https://stats.nba.com/player/1627759","https://stats.nba.com/media/players/230x185/1627759.png","https://ak-static.cms.nba.com/wp-content/uploads/headshots/nba/latest/260x190/1627759.png","https://stats.nba.com/media/players/700/1627759.png","https://ak-static.cms.nba.com/wp-content/uploads/headshots/nba/latest/260x190/1627759.png"
"174",2025,"2024-25","NBA","Regular Season",2024-11-24,22400271,17,"Boston Celtics",1610612738,TRUE,FALSE,FALSE,"H","BOS vs. MIN","BOS",1,0,"MIN","BOS","MIN","W","Derrick White",17,1,0,1628401,TRUE,7,12,0.583,4,9,0.444444444444444,0.5,TRUE,3,3,1,38,1,2,2,7,9,5,1,2,2,2,19,8,44.3,"https://stats.nba.com/media/img/teams/logos/season/2024-25/BOS_logo.svg","https://stats.nba.com/player/1628401","https://ak-static.cms.nba.com/wp-content/uploads/headshots/nba/latest/260x190/1628401.png","https://ak-static.cms.nba.com/wp-content/uploads/headshots/nba/latest/260x190/1628401.png","https://stats.nba.com/media/players/700/1628401.png","https://ak-static.cms.nba.com/wp-content/uploads/headshots/nba/latest/260x190/1628401.png"
"175",2025,"2024-25","NBA","Regular Season",2024-11-24,22400271,17,"Boston Celtics",1610612738,TRUE,FALSE,FALSE,"H","BOS vs. MIN","BOS",1,0,"MIN","BOS","MIN","W","Sam Hauser",14,1,0,1630573,TRUE,2,7,0.286,1,5,0.2,NA,TRUE,1,2,0.5,20,0,0,3,2,5,2,0,0,0,2,5,1,14,"https://stats.nba.com/media/img/teams/logos/season/2024-25/BOS_logo.svg","https://stats.nba.com/player/1630573","https://ak-static.cms.nba.com/wp-content/uploads/headshots/nba/latest/260x190/1630573.png","https://ak-static.cms.nba.com/wp-content/uploads/headshots/nba/latest/260x190/1630573.png","https://stats.nba.com/media/players/700/1630573.png","https://stats.nba.com/media/img/league/nba-headshot-fallback.png"
"176",2025,"2024-25","NBA","Regular Season",2024-11-25,22400281,18,"Boston Celtics",1610612738,TRUE,FALSE,TRUE,"H","BOS vs. LAC","BOS",0,3,"LAC","BOS","LAC","W","Jayson Tatum",18,0,3,1628369,TRUE,7,15,0.467,2,6,0.333333333333333,0.667,TRUE,5,9,0.555555555555556,30,4,6,1,8,9,4,0,2,3,1,20,15,39.8,"https://stats.nba.com/media/img/teams/logos/season/2024-25/BOS_logo.svg","https://stats.nba.com/player/1628369","https://ak-static.cms.nba.com/wp-content/uploads/headshots/nba/latest/260x190/1628369.png","https://ak-static.cms.nba.com/wp-content/uploads/headshots/nba/latest/260x190/1628369.png","https://stats.nba.com/media/players/700/1628369.png","https://ak-static.cms.nba.com/wp-content/uploads/headshots/nba/latest/260x190/1628369.png"
"177",2025,"2024-25","NBA","Regular Season",2024-11-25,22400281,18,"Boston Celtics",1610612738,TRUE,FALSE,TRUE,"H","BOS vs. LAC","BOS",0,3,"LAC","BOS","LAC","W","Neemias Queta",16,2,3,1629674,TRUE,5,6,0.833,0,0,0,1,TRUE,5,6,0.833333333333333,25,2,2,2,7,9,3,2,4,1,3,12,29,44.3,"https://stats.nba.com/media/img/teams/logos/season/2024-25/BOS_logo.svg","https://stats.nba.com/player/1629674","https://ak-static.cms.nba.com/wp-content/uploads/headshots/nba/latest/260x190/1629674.png","https://ak-static.cms.nba.com/wp-content/uploads/headshots/nba/latest/260x190/1629674.png","https://stats.nba.com/media/players/700/1629674.png","https://stats.nba.com/media/img/league/nba-headshot-fallback.png"
"178",2025,"2024-25","NBA","Regular Season",2024-11-25,22400281,18,"Boston Celtics",1610612738,TRUE,FALSE,TRUE,"H","BOS vs. LAC","BOS",0,3,"LAC","BOS","LAC","W","Xavier Tillman",13,0,6,1630214,TRUE,0,0,NA,0,0,0,NA,TRUE,0,0,0,5,0,0,0,2,2,0,0,0,0,0,0,4,2.4,"https://stats.nba.com/media/img/teams/logos/season/2024-25/BOS_logo.svg","https://stats.nba.com/player/1630214","https://ak-static.cms.nba.com/wp-content/uploads/headshots/nba/latest/260x190/1630214.png","https://ak-static.cms.nba.com/wp-content/uploads/headshots/nba/latest/260x190/1630214.png","https://stats.nba.com/media/players/700/1630214.png","https://stats.nba.com/media/img/league/nba-headshot-fallback.png"
"179",2025,"2024-25","NBA","Regular Season",2024-11-25,22400281,18,"Boston Celtics",1610612738,TRUE,FALSE,TRUE,"H","BOS vs. LAC","BOS",0,3,"LAC","BOS","LAC","W","Jordan Walsh",14,2,6,1641775,TRUE,2,3,0.667,1,2,0.5,NA,TRUE,1,1,1,7,0,0,0,0,0,0,0,2,0,1,5,8,11,"https://stats.nba.com/media/img/teams/logos/season/2024-25/BOS_logo.svg","https://stats.nba.com/player/1641775","https://ak-static.cms.nba.com/wp-content/uploads/headshots/nba/latest/260x190/1641775.png","https://ak-static.cms.nba.com/wp-content/uploads/headshots/nba/latest/260x190/1641775.png","https://stats.nba.com/media/players/700/1641775.png","https://stats.nba.com/media/img/league/nba-headshot-fallback.png"
"180",2025,"2024-25","NBA","Regular Season",2024-11-25,22400281,18,"Boston Celtics",1610612738,TRUE,FALSE,TRUE,"H","BOS vs. LAC","BOS",0,3,"LAC","BOS","LAC","W","Baylor Scheierman",4,20,6,1631248,TRUE,0,1,0,0,0,0,NA,TRUE,0,1,0,5,0,0,1,1,2,1,0,0,0,0,0,4,3.9,"https://stats.nba.com/media/img/teams/logos/season/2024-25/BOS_logo.svg","https://stats.nba.com/player/1631248","https://ak-static.cms.nba.com/wp-content/uploads/headshots/nba/latest/260x190/1631248.png","https://ak-static.cms.nba.com/wp-content/uploads/headshots/nba/latest/260x190/1631248.png","https://stats.nba.com/media/players/700/1631248.png","https://stats.nba.com/media/img/league/nba-headshot-fallback.png"
"181",2025,"2024-25","NBA","Regular Season",2024-11-25,22400281,18,"Boston Celtics",1610612738,TRUE,FALSE,TRUE,"H","BOS vs. LAC","BOS",0,3,"LAC","BOS","LAC","W","Jrue Holiday",17,0,3,201950,TRUE,2,10,0.2,1,8,0.125,NA,TRUE,1,2,0.5,29,0,0,1,3,4,6,0,0,1,1,5,13,17.8,"https://stats.nba.com/media/img/teams/logos/season/2024-25/BOS_logo.svg","https://stats.nba.com/player/201950","https://stats.nba.com/media/players/230x185/201950.png","https://ak-static.cms.nba.com/wp-content/uploads/headshots/nba/latest/260x190/201950.png","https://stats.nba.com/media/players/700/201950.png","https://ak-static.cms.nba.com/wp-content/uploads/headshots/nba/latest/260x190/201950.png"
"182",2025,"2024-25","NBA","Regular Season",2024-11-25,22400281,18,"Boston Celtics",1610612738,TRUE,FALSE,TRUE,"H","BOS vs. LAC","BOS",0,3,"LAC","BOS","LAC","W","Payton Pritchard",18,0,3,1630202,TRUE,7,13,0.538,6,10,0.6,NA,TRUE,1,3,0.333333333333333,26,0,0,0,2,2,4,2,0,1,0,20,30,33.4,"https://stats.nba.com/media/img/teams/logos/season/2024-25/BOS_logo.svg","https://stats.nba.com/player/1630202","https://ak-static.cms.nba.com/wp-content/uploads/headshots/nba/latest/260x190/1630202.png","https://ak-static.cms.nba.com/wp-content/uploads/headshots/nba/latest/260x190/1630202.png","https://stats.nba.com/media/players/700/1630202.png","https://stats.nba.com/media/img/league/nba-headshot-fallback.png"
"183",2025,"2024-25","NBA","Regular Season",2024-11-25,22400281,18,"Boston Celtics",1610612738,TRUE,FALSE,TRUE,"H","BOS vs. LAC","BOS",0,3,"LAC","BOS","LAC","W","Jaden Springer",5,20,5,1630531,TRUE,1,2,0.5,0,0,0,0.5,TRUE,1,2,0.5,5,1,2,0,1,1,2,1,0,0,1,3,4,10.2,"https://stats.nba.com/media/img/teams/logos/season/2024-25/BOS_logo.svg","https://stats.nba.com/player/1630531","https://ak-static.cms.nba.com/wp-content/uploads/headshots/nba/latest/260x190/1630531.png","https://ak-static.cms.nba.com/wp-content/uploads/headshots/nba/latest/260x190/1630531.png","https://stats.nba.com/media/players/700/1630531.png","https://stats.nba.com/media/img/league/nba-headshot-fallback.png"
"184",2025,"2024-25","NBA","Regular Season",2024-11-25,22400281,18,"Boston Celtics",1610612738,TRUE,FALSE,TRUE,"H","BOS vs. LAC","BOS",0,3,"LAC","BOS","LAC","W","Jaylen Brown",14,0,3,1627759,TRUE,6,11,0.545,3,7,0.428571428571429,0.5,TRUE,3,4,0.75,31,2,4,0,6,6,4,3,1,3,1,17,11,39.2,"https://stats.nba.com/media/img/teams/logos/season/2024-25/BOS_logo.svg","https://stats.nba.com/player/1627759","https://stats.nba.com/media/players/230x185/1627759.png","https://ak-static.cms.nba.com/wp-content/uploads/headshots/nba/latest/260x190/1627759.png","https://stats.nba.com/media/players/700/1627759.png","https://ak-static.cms.nba.com/wp-content/uploads/headshots/nba/latest/260x190/1627759.png"
"185",2025,"2024-25","NBA","Regular Season",2024-11-25,22400281,18,"Boston Celtics",1610612738,TRUE,FALSE,TRUE,"H","BOS vs. LAC","BOS",0,3,"LAC","BOS","LAC","W","Sam Hauser",15,0,3,1630573,TRUE,3,3,1,3,3,1,NA,TRUE,0,0,0,23,0,0,0,2,2,0,0,0,0,0,9,27,11.4,"https://stats.nba.com/media/img/teams/logos/season/2024-25/BOS_logo.svg","https://stats.nba.com/player/1630573","https://ak-static.cms.nba.com/wp-content/uploads/headshots/nba/latest/260x190/1630573.png","https://ak-static.cms.nba.com/wp-content/uploads/headshots/nba/latest/260x190/1630573.png","https://stats.nba.com/media/players/700/1630573.png","https://stats.nba.com/media/img/league/nba-headshot-fallback.png"
"186",2025,"2024-25","NBA","Regular Season",2024-11-25,22400281,18,"Boston Celtics",1610612738,TRUE,FALSE,TRUE,"H","BOS vs. LAC","BOS",0,3,"LAC","BOS","LAC","W","Kristaps Porziņģis",1,120,120,204001,TRUE,6,12,0.5,1,6,0.166666666666667,0.75,TRUE,5,6,0.833333333333333,23,3,4,1,5,6,2,1,2,1,0,16,3,34.2,"https://stats.nba.com/media/img/teams/logos/season/2024-25/BOS_logo.svg","https://stats.nba.com/player/204001","https://stats.nba.com/media/players/230x185/204001.png","https://ak-static.cms.nba.com/wp-content/uploads/headshots/nba/latest/260x190/204001.png","https://stats.nba.com/media/players/700/204001.png","https://ak-static.cms.nba.com/wp-content/uploads/headshots/nba/latest/260x190/204001.png"
"187",2025,"2024-25","NBA","Regular Season",2024-11-25,22400281,18,"Boston Celtics",1610612738,TRUE,FALSE,TRUE,"H","BOS vs. LAC","BOS",0,3,"LAC","BOS","LAC","W","Derrick White",18,0,3,1628401,TRUE,6,12,0.5,5,9,0.555555555555556,1,TRUE,1,3,0.333333333333333,31,2,2,2,2,4,7,1,0,1,4,19,12,36.3,"https://stats.nba.com/media/img/teams/logos/season/2024-25/BOS_logo.svg","https://stats.nba.com/player/1628401","https://ak-static.cms.nba.com/wp-content/uploads/headshots/nba/latest/260x190/1628401.png","https://ak-static.cms.nba.com/wp-content/uploads/headshots/nba/latest/260x190/1628401.png","https://stats.nba.com/media/players/700/1628401.png","https://ak-static.cms.nba.com/wp-content/uploads/headshots/nba/latest/260x190/1628401.png"
"188",2025,"2024-25","NBA","Regular Season",2024-11-29,22400047,19,"Boston Celtics",1610612738,FALSE,TRUE,FALSE,"A","BOS @ CHI","BOS",3,1,"CHI","BOS","CHI","W","Kristaps Porziņģis",2,3,1,204001,TRUE,7,11,0.636,2,5,0.4,0.714,TRUE,5,6,0.833333333333333,25,5,7,0,8,8,1,0,0,0,3,21,7,32.1,"https://stats.nba.com/media/img/teams/logos/season/2024-25/BOS_logo.svg","https://stats.nba.com/player/204001","https://stats.nba.com/media/players/230x185/204001.png","https://ak-static.cms.nba.com/wp-content/uploads/headshots/nba/latest/260x190/204001.png","https://stats.nba.com/media/players/700/204001.png","https://ak-static.cms.nba.com/wp-content/uploads/headshots/nba/latest/260x190/204001.png"
"189",2025,"2024-25","NBA","Regular Season",2024-11-29,22400047,19,"Boston Celtics",1610612738,FALSE,TRUE,FALSE,"A","BOS @ CHI","BOS",3,1,"CHI","BOS","CHI","W","Neemias Queta",17,3,2,1629674,TRUE,0,0,NA,0,0,0,NA,TRUE,0,0,0,7,0,0,1,1,2,1,0,0,0,0,0,7,3.9,"https://stats.nba.com/media/img/teams/logos/season/2024-25/BOS_logo.svg","https://stats.nba.com/player/1629674","https://ak-static.cms.nba.com/wp-content/uploads/headshots/nba/latest/260x190/1629674.png","https://ak-static.cms.nba.com/wp-content/uploads/headshots/nba/latest/260x190/1629674.png","https://stats.nba.com/media/players/700/1629674.png","https://stats.nba.com/media/img/league/nba-headshot-fallback.png"
"190",2025,"2024-25","NBA","Regular Season",2024-11-29,22400047,19,"Boston Celtics",1610612738,FALSE,TRUE,FALSE,"A","BOS @ CHI","BOS",3,1,"CHI","BOS","CHI","W","Derrick White",19,3,2,1628401,TRUE,6,10,0.6,4,8,0.5,NA,TRUE,2,2,1,24,0,0,1,5,6,4,1,0,0,1,16,-5,32.2,"https://stats.nba.com/media/img/teams/logos/season/2024-25/BOS_logo.svg","https://stats.nba.com/player/1628401","https://ak-static.cms.nba.com/wp-content/uploads/headshots/nba/latest/260x190/1628401.png","https://ak-static.cms.nba.com/wp-content/uploads/headshots/nba/latest/260x190/1628401.png","https://stats.nba.com/media/players/700/1628401.png","https://ak-static.cms.nba.com/wp-content/uploads/headshots/nba/latest/260x190/1628401.png"
"191",2025,"2024-25","NBA","Regular Season",2024-11-29,22400047,19,"Boston Celtics",1610612738,FALSE,TRUE,FALSE,"A","BOS @ CHI","BOS",3,1,"CHI","BOS","CHI","W","Sam Hauser",16,3,1,1630573,TRUE,1,5,0.2,1,5,0.2,NA,TRUE,0,0,0,22,0,0,0,3,3,1,2,0,1,2,3,3,13.1,"https://stats.nba.com/media/img/teams/logos/season/2024-25/BOS_logo.svg","https://stats.nba.com/player/1630573","https://ak-static.cms.nba.com/wp-content/uploads/headshots/nba/latest/260x190/1630573.png","https://ak-static.cms.nba.com/wp-content/uploads/headshots/nba/latest/260x190/1630573.png","https://stats.nba.com/media/players/700/1630573.png","https://stats.nba.com/media/img/league/nba-headshot-fallback.png"
"192",2025,"2024-25","NBA","Regular Season",2024-11-29,22400047,19,"Boston Celtics",1610612738,FALSE,TRUE,FALSE,"A","BOS @ CHI","BOS",3,1,"CHI","BOS","CHI","W","Jaylen Brown",15,3,2,1627759,TRUE,7,21,0.333,4,10,0.4,0.75,TRUE,3,11,0.272727272727273,37,3,4,1,1,2,4,0,0,3,2,21,7,26.4,"https://stats.nba.com/media/img/teams/logos/season/2024-25/BOS_logo.svg","https://stats.nba.com/player/1627759","https://stats.nba.com/media/players/230x185/1627759.png","https://ak-static.cms.nba.com/wp-content/uploads/headshots/nba/latest/260x190/1627759.png","https://stats.nba.com/media/players/700/1627759.png","https://ak-static.cms.nba.com/wp-content/uploads/headshots/nba/latest/260x190/1627759.png"
"193",2025,"2024-25","NBA","Regular Season",2024-11-29,22400047,19,"Boston Celtics",1610612738,FALSE,TRUE,FALSE,"A","BOS @ CHI","BOS",3,1,"CHI","BOS","CHI","W","Payton Pritchard",19,3,1,1630202,TRUE,10,16,0.625,7,11,0.636363636363636,1,TRUE,3,5,0.6,29,2,2,4,3,7,1,1,0,0,1,29,11,41.9,"https://stats.nba.com/media/img/teams/logos/season/2024-25/BOS_logo.svg","https://stats.nba.com/player/1630202","https://ak-static.cms.nba.com/wp-content/uploads/headshots/nba/latest/260x190/1630202.png","https://ak-static.cms.nba.com/wp-content/uploads/headshots/nba/latest/260x190/1630202.png","https://stats.nba.com/media/players/700/1630202.png","https://stats.nba.com/media/img/league/nba-headshot-fallback.png"
"194",2025,"2024-25","NBA","Regular Season",2024-11-29,22400047,19,"Boston Celtics",1610612738,FALSE,TRUE,FALSE,"A","BOS @ CHI","BOS",3,1,"CHI","BOS","CHI","W","Al Horford",15,4,1,201143,TRUE,1,6,0.167,0,3,0,NA,TRUE,1,3,0.333333333333333,25,0,0,0,1,1,3,0,0,0,2,2,-4,7.7,"https://stats.nba.com/media/img/teams/logos/season/2024-25/BOS_logo.svg","https://stats.nba.com/player/201143","https://stats.nba.com/media/players/230x185/201143.png","https://ak-static.cms.nba.com/wp-content/uploads/headshots/nba/latest/260x190/201143.png","https://stats.nba.com/media/players/700/201143.png","https://ak-static.cms.nba.com/wp-content/uploads/headshots/nba/latest/260x190/201143.png"
"195",2025,"2024-25","NBA","Regular Season",2024-11-29,22400047,19,"Boston Celtics",1610612738,FALSE,TRUE,FALSE,"A","BOS @ CHI","BOS",3,1,"CHI","BOS","CHI","W","Jayson Tatum",19,3,1,1628369,TRUE,12,18,0.667,4,8,0.5,0.7,TRUE,8,10,0.8,36,7,10,1,13,14,5,1,1,3,0,35,13,62.3,"https://stats.nba.com/media/img/teams/logos/season/2024-25/BOS_logo.svg","https://stats.nba.com/player/1628369","https://ak-static.cms.nba.com/wp-content/uploads/headshots/nba/latest/260x190/1628369.png","https://ak-static.cms.nba.com/wp-content/uploads/headshots/nba/latest/260x190/1628369.png","https://stats.nba.com/media/players/700/1628369.png","https://ak-static.cms.nba.com/wp-content/uploads/headshots/nba/latest/260x190/1628369.png"
"196",2025,"2024-25","NBA","Regular Season",2024-11-29,22400047,19,"Boston Celtics",1610612738,FALSE,TRUE,FALSE,"A","BOS @ CHI","BOS",3,1,"CHI","BOS","CHI","W","Jrue Holiday",18,3,1,201950,TRUE,5,11,0.455,1,4,0.25,NA,TRUE,4,7,0.571428571428571,36,0,0,3,5,8,4,1,1,2,2,11,6,30.6,"https://stats.nba.com/media/img/teams/logos/season/2024-25/BOS_logo.svg","https://stats.nba.com/player/201950","https://stats.nba.com/media/players/230x185/201950.png","https://ak-static.cms.nba.com/wp-content/uploads/headshots/nba/latest/260x190/201950.png","https://stats.nba.com/media/players/700/201950.png","https://ak-static.cms.nba.com/wp-content/uploads/headshots/nba/latest/260x190/201950.png"
"197",2025,"2024-25","NBA","Regular Season",2024-12-01,22400307,20,"Boston Celtics",1610612738,TRUE,FALSE,FALSE,"A","BOS @ CLE","BOS",1,0,"CLE","CLE","BOS","L","Jrue Holiday",19,1,4,201950,FALSE,2,9,0.222,0,3,0,NA,TRUE,2,6,0.333333333333333,34,0,0,2,1,3,5,2,0,3,1,4,-11,18.1,"https://stats.nba.com/media/img/teams/logos/season/2024-25/BOS_logo.svg","https://stats.nba.com/player/201950","https://stats.nba.com/media/players/230x185/201950.png","https://ak-static.cms.nba.com/wp-content/uploads/headshots/nba/latest/260x190/201950.png","https://stats.nba.com/media/players/700/201950.png","https://ak-static.cms.nba.com/wp-content/uploads/headshots/nba/latest/260x190/201950.png"
"198",2025,"2024-25","NBA","Regular Season",2024-12-01,22400307,20,"Boston Celtics",1610612738,TRUE,FALSE,FALSE,"A","BOS @ CLE","BOS",1,0,"CLE","CLE","BOS","L","Payton Pritchard",20,1,0,1630202,FALSE,7,16,0.438,3,10,0.3,0.875,TRUE,4,6,0.666666666666667,36,7,8,1,6,7,3,0,1,1,2,24,-11,38.9,"https://stats.nba.com/media/img/teams/logos/season/2024-25/BOS_logo.svg","https://stats.nba.com/player/1630202","https://ak-static.cms.nba.com/wp-content/uploads/headshots/nba/latest/260x190/1630202.png","https://ak-static.cms.nba.com/wp-content/uploads/headshots/nba/latest/260x190/1630202.png","https://stats.nba.com/media/players/700/1630202.png","https://stats.nba.com/media/img/league/nba-headshot-fallback.png"
"199",2025,"2024-25","NBA","Regular Season",2024-12-01,22400307,20,"Boston Celtics",1610612738,TRUE,FALSE,FALSE,"A","BOS @ CLE","BOS",1,0,"CLE","CLE","BOS","L","Sam Hauser",17,1,2,1630573,FALSE,5,8,0.625,3,6,0.5,NA,TRUE,2,2,1,36,0,0,2,3,5,2,3,0,1,6,13,3,30,"https://stats.nba.com/media/img/teams/logos/season/2024-25/BOS_logo.svg","https://stats.nba.com/player/1630573","https://ak-static.cms.nba.com/wp-content/uploads/headshots/nba/latest/260x190/1630573.png","https://ak-static.cms.nba.com/wp-content/uploads/headshots/nba/latest/260x190/1630573.png","https://stats.nba.com/media/players/700/1630573.png","https://stats.nba.com/media/img/league/nba-headshot-fallback.png"
"200",2025,"2024-25","NBA","Regular Season",2024-12-01,22400307,20,"Boston Celtics",1610612738,TRUE,FALSE,FALSE,"A","BOS @ CLE","BOS",1,0,"CLE","CLE","BOS","L","Al Horford",16,1,2,201143,FALSE,3,10,0.3,2,9,0.222222222222222,NA,TRUE,1,1,1,30,0,0,2,3,5,1,1,1,0,1,8,6,21.5,"https://stats.nba.com/media/img/teams/logos/season/2024-25/BOS_logo.svg","https://stats.nba.com/player/201143","https://stats.nba.com/media/players/230x185/201143.png","https://ak-static.cms.nba.com/wp-content/uploads/headshots/nba/latest/260x190/201143.png","https://stats.nba.com/media/players/700/201143.png","https://ak-static.cms.nba.com/wp-content/uploads/headshots/nba/latest/260x190/201143.png"
"201",2025,"2024-25","NBA","Regular Season",2024-12-01,22400307,20,"Boston Celtics",1610612738,TRUE,FALSE,FALSE,"A","BOS @ CLE","BOS",1,0,"CLE","CLE","BOS","L","Kristaps Porziņģis",3,1,2,204001,FALSE,7,17,0.412,3,7,0.428571428571429,1,TRUE,4,10,0.4,32,4,4,1,7,8,2,3,0,0,2,21,-5,42.6,"https://stats.nba.com/media/img/teams/logos/season/2024-25/BOS_logo.svg","https://stats.nba.com/player/204001","https://stats.nba.com/media/players/230x185/204001.png","https://ak-static.cms.nba.com/wp-content/uploads/headshots/nba/latest/260x190/204001.png","https://stats.nba.com/media/players/700/204001.png","https://ak-static.cms.nba.com/wp-content/uploads/headshots/nba/latest/260x190/204001.png"
"202",2025,"2024-25","NBA","Regular Season",2024-12-01,22400307,20,"Boston Celtics",1610612738,TRUE,FALSE,FALSE,"A","BOS @ CLE","BOS",1,0,"CLE","CLE","BOS","L","Jayson Tatum",20,1,0,1628369,FALSE,12,27,0.444,4,9,0.444444444444444,1,TRUE,8,18,0.444444444444444,38,5,5,0,8,8,4,1,1,2,2,33,1,52.6,"https://stats.nba.com/media/img/teams/logos/season/2024-25/BOS_logo.svg","https://stats.nba.com/player/1628369","https://ak-static.cms.nba.com/wp-content/uploads/headshots/nba/latest/260x190/1628369.png","https://ak-static.cms.nba.com/wp-content/uploads/headshots/nba/latest/260x190/1628369.png","https://stats.nba.com/media/players/700/1628369.png","https://ak-static.cms.nba.com/wp-content/uploads/headshots/nba/latest/260x190/1628369.png"
"203",2025,"2024-25","NBA","Regular Season",2024-12-01,22400307,20,"Boston Celtics",1610612738,TRUE,FALSE,FALSE,"A","BOS @ CLE","BOS",1,0,"CLE","CLE","BOS","L","Jaden Springer",6,5,0,1630531,FALSE,0,0,NA,0,0,0,NA,TRUE,0,0,0,0,0,0,1,0,1,0,0,0,0,1,0,-4,1.2,"https://stats.nba.com/media/img/teams/logos/season/2024-25/BOS_logo.svg","https://stats.nba.com/player/1630531","https://ak-static.cms.nba.com/wp-content/uploads/headshots/nba/latest/260x190/1630531.png","https://ak-static.cms.nba.com/wp-content/uploads/headshots/nba/latest/260x190/1630531.png","https://stats.nba.com/media/players/700/1630531.png","https://stats.nba.com/media/img/league/nba-headshot-fallback.png"
"204",2025,"2024-25","NBA","Regular Season",2024-12-01,22400307,20,"Boston Celtics",1610612738,TRUE,FALSE,FALSE,"A","BOS @ CLE","BOS",1,0,"CLE","CLE","BOS","L","Drew Peterson",4,17,0,1641809,FALSE,2,6,0.333,2,5,0.4,1,TRUE,0,1,0,25,2,2,1,3,4,0,1,0,1,4,8,0,14.8,"https://stats.nba.com/media/img/teams/logos/season/2024-25/BOS_logo.svg","https://stats.nba.com/player/1641809","https://ak-static.cms.nba.com/wp-content/uploads/headshots/nba/latest/260x190/1641809.png","https://ak-static.cms.nba.com/wp-content/uploads/headshots/nba/latest/260x190/1641809.png","https://stats.nba.com/media/players/700/1641809.png","https://stats.nba.com/media/img/league/nba-headshot-fallback.png"
"205",2025,"2024-25","NBA","Regular Season",2024-12-01,22400307,20,"Boston Celtics",1610612738,TRUE,FALSE,FALSE,"A","BOS @ CLE","BOS",1,0,"CLE","CLE","BOS","L","Luke Kornet",15,8,0,1628436,FALSE,0,2,0,0,0,0,NA,TRUE,0,2,0,9,0,0,0,5,5,0,0,3,0,0,0,1,15,"https://stats.nba.com/media/img/teams/logos/season/2024-25/BOS_logo.svg","https://stats.nba.com/player/1628436","https://ak-static.cms.nba.com/wp-content/uploads/headshots/nba/latest/260x190/1628436.png","https://ak-static.cms.nba.com/wp-content/uploads/headshots/nba/latest/260x190/1628436.png","https://stats.nba.com/media/players/700/1628436.png","https://ak-static.cms.nba.com/wp-content/uploads/headshots/nba/latest/260x190/1628436.png"
"206",2025,"2024-25","NBA","Regular Season",2024-12-02,22400316,21,"Boston Celtics",1610612738,TRUE,FALSE,TRUE,"H","BOS vs. MIA","BOS",0,1,"MIA","BOS","MIA","W","Jayson Tatum",21,0,3,1628369,TRUE,7,21,0.333,3,12,0.25,1,TRUE,4,9,0.444444444444444,36,1,1,1,10,11,4,1,0,6,2,18,13,34.2,"https://stats.nba.com/media/img/teams/logos/season/2024-25/BOS_logo.svg","https://stats.nba.com/player/1628369","https://ak-static.cms.nba.com/wp-content/uploads/headshots/nba/latest/260x190/1628369.png","https://ak-static.cms.nba.com/wp-content/uploads/headshots/nba/latest/260x190/1628369.png","https://stats.nba.com/media/players/700/1628369.png","https://ak-static.cms.nba.com/wp-content/uploads/headshots/nba/latest/260x190/1628369.png"
"207",2025,"2024-25","NBA","Regular Season",2024-12-02,22400316,21,"Boston Celtics",1610612738,TRUE,FALSE,TRUE,"H","BOS vs. MIA","BOS",0,1,"MIA","BOS","MIA","W","Luke Kornet",16,0,1,1628436,TRUE,3,4,0.75,0,0,0,NA,TRUE,3,4,0.75,27,0,0,1,3,4,3,0,6,1,3,6,14,32.3,"https://stats.nba.com/media/img/teams/logos/season/2024-25/BOS_logo.svg","https://stats.nba.com/player/1628436","https://ak-static.cms.nba.com/wp-content/uploads/headshots/nba/latest/260x190/1628436.png","https://ak-static.cms.nba.com/wp-content/uploads/headshots/nba/latest/260x190/1628436.png","https://stats.nba.com/media/players/700/1628436.png","https://ak-static.cms.nba.com/wp-content/uploads/headshots/nba/latest/260x190/1628436.png"
"208",2025,"2024-25","NBA","Regular Season",2024-12-02,22400316,21,"Boston Celtics",1610612738,TRUE,FALSE,TRUE,"H","BOS vs. MIA","BOS",0,1,"MIA","BOS","MIA","W","Derrick White",20,2,1,1628401,TRUE,7,14,0.5,5,12,0.416666666666667,NA,TRUE,2,2,1,31,0,0,2,4,6,8,0,0,2,4,19,21,36.2,"https://stats.nba.com/media/img/teams/logos/season/2024-25/BOS_logo.svg","https://stats.nba.com/player/1628401","https://ak-static.cms.nba.com/wp-content/uploads/headshots/nba/latest/260x190/1628401.png","https://ak-static.cms.nba.com/wp-content/uploads/headshots/nba/latest/260x190/1628401.png","https://stats.nba.com/media/players/700/1628401.png","https://ak-static.cms.nba.com/wp-content/uploads/headshots/nba/latest/260x190/1628401.png"
"209",2025,"2024-25","NBA","Regular Season",2024-12-02,22400316,21,"Boston Celtics",1610612738,TRUE,FALSE,TRUE,"H","BOS vs. MIA","BOS",0,1,"MIA","BOS","MIA","W","Jaden Springer",7,0,12,1630531,TRUE,0,0,NA,0,0,0,NA,TRUE,0,0,0,3,0,0,0,0,0,0,0,0,0,0,0,-5,0,"https://stats.nba.com/media/img/teams/logos/season/2024-25/BOS_logo.svg","https://stats.nba.com/player/1630531","https://ak-static.cms.nba.com/wp-content/uploads/headshots/nba/latest/260x190/1630531.png","https://ak-static.cms.nba.com/wp-content/uploads/headshots/nba/latest/260x190/1630531.png","https://stats.nba.com/media/players/700/1630531.png","https://stats.nba.com/media/img/league/nba-headshot-fallback.png"
"210",2025,"2024-25","NBA","Regular Season",2024-12-02,22400316,21,"Boston Celtics",1610612738,TRUE,FALSE,TRUE,"H","BOS vs. MIA","BOS",0,1,"MIA","BOS","MIA","W","JD Davison",4,27,9,1631120,TRUE,0,0,NA,0,0,0,NA,TRUE,0,0,0,3,0,0,0,1,1,0,0,0,0,0,0,-5,1.2,"https://stats.nba.com/media/img/teams/logos/season/2024-25/BOS_logo.svg","https://stats.nba.com/player/1631120","https://ak-static.cms.nba.com/wp-content/uploads/headshots/nba/latest/260x190/1631120.png","https://ak-static.cms.nba.com/wp-content/uploads/headshots/nba/latest/260x190/1631120.png","https://stats.nba.com/media/players/700/1631120.png","https://stats.nba.com/media/img/league/nba-headshot-fallback.png"
"211",2025,"2024-25","NBA","Regular Season",2024-12-02,22400316,21,"Boston Celtics",1610612738,TRUE,FALSE,TRUE,"H","BOS vs. MIA","BOS",0,1,"MIA","BOS","MIA","W","Drew Peterson",5,0,1,1641809,TRUE,2,5,0.4,2,5,0.4,0.5,TRUE,0,0,0,26,1,2,2,5,7,1,0,0,0,1,7,0,16.9,"https://stats.nba.com/media/img/teams/logos/season/2024-25/BOS_logo.svg","https://stats.nba.com/player/1641809","https://ak-static.cms.nba.com/wp-content/uploads/headshots/nba/latest/260x190/1641809.png","https://ak-static.cms.nba.com/wp-content/uploads/headshots/nba/latest/260x190/1641809.png","https://stats.nba.com/media/players/700/1641809.png","https://stats.nba.com/media/img/league/nba-headshot-fallback.png"
"212",2025,"2024-25","NBA","Regular Season",2024-12-02,22400316,21,"Boston Celtics",1610612738,TRUE,FALSE,TRUE,"H","BOS vs. MIA","BOS",0,1,"MIA","BOS","MIA","W","Jaylen Brown",16,2,1,1627759,TRUE,8,21,0.381,4,11,0.363636363636364,0.9,TRUE,4,10,0.4,31,9,10,4,3,7,4,1,0,2,2,29,23,44.4,"https://stats.nba.com/media/img/teams/logos/season/2024-25/BOS_logo.svg","https://stats.nba.com/player/1627759","https://stats.nba.com/media/players/230x185/1627759.png","https://ak-static.cms.nba.com/wp-content/uploads/headshots/nba/latest/260x190/1627759.png","https://stats.nba.com/media/players/700/1627759.png","https://ak-static.cms.nba.com/wp-content/uploads/headshots/nba/latest/260x190/1627759.png"
"213",2025,"2024-25","NBA","Regular Season",2024-12-02,22400316,21,"Boston Celtics",1610612738,TRUE,FALSE,TRUE,"H","BOS vs. MIA","BOS",0,1,"MIA","BOS","MIA","W","Neemias Queta",18,2,3,1629674,TRUE,2,3,0.667,0,0,0,NA,TRUE,2,3,0.666666666666667,15,0,0,2,5,7,0,0,2,0,4,4,2,18.4,"https://stats.nba.com/media/img/teams/logos/season/2024-25/BOS_logo.svg","https://stats.nba.com/player/1629674","https://ak-static.cms.nba.com/wp-content/uploads/headshots/nba/latest/260x190/1629674.png","https://ak-static.cms.nba.com/wp-content/uploads/headshots/nba/latest/260x190/1629674.png","https://stats.nba.com/media/players/700/1629674.png","https://stats.nba.com/media/img/league/nba-headshot-fallback.png"
"214",2025,"2024-25","NBA","Regular Season",2024-12-02,22400316,21,"Boston Celtics",1610612738,TRUE,FALSE,TRUE,"H","BOS vs. MIA","BOS",0,1,"MIA","BOS","MIA","W","Payton Pritchard",21,0,1,1630202,TRUE,10,17,0.588,5,12,0.416666666666667,NA,TRUE,5,5,1,33,0,0,1,4,5,4,2,1,1,1,25,16,45,"https://stats.nba.com/media/img/teams/logos/season/2024-25/BOS_logo.svg","https://stats.nba.com/player/1630202","https://ak-static.cms.nba.com/wp-content/uploads/headshots/nba/latest/260x190/1630202.png","https://ak-static.cms.nba.com/wp-content/uploads/headshots/nba/latest/260x190/1630202.png","https://stats.nba.com/media/players/700/1630202.png","https://stats.nba.com/media/img/league/nba-headshot-fallback.png"
"215",2025,"2024-25","NBA","Regular Season",2024-12-02,22400316,21,"Boston Celtics",1610612738,TRUE,FALSE,TRUE,"H","BOS vs. MIA","BOS",0,1,"MIA","BOS","MIA","W","Baylor Scheierman",5,6,45,1631248,TRUE,0,3,0,0,2,0,NA,TRUE,0,1,0,11,0,0,0,1,1,1,1,0,0,1,0,4,5.7,"https://stats.nba.com/media/img/teams/logos/season/2024-25/BOS_logo.svg","https://stats.nba.com/player/1631248","https://ak-static.cms.nba.com/wp-content/uploads/headshots/nba/latest/260x190/1631248.png","https://ak-static.cms.nba.com/wp-content/uploads/headshots/nba/latest/260x190/1631248.png","https://stats.nba.com/media/players/700/1631248.png","https://stats.nba.com/media/img/league/nba-headshot-fallback.png"
"216",2025,"2024-25","NBA","Regular Season",2024-12-02,22400316,21,"Boston Celtics",1610612738,TRUE,FALSE,TRUE,"H","BOS vs. MIA","BOS",0,1,"MIA","BOS","MIA","W","Jordan Walsh",15,6,1,1641775,TRUE,0,1,0,0,1,0,NA,TRUE,0,0,0,13,0,0,0,3,3,0,0,0,1,1,0,10,2.6,"https://stats.nba.com/media/img/teams/logos/season/2024-25/BOS_logo.svg","https://stats.nba.com/player/1641775","https://ak-static.cms.nba.com/wp-content/uploads/headshots/nba/latest/260x190/1641775.png","https://ak-static.cms.nba.com/wp-content/uploads/headshots/nba/latest/260x190/1641775.png","https://stats.nba.com/media/players/700/1641775.png","https://stats.nba.com/media/img/league/nba-headshot-fallback.png"
"217",2025,"2024-25","NBA","Regular Season",2024-12-02,22400316,21,"Boston Celtics",1610612738,TRUE,FALSE,TRUE,"H","BOS vs. MIA","BOS",0,1,"MIA","BOS","MIA","W","Xavier Tillman",14,6,1,1630214,TRUE,0,0,NA,0,0,0,NA,TRUE,0,0,0,11,0,0,1,1,2,0,0,0,1,1,0,2,1.4,"https://stats.nba.com/media/img/teams/logos/season/2024-25/BOS_logo.svg","https://stats.nba.com/player/1630214","https://ak-static.cms.nba.com/wp-content/uploads/headshots/nba/latest/260x190/1630214.png","https://ak-static.cms.nba.com/wp-content/uploads/headshots/nba/latest/260x190/1630214.png","https://stats.nba.com/media/players/700/1630214.png","https://stats.nba.com/media/img/league/nba-headshot-fallback.png"
"218",2025,"2024-25","NBA","Regular Season",2024-12-04,22400319,22,"Boston Celtics",1610612738,FALSE,TRUE,FALSE,"H","BOS vs. DET","BOS",1,1,"DET","BOS","DET","W","Al Horford",17,2,1,201143,TRUE,5,7,0.714,4,6,0.666666666666667,NA,TRUE,1,1,1,30,0,0,0,4,4,3,1,1,3,3,14,4,26.3,"https://stats.nba.com/media/img/teams/logos/season/2024-25/BOS_logo.svg","https://stats.nba.com/player/201143","https://stats.nba.com/media/players/230x185/201143.png","https://ak-static.cms.nba.com/wp-content/uploads/headshots/nba/latest/260x190/201143.png","https://stats.nba.com/media/players/700/201143.png","https://ak-static.cms.nba.com/wp-content/uploads/headshots/nba/latest/260x190/201143.png"
"219",2025,"2024-25","NBA","Regular Season",2024-12-04,22400319,22,"Boston Celtics",1610612738,FALSE,TRUE,FALSE,"H","BOS vs. DET","BOS",1,1,"DET","BOS","DET","W","Payton Pritchard",22,1,1,1630202,TRUE,7,15,0.467,5,13,0.384615384615385,NA,TRUE,2,2,1,34,0,0,4,1,5,4,1,0,4,3,19,-1,30,"https://stats.nba.com/media/img/teams/logos/season/2024-25/BOS_logo.svg","https://stats.nba.com/player/1630202","https://ak-static.cms.nba.com/wp-content/uploads/headshots/nba/latest/260x190/1630202.png","https://ak-static.cms.nba.com/wp-content/uploads/headshots/nba/latest/260x190/1630202.png","https://stats.nba.com/media/players/700/1630202.png","https://stats.nba.com/media/img/league/nba-headshot-fallback.png"
"220",2025,"2024-25","NBA","Regular Season",2024-12-04,22400319,22,"Boston Celtics",1610612738,FALSE,TRUE,FALSE,"H","BOS vs. DET","BOS",1,1,"DET","BOS","DET","W","Drew Peterson",6,1,7,1641809,TRUE,0,0,NA,0,0,0,NA,TRUE,0,0,0,3,0,0,0,1,1,0,0,0,0,0,0,-3,1.2,"https://stats.nba.com/media/img/teams/logos/season/2024-25/BOS_logo.svg","https://stats.nba.com/player/1641809","https://ak-static.cms.nba.com/wp-content/uploads/headshots/nba/latest/260x190/1641809.png","https://ak-static.cms.nba.com/wp-content/uploads/headshots/nba/latest/260x190/1641809.png","https://stats.nba.com/media/players/700/1641809.png","https://stats.nba.com/media/img/league/nba-headshot-fallback.png"
"221",2025,"2024-25","NBA","Regular Season",2024-12-04,22400319,22,"Boston Celtics",1610612738,FALSE,TRUE,FALSE,"H","BOS vs. DET","BOS",1,1,"DET","BOS","DET","W","Derrick White",21,1,1,1628401,TRUE,4,15,0.267,3,11,0.272727272727273,0.75,TRUE,1,4,0.25,38,3,4,1,3,4,11,2,2,0,3,14,5,47.3,"https://stats.nba.com/media/img/teams/logos/season/2024-25/BOS_logo.svg","https://stats.nba.com/player/1628401","https://ak-static.cms.nba.com/wp-content/uploads/headshots/nba/latest/260x190/1628401.png","https://ak-static.cms.nba.com/wp-content/uploads/headshots/nba/latest/260x190/1628401.png","https://stats.nba.com/media/players/700/1628401.png","https://ak-static.cms.nba.com/wp-content/uploads/headshots/nba/latest/260x190/1628401.png"
"222",2025,"2024-25","NBA","Regular Season",2024-12-04,22400319,22,"Boston Celtics",1610612738,FALSE,TRUE,FALSE,"H","BOS vs. DET","BOS",1,1,"DET","BOS","DET","W","Luke Kornet",17,1,2,1628436,TRUE,4,6,0.667,0,0,0,1,TRUE,4,6,0.666666666666667,21,1,1,2,6,8,1,2,2,0,1,9,-4,32.1,"https://stats.nba.com/media/img/teams/logos/season/2024-25/BOS_logo.svg","https://stats.nba.com/player/1628436","https://ak-static.cms.nba.com/wp-content/uploads/headshots/nba/latest/260x190/1628436.png","https://ak-static.cms.nba.com/wp-content/uploads/headshots/nba/latest/260x190/1628436.png","https://stats.nba.com/media/players/700/1628436.png","https://ak-static.cms.nba.com/wp-content/uploads/headshots/nba/latest/260x190/1628436.png"
"223",2025,"2024-25","NBA","Regular Season",2024-12-04,22400319,22,"Boston Celtics",1610612738,FALSE,TRUE,FALSE,"H","BOS vs. DET","BOS",1,1,"DET","BOS","DET","W","Xavier Tillman",15,1,7,1630214,TRUE,0,0,NA,0,0,0,NA,TRUE,0,0,0,8,0,0,0,2,2,0,1,0,1,0,0,3,4.4,"https://stats.nba.com/media/img/teams/logos/season/2024-25/BOS_logo.svg","https://stats.nba.com/player/1630214","https://ak-static.cms.nba.com/wp-content/uploads/headshots/nba/latest/260x190/1630214.png","https://ak-static.cms.nba.com/wp-content/uploads/headshots/nba/latest/260x190/1630214.png","https://stats.nba.com/media/players/700/1630214.png","https://stats.nba.com/media/img/league/nba-headshot-fallback.png"
"224",2025,"2024-25","NBA","Regular Season",2024-12-04,22400319,22,"Boston Celtics",1610612738,FALSE,TRUE,FALSE,"H","BOS vs. DET","BOS",1,1,"DET","BOS","DET","W","Sam Hauser",18,2,1,1630573,TRUE,7,12,0.583,5,10,0.5,1,TRUE,2,2,1,31,1,1,1,2,3,0,1,0,1,1,20,13,25.6,"https://stats.nba.com/media/img/teams/logos/season/2024-25/BOS_logo.svg","https://stats.nba.com/player/1630573","https://ak-static.cms.nba.com/wp-content/uploads/headshots/nba/latest/260x190/1630573.png","https://ak-static.cms.nba.com/wp-content/uploads/headshots/nba/latest/260x190/1630573.png","https://stats.nba.com/media/players/700/1630573.png","https://stats.nba.com/media/img/league/nba-headshot-fallback.png"
"225",2025,"2024-25","NBA","Regular Season",2024-12-04,22400319,22,"Boston Celtics",1610612738,FALSE,TRUE,FALSE,"H","BOS vs. DET","BOS",1,1,"DET","BOS","DET","W","Kristaps Porziņģis",4,2,2,204001,TRUE,8,17,0.471,3,7,0.428571428571429,0.875,TRUE,5,10,0.5,29,7,8,4,5,9,2,0,2,2,3,26,16,43.8,"https://stats.nba.com/media/img/teams/logos/season/2024-25/BOS_logo.svg","https://stats.nba.com/player/204001","https://stats.nba.com/media/players/230x185/204001.png","https://ak-static.cms.nba.com/wp-content/uploads/headshots/nba/latest/260x190/204001.png","https://stats.nba.com/media/players/700/204001.png","https://ak-static.cms.nba.com/wp-content/uploads/headshots/nba/latest/260x190/204001.png"
"226",2025,"2024-25","NBA","Regular Season",2024-12-04,22400319,22,"Boston Celtics",1610612738,FALSE,TRUE,FALSE,"H","BOS vs. DET","BOS",1,1,"DET","BOS","DET","W","Jordan Walsh",16,1,7,1641775,TRUE,0,1,0,0,0,0,NA,TRUE,0,1,0,7,0,0,1,0,1,0,0,0,1,0,0,1,0.2,"https://stats.nba.com/media/img/teams/logos/season/2024-25/BOS_logo.svg","https://stats.nba.com/player/1641775","https://ak-static.cms.nba.com/wp-content/uploads/headshots/nba/latest/260x190/1641775.png","https://ak-static.cms.nba.com/wp-content/uploads/headshots/nba/latest/260x190/1641775.png","https://stats.nba.com/media/players/700/1641775.png","https://stats.nba.com/media/img/league/nba-headshot-fallback.png"
"227",2025,"2024-25","NBA","Regular Season",2024-12-04,22400319,22,"Boston Celtics",1610612738,FALSE,TRUE,FALSE,"H","BOS vs. DET","BOS",1,1,"DET","BOS","DET","W","Jaylen Brown",17,1,1,1627759,TRUE,10,21,0.476,1,6,0.166666666666667,0.636,TRUE,9,15,0.6,39,7,11,1,5,6,9,3,0,4,0,28,16,53.7,"https://stats.nba.com/media/img/teams/logos/season/2024-25/BOS_logo.svg","https://stats.nba.com/player/1627759","https://stats.nba.com/media/players/230x185/1627759.png","https://ak-static.cms.nba.com/wp-content/uploads/headshots/nba/latest/260x190/1627759.png","https://stats.nba.com/media/players/700/1627759.png","https://ak-static.cms.nba.com/wp-content/uploads/headshots/nba/latest/260x190/1627759.png"
"228",2025,"2024-25","NBA","Regular Season",2024-12-06,22400335,23,"Boston Celtics",1610612738,TRUE,FALSE,FALSE,"H","BOS vs. MIL","BOS",1,0,"MIL","BOS","MIL","W","Jayson Tatum",22,3,0,1628369,TRUE,12,20,0.6,4,10,0.4,0.75,TRUE,8,10,0.8,37,6,8,1,9,10,5,0,0,1,4,34,14,52.5,"https://stats.nba.com/media/img/teams/logos/season/2024-25/BOS_logo.svg","https://stats.nba.com/player/1628369","https://ak-static.cms.nba.com/wp-content/uploads/headshots/nba/latest/260x190/1628369.png","https://ak-static.cms.nba.com/wp-content/uploads/headshots/nba/latest/260x190/1628369.png","https://stats.nba.com/media/players/700/1628369.png","https://ak-static.cms.nba.com/wp-content/uploads/headshots/nba/latest/260x190/1628369.png"
"229",2025,"2024-25","NBA","Regular Season",2024-12-06,22400335,23,"Boston Celtics",1610612738,TRUE,FALSE,FALSE,"H","BOS vs. MIL","BOS",1,0,"MIL","BOS","MIL","W","Payton Pritchard",23,1,0,1630202,TRUE,0,3,0,0,2,0,NA,TRUE,0,1,0,24,0,0,1,2,3,2,0,0,0,1,0,-4,6.6,"https://stats.nba.com/media/img/teams/logos/season/2024-25/BOS_logo.svg","https://stats.nba.com/player/1630202","https://ak-static.cms.nba.com/wp-content/uploads/headshots/nba/latest/260x190/1630202.png","https://ak-static.cms.nba.com/wp-content/uploads/headshots/nba/latest/260x190/1630202.png","https://stats.nba.com/media/players/700/1630202.png","https://stats.nba.com/media/img/league/nba-headshot-fallback.png"
"230",2025,"2024-25","NBA","Regular Season",2024-12-06,22400335,23,"Boston Celtics",1610612738,TRUE,FALSE,FALSE,"H","BOS vs. MIL","BOS",1,0,"MIL","BOS","MIL","W","Jrue Holiday",20,4,0,201950,TRUE,7,14,0.5,4,9,0.444444444444444,1,TRUE,3,5,0.6,34,2,2,1,4,5,6,1,1,0,4,20,4,41,"https://stats.nba.com/media/img/teams/logos/season/2024-25/BOS_logo.svg","https://stats.nba.com/player/201950","https://stats.nba.com/media/players/230x185/201950.png","https://ak-static.cms.nba.com/wp-content/uploads/headshots/nba/latest/260x190/201950.png","https://stats.nba.com/media/players/700/201950.png","https://ak-static.cms.nba.com/wp-content/uploads/headshots/nba/latest/260x190/201950.png"
"231",2025,"2024-25","NBA","Regular Season",2024-12-06,22400335,23,"Boston Celtics",1610612738,TRUE,FALSE,FALSE,"H","BOS vs. MIL","BOS",1,0,"MIL","BOS","MIL","W","Sam Hauser",19,1,0,1630573,TRUE,6,10,0.6,4,8,0.5,NA,TRUE,2,2,1,24,0,0,1,2,3,1,1,1,0,2,16,-7,27.1,"https://stats.nba.com/media/img/teams/logos/season/2024-25/BOS_logo.svg","https://stats.nba.com/player/1630573","https://ak-static.cms.nba.com/wp-content/uploads/headshots/nba/latest/260x190/1630573.png","https://ak-static.cms.nba.com/wp-content/uploads/headshots/nba/latest/260x190/1630573.png","https://stats.nba.com/media/players/700/1630573.png","https://stats.nba.com/media/img/league/nba-headshot-fallback.png"
"232",2025,"2024-25","NBA","Regular Season",2024-12-06,22400335,23,"Boston Celtics",1610612738,TRUE,FALSE,FALSE,"H","BOS vs. MIL","BOS",1,0,"MIL","BOS","MIL","W","Al Horford",18,1,5,201143,TRUE,3,8,0.375,2,7,0.285714285714286,NA,TRUE,1,1,1,36,0,0,0,9,9,3,0,2,2,3,8,4,27.3,"https://stats.nba.com/media/img/teams/logos/season/2024-25/BOS_logo.svg","https://stats.nba.com/player/201143","https://stats.nba.com/media/players/230x185/201143.png","https://ak-static.cms.nba.com/wp-content/uploads/headshots/nba/latest/260x190/201143.png","https://stats.nba.com/media/players/700/201143.png","https://ak-static.cms.nba.com/wp-content/uploads/headshots/nba/latest/260x190/201143.png"
"233",2025,"2024-25","NBA","Regular Season",2024-12-06,22400335,23,"Boston Celtics",1610612738,TRUE,FALSE,FALSE,"H","BOS vs. MIL","BOS",1,0,"MIL","BOS","MIL","W","Derrick White",22,1,0,1628401,TRUE,1,10,0.1,0,8,0,1,TRUE,1,2,0.5,37,4,4,1,5,6,7,3,0,2,0,6,12,30.7,"https://stats.nba.com/media/img/teams/logos/season/2024-25/BOS_logo.svg","https://stats.nba.com/player/1628401","https://ak-static.cms.nba.com/wp-content/uploads/headshots/nba/latest/260x190/1628401.png","https://ak-static.cms.nba.com/wp-content/uploads/headshots/nba/latest/260x190/1628401.png","https://stats.nba.com/media/players/700/1628401.png","https://ak-static.cms.nba.com/wp-content/uploads/headshots/nba/latest/260x190/1628401.png"
"234",2025,"2024-25","NBA","Regular Season",2024-12-06,22400335,23,"Boston Celtics",1610612738,TRUE,FALSE,FALSE,"H","BOS vs. MIL","BOS",1,0,"MIL","BOS","MIL","W","Neemias Queta",19,3,0,1629674,TRUE,1,1,1,0,0,0,NA,TRUE,1,1,1,12,0,0,1,1,2,0,0,1,0,1,2,2,7.4,"https://stats.nba.com/media/img/teams/logos/season/2024-25/BOS_logo.svg","https://stats.nba.com/player/1629674","https://ak-static.cms.nba.com/wp-content/uploads/headshots/nba/latest/260x190/1629674.png","https://ak-static.cms.nba.com/wp-content/uploads/headshots/nba/latest/260x190/1629674.png","https://stats.nba.com/media/players/700/1629674.png","https://stats.nba.com/media/img/league/nba-headshot-fallback.png"
"235",2025,"2024-25","NBA","Regular Season",2024-12-06,22400335,23,"Boston Celtics",1610612738,TRUE,FALSE,FALSE,"H","BOS vs. MIL","BOS",1,0,"MIL","BOS","MIL","W","Jaylen Brown",18,1,0,1627759,TRUE,10,21,0.476,3,9,0.333333333333333,1,TRUE,7,12,0.583333333333333,34,2,2,1,2,3,3,0,1,1,3,25,5,35.1,"https://stats.nba.com/media/img/teams/logos/season/2024-25/BOS_logo.svg","https://stats.nba.com/player/1627759","https://stats.nba.com/media/players/230x185/1627759.png","https://ak-static.cms.nba.com/wp-content/uploads/headshots/nba/latest/260x190/1627759.png","https://stats.nba.com/media/players/700/1627759.png","https://ak-static.cms.nba.com/wp-content/uploads/headshots/nba/latest/260x190/1627759.png"
"236",2025,"2024-25","NBA","Regular Season",2024-12-07,22400345,24,"Boston Celtics",1610612738,TRUE,FALSE,TRUE,"H","BOS vs. MEM","BOS",0,4,"MEM","MEM","BOS","L","Derrick White",23,0,4,1628401,FALSE,3,9,0.333,2,7,0.285714285714286,1,TRUE,1,2,0.5,38,2,2,1,5,6,3,3,2,3,0,10,-11,33.7,"https://stats.nba.com/media/img/teams/logos/season/2024-25/BOS_logo.svg","https://stats.nba.com/player/1628401","https://ak-static.cms.nba.com/wp-content/uploads/headshots/nba/latest/260x190/1628401.png","https://ak-static.cms.nba.com/wp-content/uploads/headshots/nba/latest/260x190/1628401.png","https://stats.nba.com/media/players/700/1628401.png","https://ak-static.cms.nba.com/wp-content/uploads/headshots/nba/latest/260x190/1628401.png"
"237",2025,"2024-25","NBA","Regular Season",2024-12-07,22400345,24,"Boston Celtics",1610612738,TRUE,FALSE,TRUE,"H","BOS vs. MEM","BOS",0,4,"MEM","MEM","BOS","L","Neemias Queta",20,0,4,1629674,FALSE,2,3,0.667,0,0,0,0.5,TRUE,2,3,0.666666666666667,17,1,2,1,6,7,1,0,1,1,3,5,3,16.9,"https://stats.nba.com/media/img/teams/logos/season/2024-25/BOS_logo.svg","https://stats.nba.com/player/1629674","https://ak-static.cms.nba.com/wp-content/uploads/headshots/nba/latest/260x190/1629674.png","https://ak-static.cms.nba.com/wp-content/uploads/headshots/nba/latest/260x190/1629674.png","https://stats.nba.com/media/players/700/1629674.png","https://stats.nba.com/media/img/league/nba-headshot-fallback.png"
"238",2025,"2024-25","NBA","Regular Season",2024-12-07,22400345,24,"Boston Celtics",1610612738,TRUE,FALSE,TRUE,"H","BOS vs. MEM","BOS",0,4,"MEM","MEM","BOS","L","Jrue Holiday",21,0,4,201950,FALSE,8,26,0.308,4,17,0.235294117647059,0.75,TRUE,4,9,0.444444444444444,30,3,4,3,1,4,3,0,1,0,1,23,-12,35.3,"https://stats.nba.com/media/img/teams/logos/season/2024-25/BOS_logo.svg","https://stats.nba.com/player/201950","https://stats.nba.com/media/players/230x185/201950.png","https://ak-static.cms.nba.com/wp-content/uploads/headshots/nba/latest/260x190/201950.png","https://stats.nba.com/media/players/700/201950.png","https://ak-static.cms.nba.com/wp-content/uploads/headshots/nba/latest/260x190/201950.png"
"239",2025,"2024-25","NBA","Regular Season",2024-12-07,22400345,24,"Boston Celtics",1610612738,TRUE,FALSE,TRUE,"H","BOS vs. MEM","BOS",0,4,"MEM","MEM","BOS","L","Kristaps Porziņģis",5,2,4,204001,FALSE,6,17,0.353,3,10,0.3,0.667,TRUE,3,7,0.428571428571429,33,4,6,4,4,8,2,1,3,1,5,19,2,42.6,"https://stats.nba.com/media/img/teams/logos/season/2024-25/BOS_logo.svg","https://stats.nba.com/player/204001","https://stats.nba.com/media/players/230x185/204001.png","https://ak-static.cms.nba.com/wp-content/uploads/headshots/nba/latest/260x190/204001.png","https://stats.nba.com/media/players/700/204001.png","https://ak-static.cms.nba.com/wp-content/uploads/headshots/nba/latest/260x190/204001.png"
"240",2025,"2024-25","NBA","Regular Season",2024-12-07,22400345,24,"Boston Celtics",1610612738,TRUE,FALSE,TRUE,"H","BOS vs. MEM","BOS",0,4,"MEM","MEM","BOS","L","Sam Hauser",20,0,7,1630573,FALSE,0,2,0,0,2,0,NA,TRUE,0,0,0,9,0,0,0,1,1,0,0,0,0,0,0,3,1.2,"https://stats.nba.com/media/img/teams/logos/season/2024-25/BOS_logo.svg","https://stats.nba.com/player/1630573","https://ak-static.cms.nba.com/wp-content/uploads/headshots/nba/latest/260x190/1630573.png","https://ak-static.cms.nba.com/wp-content/uploads/headshots/nba/latest/260x190/1630573.png","https://stats.nba.com/media/players/700/1630573.png","https://stats.nba.com/media/img/league/nba-headshot-fallback.png"
"241",2025,"2024-25","NBA","Regular Season",2024-12-07,22400345,24,"Boston Celtics",1610612738,TRUE,FALSE,TRUE,"H","BOS vs. MEM","BOS",0,4,"MEM","MEM","BOS","L","Luke Kornet",18,2,4,1628436,FALSE,0,1,0,0,0,0,0.75,TRUE,0,1,0,9,3,4,2,1,3,0,0,0,1,1,3,-3,5.6,"https://stats.nba.com/media/img/teams/logos/season/2024-25/BOS_logo.svg","https://stats.nba.com/player/1628436","https://ak-static.cms.nba.com/wp-content/uploads/headshots/nba/latest/260x190/1628436.png","https://ak-static.cms.nba.com/wp-content/uploads/headshots/nba/latest/260x190/1628436.png","https://stats.nba.com/media/players/700/1628436.png","https://ak-static.cms.nba.com/wp-content/uploads/headshots/nba/latest/260x190/1628436.png"
"242",2025,"2024-25","NBA","Regular Season",2024-12-07,22400345,24,"Boston Celtics",1610612738,TRUE,FALSE,TRUE,"H","BOS vs. MEM","BOS",0,4,"MEM","MEM","BOS","L","Jaylen Brown",19,0,4,1627759,FALSE,10,14,0.714,2,3,0.666666666666667,0,TRUE,8,11,0.727272727272727,35,0,1,1,2,3,6,1,0,5,3,22,-17,32.6,"https://stats.nba.com/media/img/teams/logos/season/2024-25/BOS_logo.svg","https://stats.nba.com/player/1627759","https://stats.nba.com/media/players/230x185/1627759.png","https://ak-static.cms.nba.com/wp-content/uploads/headshots/nba/latest/260x190/1627759.png","https://stats.nba.com/media/players/700/1627759.png","https://ak-static.cms.nba.com/wp-content/uploads/headshots/nba/latest/260x190/1627759.png"
"243",2025,"2024-25","NBA","Regular Season",2024-12-07,22400345,24,"Boston Celtics",1610612738,TRUE,FALSE,TRUE,"H","BOS vs. MEM","BOS",0,4,"MEM","MEM","BOS","L","Jayson Tatum",23,0,7,1628369,FALSE,6,21,0.286,1,10,0.1,0.8,TRUE,5,11,0.454545454545455,38,4,5,1,12,13,9,0,0,1,2,17,-3,45.1,"https://stats.nba.com/media/img/teams/logos/season/2024-25/BOS_logo.svg","https://stats.nba.com/player/1628369","https://ak-static.cms.nba.com/wp-content/uploads/headshots/nba/latest/260x190/1628369.png","https://ak-static.cms.nba.com/wp-content/uploads/headshots/nba/latest/260x190/1628369.png","https://stats.nba.com/media/players/700/1628369.png","https://ak-static.cms.nba.com/wp-content/uploads/headshots/nba/latest/260x190/1628369.png"
"244",2025,"2024-25","NBA","Regular Season",2024-12-07,22400345,24,"Boston Celtics",1610612738,TRUE,FALSE,TRUE,"H","BOS vs. MEM","BOS",0,4,"MEM","MEM","BOS","L","Payton Pritchard",24,0,4,1630202,FALSE,7,12,0.583,6,11,0.545454545454545,0.5,TRUE,1,1,1,30,2,4,2,4,6,2,1,0,1,1,22,8,34.2,"https://stats.nba.com/media/img/teams/logos/season/2024-25/BOS_logo.svg","https://stats.nba.com/player/1630202","https://ak-static.cms.nba.com/wp-content/uploads/headshots/nba/latest/260x190/1630202.png","https://ak-static.cms.nba.com/wp-content/uploads/headshots/nba/latest/260x190/1630202.png","https://stats.nba.com/media/players/700/1630202.png","https://stats.nba.com/media/img/league/nba-headshot-fallback.png"
"245",2025,"2024-25","NBA","Regular Season",2024-12-12,22401205,25,"Boston Celtics",1610612738,FALSE,FALSE,FALSE,"H","BOS vs. DET","BOS",4,2,"DET","BOS","DET","W","Derrick White",24,4,2,1628401,TRUE,7,13,0.538,7,12,0.583333333333333,1,TRUE,0,1,0,31,2,2,1,1,2,4,2,1,2,0,23,14,38.4,"https://stats.nba.com/media/img/teams/logos/season/2024-25/BOS_logo.svg","https://stats.nba.com/player/1628401","https://ak-static.cms.nba.com/wp-content/uploads/headshots/nba/latest/260x190/1628401.png","https://ak-static.cms.nba.com/wp-content/uploads/headshots/nba/latest/260x190/1628401.png","https://stats.nba.com/media/players/700/1628401.png","https://ak-static.cms.nba.com/wp-content/uploads/headshots/nba/latest/260x190/1628401.png"
"246",2025,"2024-25","NBA","Regular Season",2024-12-12,22401205,25,"Boston Celtics",1610612738,FALSE,FALSE,FALSE,"H","BOS vs. DET","BOS",4,2,"DET","BOS","DET","W","JD Davison",5,9,74,1631120,TRUE,1,1,1,1,1,1,NA,TRUE,0,0,0,7,0,0,0,0,0,0,0,0,2,0,3,-6,1,"https://stats.nba.com/media/img/teams/logos/season/2024-25/BOS_logo.svg","https://stats.nba.com/player/1631120","https://ak-static.cms.nba.com/wp-content/uploads/headshots/nba/latest/260x190/1631120.png","https://ak-static.cms.nba.com/wp-content/uploads/headshots/nba/latest/260x190/1631120.png","https://stats.nba.com/media/players/700/1631120.png","https://stats.nba.com/media/img/league/nba-headshot-fallback.png"
"247",2025,"2024-25","NBA","Regular Season",2024-12-12,22401205,25,"Boston Celtics",1610612738,FALSE,FALSE,FALSE,"H","BOS vs. DET","BOS",4,2,"DET","BOS","DET","W","Jordan Walsh",17,7,2,1641775,TRUE,1,3,0.333,0,2,0,NA,TRUE,1,1,1,13,0,0,1,2,3,1,1,0,0,0,2,-5,10.1,"https://stats.nba.com/media/img/teams/logos/season/2024-25/BOS_logo.svg","https://stats.nba.com/player/1641775","https://ak-static.cms.nba.com/wp-content/uploads/headshots/nba/latest/260x190/1641775.png","https://ak-static.cms.nba.com/wp-content/uploads/headshots/nba/latest/260x190/1641775.png","https://stats.nba.com/media/players/700/1641775.png","https://stats.nba.com/media/img/league/nba-headshot-fallback.png"
"248",2025,"2024-25","NBA","Regular Season",2024-12-12,22401205,25,"Boston Celtics",1610612738,FALSE,FALSE,FALSE,"H","BOS vs. DET","BOS",4,2,"DET","BOS","DET","W","Drew Peterson",7,7,14,1641809,TRUE,1,3,0.333,0,2,0,1,TRUE,1,1,1,19,3,3,1,2,3,2,0,0,1,2,5,12,10.6,"https://stats.nba.com/media/img/teams/logos/season/2024-25/BOS_logo.svg","https://stats.nba.com/player/1641809","https://ak-static.cms.nba.com/wp-content/uploads/headshots/nba/latest/260x190/1641809.png","https://ak-static.cms.nba.com/wp-content/uploads/headshots/nba/latest/260x190/1641809.png","https://stats.nba.com/media/players/700/1641809.png","https://stats.nba.com/media/img/league/nba-headshot-fallback.png"
"249",2025,"2024-25","NBA","Regular Season",2024-12-12,22401205,25,"Boston Celtics",1610612738,FALSE,FALSE,FALSE,"H","BOS vs. DET","BOS",4,2,"DET","BOS","DET","W","Al Horford",19,5,6,201143,TRUE,1,3,0.333,0,2,0,NA,TRUE,1,1,1,20,0,0,0,6,6,1,0,0,0,1,2,6,10.7,"https://stats.nba.com/media/img/teams/logos/season/2024-25/BOS_logo.svg","https://stats.nba.com/player/201143","https://stats.nba.com/media/players/230x185/201143.png","https://ak-static.cms.nba.com/wp-content/uploads/headshots/nba/latest/260x190/201143.png","https://stats.nba.com/media/players/700/201143.png","https://ak-static.cms.nba.com/wp-content/uploads/headshots/nba/latest/260x190/201143.png"
"250",2025,"2024-25","NBA","Regular Season",2024-12-12,22401205,25,"Boston Celtics",1610612738,FALSE,FALSE,FALSE,"H","BOS vs. DET","BOS",4,2,"DET","BOS","DET","W","Jrue Holiday",22,4,2,201950,TRUE,4,8,0.5,2,4,0.5,1,TRUE,2,4,0.5,25,2,2,2,5,7,6,0,0,1,1,12,17,28.4,"https://stats.nba.com/media/img/teams/logos/season/2024-25/BOS_logo.svg","https://stats.nba.com/player/201950","https://stats.nba.com/media/players/230x185/201950.png","https://ak-static.cms.nba.com/wp-content/uploads/headshots/nba/latest/260x190/201950.png","https://stats.nba.com/media/players/700/201950.png","https://ak-static.cms.nba.com/wp-content/uploads/headshots/nba/latest/260x190/201950.png"
"251",2025,"2024-25","NBA","Regular Season",2024-12-12,22401205,25,"Boston Celtics",1610612738,FALSE,FALSE,FALSE,"H","BOS vs. DET","BOS",4,2,"DET","BOS","DET","W","Payton Pritchard",25,4,2,1630202,TRUE,10,20,0.5,7,15,0.466666666666667,NA,TRUE,3,5,0.6,31,0,0,0,4,4,10,0,0,1,0,27,22,45.8,"https://stats.nba.com/media/img/teams/logos/season/2024-25/BOS_logo.svg","https://stats.nba.com/player/1630202","https://ak-static.cms.nba.com/wp-content/uploads/headshots/nba/latest/260x190/1630202.png","https://ak-static.cms.nba.com/wp-content/uploads/headshots/nba/latest/260x190/1630202.png","https://stats.nba.com/media/players/700/1630202.png","https://stats.nba.com/media/img/league/nba-headshot-fallback.png"
"252",2025,"2024-25","NBA","Regular Season",2024-12-12,22401205,25,"Boston Celtics",1610612738,FALSE,FALSE,FALSE,"H","BOS vs. DET","BOS",4,2,"DET","BOS","DET","W","Luke Kornet",19,4,2,1628436,TRUE,5,5,1,0,0,0,0.667,TRUE,5,5,1,13,2,3,2,5,7,1,0,0,0,1,12,16,21.9,"https://stats.nba.com/media/img/teams/logos/season/2024-25/BOS_logo.svg","https://stats.nba.com/player/1628436","https://ak-static.cms.nba.com/wp-content/uploads/headshots/nba/latest/260x190/1628436.png","https://ak-static.cms.nba.com/wp-content/uploads/headshots/nba/latest/260x190/1628436.png","https://stats.nba.com/media/players/700/1628436.png","https://ak-static.cms.nba.com/wp-content/uploads/headshots/nba/latest/260x190/1628436.png"
"253",2025,"2024-25","NBA","Regular Season",2024-12-12,22401205,25,"Boston Celtics",1610612738,FALSE,FALSE,FALSE,"H","BOS vs. DET","BOS",4,2,"DET","BOS","DET","W","Neemias Queta",21,4,2,1629674,TRUE,2,3,0.667,0,0,0,NA,TRUE,2,3,0.666666666666667,18,0,0,0,2,2,1,1,1,2,3,4,-6,11.9,"https://stats.nba.com/media/img/teams/logos/season/2024-25/BOS_logo.svg","https://stats.nba.com/player/1629674","https://ak-static.cms.nba.com/wp-content/uploads/headshots/nba/latest/260x190/1629674.png","https://ak-static.cms.nba.com/wp-content/uploads/headshots/nba/latest/260x190/1629674.png","https://stats.nba.com/media/players/700/1629674.png","https://stats.nba.com/media/img/league/nba-headshot-fallback.png"
"254",2025,"2024-25","NBA","Regular Season",2024-12-12,22401205,25,"Boston Celtics",1610612738,FALSE,FALSE,FALSE,"H","BOS vs. DET","BOS",4,2,"DET","BOS","DET","W","Kristaps Porziņģis",6,4,2,204001,TRUE,8,18,0.444,2,7,0.285714285714286,0.5,TRUE,6,11,0.545454545454545,30,1,2,0,8,8,2,1,2,1,0,19,23,39.6,"https://stats.nba.com/media/img/teams/logos/season/2024-25/BOS_logo.svg","https://stats.nba.com/player/204001","https://stats.nba.com/media/players/230x185/204001.png","https://ak-static.cms.nba.com/wp-content/uploads/headshots/nba/latest/260x190/204001.png","https://stats.nba.com/media/players/700/204001.png","https://ak-static.cms.nba.com/wp-content/uploads/headshots/nba/latest/260x190/204001.png"
"255",2025,"2024-25","NBA","Regular Season",2024-12-12,22401205,25,"Boston Celtics",1610612738,FALSE,FALSE,FALSE,"H","BOS vs. DET","BOS",4,2,"DET","BOS","DET","W","Xavier Tillman",16,7,2,1630214,TRUE,0,1,0,0,1,0,NA,TRUE,0,0,0,4,0,0,0,0,0,0,0,0,0,0,0,-3,0,"https://stats.nba.com/media/img/teams/logos/season/2024-25/BOS_logo.svg","https://stats.nba.com/player/1630214","https://ak-static.cms.nba.com/wp-content/uploads/headshots/nba/latest/260x190/1630214.png","https://ak-static.cms.nba.com/wp-content/uploads/headshots/nba/latest/260x190/1630214.png","https://stats.nba.com/media/players/700/1630214.png","https://stats.nba.com/media/img/league/nba-headshot-fallback.png"
"256",2025,"2024-25","NBA","Regular Season",2024-12-12,22401205,25,"Boston Celtics",1610612738,FALSE,FALSE,FALSE,"H","BOS vs. DET","BOS",4,2,"DET","BOS","DET","W","Jaylen Brown",20,4,2,1627759,TRUE,6,12,0.5,1,2,0.5,1,TRUE,5,10,0.5,30,1,1,1,8,9,6,1,0,4,1,14,30,32.8,"https://stats.nba.com/media/img/teams/logos/season/2024-25/BOS_logo.svg","https://stats.nba.com/player/1627759","https://stats.nba.com/media/players/230x185/1627759.png","https://ak-static.cms.nba.com/wp-content/uploads/headshots/nba/latest/260x190/1627759.png","https://stats.nba.com/media/players/700/1627759.png","https://ak-static.cms.nba.com/wp-content/uploads/headshots/nba/latest/260x190/1627759.png"
"257",2025,"2024-25","NBA","Regular Season",2024-12-15,22401217,26,"Boston Celtics",1610612738,FALSE,FALSE,FALSE,"A","BOS @ WAS","BOS",2,3,"WAS","BOS","WAS","W","Derrick White",25,2,3,1628401,TRUE,5,10,0.5,3,7,0.428571428571429,0.5,TRUE,2,3,0.666666666666667,35,2,4,0,5,5,5,2,2,1,3,15,18,39.5,"https://stats.nba.com/media/img/teams/logos/season/2024-25/BOS_logo.svg","https://stats.nba.com/player/1628401","https://ak-static.cms.nba.com/wp-content/uploads/headshots/nba/latest/260x190/1628401.png","https://ak-static.cms.nba.com/wp-content/uploads/headshots/nba/latest/260x190/1628401.png","https://stats.nba.com/media/players/700/1628401.png","https://ak-static.cms.nba.com/wp-content/uploads/headshots/nba/latest/260x190/1628401.png"
"258",2025,"2024-25","NBA","Regular Season",2024-12-15,22401217,26,"Boston Celtics",1610612738,FALSE,FALSE,FALSE,"A","BOS @ WAS","BOS",2,3,"WAS","BOS","WAS","W","Neemias Queta",22,2,3,1629674,TRUE,0,2,0,0,0,0,NA,TRUE,0,2,0,10,0,0,1,1,2,1,2,1,2,2,0,-4,10.9,"https://stats.nba.com/media/img/teams/logos/season/2024-25/BOS_logo.svg","https://stats.nba.com/player/1629674","https://ak-static.cms.nba.com/wp-content/uploads/headshots/nba/latest/260x190/1629674.png","https://ak-static.cms.nba.com/wp-content/uploads/headshots/nba/latest/260x190/1629674.png","https://stats.nba.com/media/players/700/1629674.png","https://stats.nba.com/media/img/league/nba-headshot-fallback.png"
"259",2025,"2024-25","NBA","Regular Season",2024-12-15,22401217,26,"Boston Celtics",1610612738,FALSE,FALSE,FALSE,"A","BOS @ WAS","BOS",2,3,"WAS","BOS","WAS","W","Jrue Holiday",23,2,3,201950,TRUE,4,7,0.571,1,3,0.333333333333333,0.75,TRUE,3,4,0.75,24,3,4,0,1,1,1,1,0,2,0,12,-2,15.7,"https://stats.nba.com/media/img/teams/logos/season/2024-25/BOS_logo.svg","https://stats.nba.com/player/201950","https://stats.nba.com/media/players/230x185/201950.png","https://ak-static.cms.nba.com/wp-content/uploads/headshots/nba/latest/260x190/201950.png","https://stats.nba.com/media/players/700/201950.png","https://ak-static.cms.nba.com/wp-content/uploads/headshots/nba/latest/260x190/201950.png"
"260",2025,"2024-25","NBA","Regular Season",2024-12-15,22401217,26,"Boston Celtics",1610612738,FALSE,FALSE,FALSE,"A","BOS @ WAS","BOS",2,3,"WAS","BOS","WAS","W","Jayson Tatum",24,7,3,1628369,TRUE,12,26,0.462,2,9,0.222222222222222,1,TRUE,10,17,0.588235294117647,35,2,2,1,11,12,2,0,0,4,4,28,4,41.4,"https://stats.nba.com/media/img/teams/logos/season/2024-25/BOS_logo.svg","https://stats.nba.com/player/1628369","https://ak-static.cms.nba.com/wp-content/uploads/headshots/nba/latest/260x190/1628369.png","https://ak-static.cms.nba.com/wp-content/uploads/headshots/nba/latest/260x190/1628369.png","https://stats.nba.com/media/players/700/1628369.png","https://ak-static.cms.nba.com/wp-content/uploads/headshots/nba/latest/260x190/1628369.png"
"261",2025,"2024-25","NBA","Regular Season",2024-12-15,22401217,26,"Boston Celtics",1610612738,FALSE,FALSE,FALSE,"A","BOS @ WAS","BOS",2,3,"WAS","BOS","WAS","W","Sam Hauser",21,7,7,1630573,TRUE,4,10,0.4,4,9,0.444444444444444,NA,TRUE,0,1,0,28,0,0,2,5,7,1,2,0,0,0,12,27,27.9,"https://stats.nba.com/media/img/teams/logos/season/2024-25/BOS_logo.svg","https://stats.nba.com/player/1630573","https://ak-static.cms.nba.com/wp-content/uploads/headshots/nba/latest/260x190/1630573.png","https://ak-static.cms.nba.com/wp-content/uploads/headshots/nba/latest/260x190/1630573.png","https://stats.nba.com/media/players/700/1630573.png","https://stats.nba.com/media/img/league/nba-headshot-fallback.png"
"262",2025,"2024-25","NBA","Regular Season",2024-12-15,22401217,26,"Boston Celtics",1610612738,FALSE,FALSE,FALSE,"A","BOS @ WAS","BOS",2,3,"WAS","BOS","WAS","W","Luke Kornet",20,2,3,1628436,TRUE,1,3,0.333,0,0,0,0.625,TRUE,1,3,0.333333333333333,27,5,8,5,6,11,4,0,1,1,0,7,20,28.2,"https://stats.nba.com/media/img/teams/logos/season/2024-25/BOS_logo.svg","https://stats.nba.com/player/1628436","https://ak-static.cms.nba.com/wp-content/uploads/headshots/nba/latest/260x190/1628436.png","https://ak-static.cms.nba.com/wp-content/uploads/headshots/nba/latest/260x190/1628436.png","https://stats.nba.com/media/players/700/1628436.png","https://ak-static.cms.nba.com/wp-content/uploads/headshots/nba/latest/260x190/1628436.png"
"263",2025,"2024-25","NBA","Regular Season",2024-12-15,22401217,26,"Boston Celtics",1610612738,FALSE,FALSE,FALSE,"A","BOS @ WAS","BOS",2,3,"WAS","BOS","WAS","W","Payton Pritchard",26,2,3,1630202,TRUE,5,12,0.417,5,10,0.5,NA,TRUE,0,2,0,37,0,0,4,7,11,6,0,0,3,3,15,17,34.2,"https://stats.nba.com/media/img/teams/logos/season/2024-25/BOS_logo.svg","https://stats.nba.com/player/1630202","https://ak-static.cms.nba.com/wp-content/uploads/headshots/nba/latest/260x190/1630202.png","https://ak-static.cms.nba.com/wp-content/uploads/headshots/nba/latest/260x190/1630202.png","https://stats.nba.com/media/players/700/1630202.png","https://stats.nba.com/media/img/league/nba-headshot-fallback.png"
"264",2025,"2024-25","NBA","Regular Season",2024-12-15,22401217,26,"Boston Celtics",1610612738,FALSE,FALSE,FALSE,"A","BOS @ WAS","BOS",2,3,"WAS","BOS","WAS","W","Jaden Springer",8,12,3,1630531,TRUE,0,1,0,0,0,0,0.5,TRUE,0,1,0,2,1,2,1,0,1,0,0,0,0,0,1,-7,2.2,"https://stats.nba.com/media/img/teams/logos/season/2024-25/BOS_logo.svg","https://stats.nba.com/player/1630531","https://ak-static.cms.nba.com/wp-content/uploads/headshots/nba/latest/260x190/1630531.png","https://ak-static.cms.nba.com/wp-content/uploads/headshots/nba/latest/260x190/1630531.png","https://stats.nba.com/media/players/700/1630531.png","https://stats.nba.com/media/img/league/nba-headshot-fallback.png"
"265",2025,"2024-25","NBA","Regular Season",2024-12-15,22401217,26,"Boston Celtics",1610612738,FALSE,FALSE,FALSE,"A","BOS @ WAS","BOS",2,3,"WAS","BOS","WAS","W","Kristaps Porziņģis",7,2,3,204001,TRUE,5,6,0.833,1,2,0.5,NA,TRUE,4,4,1,11,0,0,1,1,2,2,0,0,1,1,11,-2,15.4,"https://stats.nba.com/media/img/teams/logos/season/2024-25/BOS_logo.svg","https://stats.nba.com/player/204001","https://stats.nba.com/media/players/230x185/204001.png","https://ak-static.cms.nba.com/wp-content/uploads/headshots/nba/latest/260x190/204001.png","https://stats.nba.com/media/players/700/204001.png","https://ak-static.cms.nba.com/wp-content/uploads/headshots/nba/latest/260x190/204001.png"
"266",2025,"2024-25","NBA","Regular Season",2024-12-15,22401217,26,"Boston Celtics",1610612738,FALSE,FALSE,FALSE,"A","BOS @ WAS","BOS",2,3,"WAS","BOS","WAS","W","Jaylen Brown",21,2,3,1627759,TRUE,4,14,0.286,2,5,0.4,0.25,TRUE,2,9,0.222222222222222,26,1,4,0,3,3,4,3,1,3,1,11,13,29.6,"https://stats.nba.com/media/img/teams/logos/season/2024-25/BOS_logo.svg","https://stats.nba.com/player/1627759","https://stats.nba.com/media/players/230x185/1627759.png","https://ak-static.cms.nba.com/wp-content/uploads/headshots/nba/latest/260x190/1627759.png","https://stats.nba.com/media/players/700/1627759.png","https://ak-static.cms.nba.com/wp-content/uploads/headshots/nba/latest/260x190/1627759.png"
"267",2025,"2024-25","NBA","Regular Season",2024-12-15,22401217,26,"Boston Celtics",1610612738,FALSE,FALSE,FALSE,"A","BOS @ WAS","BOS",2,3,"WAS","BOS","WAS","W","Xavier Tillman",17,2,5,1630214,TRUE,0,1,0,0,0,0,NA,TRUE,0,1,0,2,0,0,0,0,0,0,1,0,1,1,0,-7,2,"https://stats.nba.com/media/img/teams/logos/season/2024-25/BOS_logo.svg","https://stats.nba.com/player/1630214","https://ak-static.cms.nba.com/wp-content/uploads/headshots/nba/latest/260x190/1630214.png","https://ak-static.cms.nba.com/wp-content/uploads/headshots/nba/latest/260x190/1630214.png","https://stats.nba.com/media/players/700/1630214.png","https://stats.nba.com/media/img/league/nba-headshot-fallback.png"
"268",2025,"2024-25","NBA","Regular Season",2024-12-15,22401217,26,"Boston Celtics",1610612738,FALSE,FALSE,FALSE,"A","BOS @ WAS","BOS",2,3,"WAS","BOS","WAS","W","Jordan Walsh",18,2,3,1641775,TRUE,0,1,0,0,1,0,NA,TRUE,0,0,0,2,0,0,1,0,1,0,0,0,0,0,0,-7,1.2,"https://stats.nba.com/media/img/teams/logos/season/2024-25/BOS_logo.svg","https://stats.nba.com/player/1641775","https://ak-static.cms.nba.com/wp-content/uploads/headshots/nba/latest/260x190/1641775.png","https://ak-static.cms.nba.com/wp-content/uploads/headshots/nba/latest/260x190/1641775.png","https://stats.nba.com/media/players/700/1641775.png","https://stats.nba.com/media/img/league/nba-headshot-fallback.png"
"269",2025,"2024-25","NBA","Regular Season",2024-12-19,22400363,27,"Boston Celtics",1610612738,FALSE,FALSE,FALSE,"H","BOS vs. CHI","BOS",3,1,"CHI","CHI","BOS","L","Al Horford",20,6,1,201143,FALSE,1,4,0.25,0,2,0,NA,TRUE,1,2,0.5,22,0,0,3,2,5,2,0,2,0,2,2,-4,17,"https://stats.nba.com/media/img/teams/logos/season/2024-25/BOS_logo.svg","https://stats.nba.com/player/201143","https://stats.nba.com/media/players/230x185/201143.png","https://ak-static.cms.nba.com/wp-content/uploads/headshots/nba/latest/260x190/201143.png","https://stats.nba.com/media/players/700/201143.png","https://ak-static.cms.nba.com/wp-content/uploads/headshots/nba/latest/260x190/201143.png"
"270",2025,"2024-25","NBA","Regular Season",2024-12-19,22400363,27,"Boston Celtics",1610612738,FALSE,FALSE,FALSE,"H","BOS vs. CHI","BOS",3,1,"CHI","CHI","BOS","L","Derrick White",26,3,1,1628401,FALSE,5,14,0.357,3,12,0.25,1,TRUE,2,2,1,36,3,3,1,7,8,4,1,2,0,1,16,-9,40.6,"https://stats.nba.com/media/img/teams/logos/season/2024-25/BOS_logo.svg","https://stats.nba.com/player/1628401","https://ak-static.cms.nba.com/wp-content/uploads/headshots/nba/latest/260x190/1628401.png","https://ak-static.cms.nba.com/wp-content/uploads/headshots/nba/latest/260x190/1628401.png","https://stats.nba.com/media/players/700/1628401.png","https://ak-static.cms.nba.com/wp-content/uploads/headshots/nba/latest/260x190/1628401.png"
"271",2025,"2024-25","NBA","Regular Season",2024-12-19,22400363,27,"Boston Celtics",1610612738,FALSE,FALSE,FALSE,"H","BOS vs. CHI","BOS",3,1,"CHI","CHI","BOS","L","Kristaps Porziņģis",8,3,1,204001,FALSE,7,17,0.412,2,7,0.285714285714286,1,TRUE,5,10,0.5,36,4,4,2,6,8,0,0,3,0,2,20,-8,38.6,"https://stats.nba.com/media/img/teams/logos/season/2024-25/BOS_logo.svg","https://stats.nba.com/player/204001","https://stats.nba.com/media/players/230x185/204001.png","https://ak-static.cms.nba.com/wp-content/uploads/headshots/nba/latest/260x190/204001.png","https://stats.nba.com/media/players/700/204001.png","https://ak-static.cms.nba.com/wp-content/uploads/headshots/nba/latest/260x190/204001.png"
"272",2025,"2024-25","NBA","Regular Season",2024-12-19,22400363,27,"Boston Celtics",1610612738,FALSE,FALSE,FALSE,"H","BOS vs. CHI","BOS",3,1,"CHI","CHI","BOS","L","Neemias Queta",23,3,5,1629674,FALSE,0,0,NA,0,0,0,NA,TRUE,0,0,0,0,0,0,0,0,0,0,0,0,0,0,0,3,0,"https://stats.nba.com/media/img/teams/logos/season/2024-25/BOS_logo.svg","https://stats.nba.com/player/1629674","https://ak-static.cms.nba.com/wp-content/uploads/headshots/nba/latest/260x190/1629674.png","https://ak-static.cms.nba.com/wp-content/uploads/headshots/nba/latest/260x190/1629674.png","https://stats.nba.com/media/players/700/1629674.png","https://stats.nba.com/media/img/league/nba-headshot-fallback.png"
"273",2025,"2024-25","NBA","Regular Season",2024-12-19,22400363,27,"Boston Celtics",1610612738,FALSE,FALSE,FALSE,"H","BOS vs. CHI","BOS",3,1,"CHI","CHI","BOS","L","Payton Pritchard",27,3,1,1630202,FALSE,5,12,0.417,4,10,0.4,NA,TRUE,1,2,0.5,30,0,0,4,2,6,3,1,0,0,1,14,-10,28.7,"https://stats.nba.com/media/img/teams/logos/season/2024-25/BOS_logo.svg","https://stats.nba.com/player/1630202","https://ak-static.cms.nba.com/wp-content/uploads/headshots/nba/latest/260x190/1630202.png","https://ak-static.cms.nba.com/wp-content/uploads/headshots/nba/latest/260x190/1630202.png","https://stats.nba.com/media/players/700/1630202.png","https://stats.nba.com/media/img/league/nba-headshot-fallback.png"
"274",2025,"2024-25","NBA","Regular Season",2024-12-19,22400363,27,"Boston Celtics",1610612738,FALSE,FALSE,FALSE,"H","BOS vs. CHI","BOS",3,1,"CHI","CHI","BOS","L","Jordan Walsh",19,3,1,1641775,FALSE,0,1,0,0,1,0,NA,TRUE,0,0,0,0,0,0,0,0,0,0,0,0,0,0,0,3,0,"https://stats.nba.com/media/img/teams/logos/season/2024-25/BOS_logo.svg","https://stats.nba.com/player/1641775","https://ak-static.cms.nba.com/wp-content/uploads/headshots/nba/latest/260x190/1641775.png","https://ak-static.cms.nba.com/wp-content/uploads/headshots/nba/latest/260x190/1641775.png","https://stats.nba.com/media/players/700/1641775.png","https://stats.nba.com/media/img/league/nba-headshot-fallback.png"
"275",2025,"2024-25","NBA","Regular Season",2024-12-19,22400363,27,"Boston Celtics",1610612738,FALSE,FALSE,FALSE,"H","BOS vs. CHI","BOS",3,1,"CHI","CHI","BOS","L","Jayson Tatum",25,3,1,1628369,FALSE,10,22,0.455,4,11,0.363636363636364,0.778,TRUE,6,11,0.545454545454545,37,7,9,0,10,10,4,2,0,1,4,31,0,54,"https://stats.nba.com/media/img/teams/logos/season/2024-25/BOS_logo.svg","https://stats.nba.com/player/1628369","https://ak-static.cms.nba.com/wp-content/uploads/headshots/nba/latest/260x190/1628369.png","https://ak-static.cms.nba.com/wp-content/uploads/headshots/nba/latest/260x190/1628369.png","https://stats.nba.com/media/players/700/1628369.png","https://ak-static.cms.nba.com/wp-content/uploads/headshots/nba/latest/260x190/1628369.png"
"276",2025,"2024-25","NBA","Regular Season",2024-12-19,22400363,27,"Boston Celtics",1610612738,FALSE,FALSE,FALSE,"H","BOS vs. CHI","BOS",3,1,"CHI","CHI","BOS","L","Jrue Holiday",24,3,1,201950,FALSE,3,8,0.375,0,4,0,NA,TRUE,3,4,0.75,29,0,0,0,1,1,4,1,1,0,1,6,1,19.2,"https://stats.nba.com/media/img/teams/logos/season/2024-25/BOS_logo.svg","https://stats.nba.com/player/201950","https://stats.nba.com/media/players/230x185/201950.png","https://ak-static.cms.nba.com/wp-content/uploads/headshots/nba/latest/260x190/201950.png","https://stats.nba.com/media/players/700/201950.png","https://ak-static.cms.nba.com/wp-content/uploads/headshots/nba/latest/260x190/201950.png"
"277",2025,"2024-25","NBA","Regular Season",2024-12-19,22400363,27,"Boston Celtics",1610612738,FALSE,FALSE,FALSE,"H","BOS vs. CHI","BOS",3,1,"CHI","CHI","BOS","L","Jaylen Brown",22,3,1,1627759,FALSE,7,17,0.412,1,8,0.125,0.8,TRUE,6,9,0.666666666666667,36,4,5,1,2,3,4,1,0,3,1,19,-19,28.6,"https://stats.nba.com/media/img/teams/logos/season/2024-25/BOS_logo.svg","https://stats.nba.com/player/1627759","https://stats.nba.com/media/players/230x185/1627759.png","https://ak-static.cms.nba.com/wp-content/uploads/headshots/nba/latest/260x190/1627759.png","https://stats.nba.com/media/players/700/1627759.png","https://ak-static.cms.nba.com/wp-content/uploads/headshots/nba/latest/260x190/1627759.png"
"278",2025,"2024-25","NBA","Regular Season",2024-12-19,22400363,27,"Boston Celtics",1610612738,FALSE,FALSE,FALSE,"H","BOS vs. CHI","BOS",3,1,"CHI","CHI","BOS","L","Luke Kornet",21,3,1,1628436,FALSE,0,0,NA,0,0,0,NA,TRUE,0,0,0,0,0,0,0,0,0,0,0,0,0,0,0,3,0,"https://stats.nba.com/media/img/teams/logos/season/2024-25/BOS_logo.svg","https://stats.nba.com/player/1628436","https://ak-static.cms.nba.com/wp-content/uploads/headshots/nba/latest/260x190/1628436.png","https://ak-static.cms.nba.com/wp-content/uploads/headshots/nba/latest/260x190/1628436.png","https://stats.nba.com/media/players/700/1628436.png","https://ak-static.cms.nba.com/wp-content/uploads/headshots/nba/latest/260x190/1628436.png"
"279",2025,"2024-25","NBA","Regular Season",2024-12-19,22400363,27,"Boston Celtics",1610612738,FALSE,FALSE,FALSE,"H","BOS vs. CHI","BOS",3,1,"CHI","CHI","BOS","L","Jaden Springer",9,3,1,1630531,FALSE,0,2,0,0,1,0,NA,TRUE,0,1,0,13,0,0,0,4,4,0,0,0,0,1,0,-5,4.8,"https://stats.nba.com/media/img/teams/logos/season/2024-25/BOS_logo.svg","https://stats.nba.com/player/1630531","https://ak-static.cms.nba.com/wp-content/uploads/headshots/nba/latest/260x190/1630531.png","https://ak-static.cms.nba.com/wp-content/uploads/headshots/nba/latest/260x190/1630531.png","https://stats.nba.com/media/players/700/1630531.png","https://stats.nba.com/media/img/league/nba-headshot-fallback.png"
"280",2025,"2024-25","NBA","Regular Season",2024-12-21,22400381,28,"Boston Celtics",1610612738,FALSE,FALSE,FALSE,"A","BOS @ CHI","BOS",1,1,"CHI","BOS","CHI","W","Xavier Tillman",18,5,5,1630214,TRUE,0,1,0,0,0,0,NA,TRUE,0,1,0,4,0,0,1,0,1,0,0,0,0,0,0,0,1.2,"https://stats.nba.com/media/img/teams/logos/season/2024-25/BOS_logo.svg","https://stats.nba.com/player/1630214","https://ak-static.cms.nba.com/wp-content/uploads/headshots/nba/latest/260x190/1630214.png","https://ak-static.cms.nba.com/wp-content/uploads/headshots/nba/latest/260x190/1630214.png","https://stats.nba.com/media/players/700/1630214.png","https://stats.nba.com/media/img/league/nba-headshot-fallback.png"
"281",2025,"2024-25","NBA","Regular Season",2024-12-21,22400381,28,"Boston Celtics",1610612738,FALSE,FALSE,FALSE,"A","BOS @ CHI","BOS",1,1,"CHI","BOS","CHI","W","Jordan Walsh",20,1,3,1641775,TRUE,1,2,0.5,0,1,0,1,TRUE,1,1,1,3,1,1,1,0,1,0,0,0,0,0,3,0,4.2,"https://stats.nba.com/media/img/teams/logos/season/2024-25/BOS_logo.svg","https://stats.nba.com/player/1641775","https://ak-static.cms.nba.com/wp-content/uploads/headshots/nba/latest/260x190/1641775.png","https://ak-static.cms.nba.com/wp-content/uploads/headshots/nba/latest/260x190/1641775.png","https://stats.nba.com/media/players/700/1641775.png","https://stats.nba.com/media/img/league/nba-headshot-fallback.png"
"282",2025,"2024-25","NBA","Regular Season",2024-12-21,22400381,28,"Boston Celtics",1610612738,FALSE,FALSE,FALSE,"A","BOS @ CHI","BOS",1,1,"CHI","BOS","CHI","W","Jayson Tatum",26,1,3,1628369,TRUE,16,24,0.667,9,15,0.6,1,TRUE,7,9,0.777777777777778,36,2,2,1,14,15,10,0,0,4,2,43,13,72,"https://stats.nba.com/media/img/teams/logos/season/2024-25/BOS_logo.svg","https://stats.nba.com/player/1628369","https://ak-static.cms.nba.com/wp-content/uploads/headshots/nba/latest/260x190/1628369.png","https://ak-static.cms.nba.com/wp-content/uploads/headshots/nba/latest/260x190/1628369.png","https://stats.nba.com/media/players/700/1628369.png","https://ak-static.cms.nba.com/wp-content/uploads/headshots/nba/latest/260x190/1628369.png"
"283",2025,"2024-25","NBA","Regular Season",2024-12-21,22400381,28,"Boston Celtics",1610612738,FALSE,FALSE,FALSE,"A","BOS @ CHI","BOS",1,1,"CHI","BOS","CHI","W","Luke Kornet",22,1,1,1628436,TRUE,2,6,0.333,0,0,0,NA,TRUE,2,6,0.333333333333333,19,0,0,5,3,8,3,0,0,0,1,4,10,18.1,"https://stats.nba.com/media/img/teams/logos/season/2024-25/BOS_logo.svg","https://stats.nba.com/player/1628436","https://ak-static.cms.nba.com/wp-content/uploads/headshots/nba/latest/260x190/1628436.png","https://ak-static.cms.nba.com/wp-content/uploads/headshots/nba/latest/260x190/1628436.png","https://stats.nba.com/media/players/700/1628436.png","https://ak-static.cms.nba.com/wp-content/uploads/headshots/nba/latest/260x190/1628436.png"
"284",2025,"2024-25","NBA","Regular Season",2024-12-21,22400381,28,"Boston Celtics",1610612738,FALSE,FALSE,FALSE,"A","BOS @ CHI","BOS",1,1,"CHI","BOS","CHI","W","Jaden Springer",10,1,5,1630531,TRUE,1,1,1,0,0,0,1,TRUE,1,1,1,3,1,1,0,1,1,0,0,0,0,0,3,0,4.2,"https://stats.nba.com/media/img/teams/logos/season/2024-25/BOS_logo.svg","https://stats.nba.com/player/1630531","https://ak-static.cms.nba.com/wp-content/uploads/headshots/nba/latest/260x190/1630531.png","https://ak-static.cms.nba.com/wp-content/uploads/headshots/nba/latest/260x190/1630531.png","https://stats.nba.com/media/players/700/1630531.png","https://stats.nba.com/media/img/league/nba-headshot-fallback.png"
"285",2025,"2024-25","NBA","Regular Season",2024-12-21,22400381,28,"Boston Celtics",1610612738,FALSE,FALSE,FALSE,"A","BOS @ CHI","BOS",1,1,"CHI","BOS","CHI","W","Jrue Holiday",25,1,1,201950,TRUE,3,5,0.6,1,3,0.333333333333333,NA,TRUE,2,2,1,29,0,0,2,4,6,1,2,0,0,3,7,14,21.7,"https://stats.nba.com/media/img/teams/logos/season/2024-25/BOS_logo.svg","https://stats.nba.com/player/201950","https://stats.nba.com/media/players/230x185/201950.png","https://ak-static.cms.nba.com/wp-content/uploads/headshots/nba/latest/260x190/201950.png","https://stats.nba.com/media/players/700/201950.png","https://ak-static.cms.nba.com/wp-content/uploads/headshots/nba/latest/260x190/201950.png"
"286",2025,"2024-25","NBA","Regular Season",2024-12-21,22400381,28,"Boston Celtics",1610612738,FALSE,FALSE,FALSE,"A","BOS @ CHI","BOS",1,1,"CHI","BOS","CHI","W","Kristaps Porziņģis",9,1,1,204001,TRUE,8,15,0.533,2,6,0.333333333333333,1,TRUE,6,9,0.666666666666667,30,4,4,1,6,7,2,2,2,1,4,22,14,44.4,"https://stats.nba.com/media/img/teams/logos/season/2024-25/BOS_logo.svg","https://stats.nba.com/player/204001","https://stats.nba.com/media/players/230x185/204001.png","https://ak-static.cms.nba.com/wp-content/uploads/headshots/nba/latest/260x190/204001.png","https://stats.nba.com/media/players/700/204001.png","https://ak-static.cms.nba.com/wp-content/uploads/headshots/nba/latest/260x190/204001.png"
"287",2025,"2024-25","NBA","Regular Season",2024-12-21,22400381,28,"Boston Celtics",1610612738,FALSE,FALSE,FALSE,"A","BOS @ CHI","BOS",1,1,"CHI","BOS","CHI","W","Al Horford",21,1,1,201143,TRUE,3,7,0.429,1,3,0.333333333333333,0.5,TRUE,2,4,0.5,25,1,2,1,6,7,0,1,1,2,1,8,21,20.4,"https://stats.nba.com/media/img/teams/logos/season/2024-25/BOS_logo.svg","https://stats.nba.com/player/201143","https://stats.nba.com/media/players/230x185/201143.png","https://ak-static.cms.nba.com/wp-content/uploads/headshots/nba/latest/260x190/201143.png","https://stats.nba.com/media/players/700/201143.png","https://ak-static.cms.nba.com/wp-content/uploads/headshots/nba/latest/260x190/201143.png"
"288",2025,"2024-25","NBA","Regular Season",2024-12-21,22400381,28,"Boston Celtics",1610612738,FALSE,FALSE,FALSE,"A","BOS @ CHI","BOS",1,1,"CHI","BOS","CHI","W","Jaylen Brown",23,1,1,1627759,TRUE,9,20,0.45,0,5,0,0.5,TRUE,9,15,0.6,33,1,2,2,3,5,8,1,0,2,0,19,16,38,"https://stats.nba.com/media/img/teams/logos/season/2024-25/BOS_logo.svg","https://stats.nba.com/player/1627759","https://stats.nba.com/media/players/230x185/1627759.png","https://ak-static.cms.nba.com/wp-content/uploads/headshots/nba/latest/260x190/1627759.png","https://stats.nba.com/media/players/700/1627759.png","https://ak-static.cms.nba.com/wp-content/uploads/headshots/nba/latest/260x190/1627759.png"
"289",2025,"2024-25","NBA","Regular Season",2024-12-21,22400381,28,"Boston Celtics",1610612738,FALSE,FALSE,FALSE,"A","BOS @ CHI","BOS",1,1,"CHI","BOS","CHI","W","Derrick White",27,1,1,1628401,TRUE,3,12,0.25,0,6,0,1,TRUE,3,6,0.5,26,2,2,0,4,4,1,0,1,3,0,8,6,14.3,"https://stats.nba.com/media/img/teams/logos/season/2024-25/BOS_logo.svg","https://stats.nba.com/player/1628401","https://ak-static.cms.nba.com/wp-content/uploads/headshots/nba/latest/260x190/1628401.png","https://ak-static.cms.nba.com/wp-content/uploads/headshots/nba/latest/260x190/1628401.png","https://stats.nba.com/media/players/700/1628401.png","https://ak-static.cms.nba.com/wp-content/uploads/headshots/nba/latest/260x190/1628401.png"
"290",2025,"2024-25","NBA","Regular Season",2024-12-21,22400381,28,"Boston Celtics",1610612738,FALSE,FALSE,FALSE,"A","BOS @ CHI","BOS",1,1,"CHI","BOS","CHI","W","Payton Pritchard",28,1,1,1630202,TRUE,2,7,0.286,2,6,0.333333333333333,NA,TRUE,0,1,0,32,0,0,3,1,4,2,2,0,0,1,6,31,19.8,"https://stats.nba.com/media/img/teams/logos/season/2024-25/BOS_logo.svg","https://stats.nba.com/player/1630202","https://ak-static.cms.nba.com/wp-content/uploads/headshots/nba/latest/260x190/1630202.png","https://ak-static.cms.nba.com/wp-content/uploads/headshots/nba/latest/260x190/1630202.png","https://stats.nba.com/media/players/700/1630202.png","https://stats.nba.com/media/img/league/nba-headshot-fallback.png"
"291",2025,"2024-25","NBA","Regular Season",2024-12-23,22400393,29,"Boston Celtics",1610612738,FALSE,FALSE,FALSE,"A","BOS @ ORL","BOS",1,1,"ORL","ORL","BOS","L","Kristaps Porziņģis",10,1,1,204001,FALSE,2,10,0.2,0,4,0,0.929,TRUE,2,6,0.333333333333333,37,13,14,1,3,4,0,0,2,1,3,17,-8,26.8,"https://stats.nba.com/media/img/teams/logos/season/2024-25/BOS_logo.svg","https://stats.nba.com/player/204001","https://stats.nba.com/media/players/230x185/204001.png","https://ak-static.cms.nba.com/wp-content/uploads/headshots/nba/latest/260x190/204001.png","https://stats.nba.com/media/players/700/204001.png","https://ak-static.cms.nba.com/wp-content/uploads/headshots/nba/latest/260x190/204001.png"
"292",2025,"2024-25","NBA","Regular Season",2024-12-23,22400393,29,"Boston Celtics",1610612738,FALSE,FALSE,FALSE,"A","BOS @ ORL","BOS",1,1,"ORL","ORL","BOS","L","Derrick White",28,1,1,1628401,FALSE,5,12,0.417,3,7,0.428571428571429,0.8,TRUE,2,5,0.4,40,4,5,0,4,4,4,3,0,5,3,17,-5,31.8,"https://stats.nba.com/media/img/teams/logos/season/2024-25/BOS_logo.svg","https://stats.nba.com/player/1628401","https://ak-static.cms.nba.com/wp-content/uploads/headshots/nba/latest/260x190/1628401.png","https://ak-static.cms.nba.com/wp-content/uploads/headshots/nba/latest/260x190/1628401.png","https://stats.nba.com/media/players/700/1628401.png","https://ak-static.cms.nba.com/wp-content/uploads/headshots/nba/latest/260x190/1628401.png"
"293",2025,"2024-25","NBA","Regular Season",2024-12-23,22400393,29,"Boston Celtics",1610612738,FALSE,FALSE,FALSE,"A","BOS @ ORL","BOS",1,1,"ORL","ORL","BOS","L","Payton Pritchard",29,1,1,1630202,FALSE,3,7,0.429,1,5,0.2,NA,TRUE,2,2,1,21,0,0,1,2,3,1,0,0,2,1,7,-12,10.1,"https://stats.nba.com/media/img/teams/logos/season/2024-25/BOS_logo.svg","https://stats.nba.com/player/1630202","https://ak-static.cms.nba.com/wp-content/uploads/headshots/nba/latest/260x190/1630202.png","https://ak-static.cms.nba.com/wp-content/uploads/headshots/nba/latest/260x190/1630202.png","https://stats.nba.com/media/players/700/1630202.png","https://stats.nba.com/media/img/league/nba-headshot-fallback.png"
"294",2025,"2024-25","NBA","Regular Season",2024-12-23,22400393,29,"Boston Celtics",1610612738,FALSE,FALSE,FALSE,"A","BOS @ ORL","BOS",1,1,"ORL","ORL","BOS","L","Jaylen Brown",24,1,1,1627759,FALSE,15,29,0.517,1,7,0.142857142857143,0.667,TRUE,14,22,0.636363636363636,37,4,6,2,7,9,4,3,0,5,4,35,6,55.8,"https://stats.nba.com/media/img/teams/logos/season/2024-25/BOS_logo.svg","https://stats.nba.com/player/1627759","https://stats.nba.com/media/players/230x185/1627759.png","https://ak-static.cms.nba.com/wp-content/uploads/headshots/nba/latest/260x190/1627759.png","https://stats.nba.com/media/players/700/1627759.png","https://ak-static.cms.nba.com/wp-content/uploads/headshots/nba/latest/260x190/1627759.png"
"295",2025,"2024-25","NBA","Regular Season",2024-12-23,22400393,29,"Boston Celtics",1610612738,FALSE,FALSE,FALSE,"A","BOS @ ORL","BOS",1,1,"ORL","ORL","BOS","L","Luke Kornet",23,1,1,1628436,FALSE,2,4,0.5,0,0,0,NA,TRUE,2,4,0.5,20,0,0,2,3,5,0,1,1,0,0,4,6,16,"https://stats.nba.com/media/img/teams/logos/season/2024-25/BOS_logo.svg","https://stats.nba.com/player/1628436","https://ak-static.cms.nba.com/wp-content/uploads/headshots/nba/latest/260x190/1628436.png","https://ak-static.cms.nba.com/wp-content/uploads/headshots/nba/latest/260x190/1628436.png","https://stats.nba.com/media/players/700/1628436.png","https://ak-static.cms.nba.com/wp-content/uploads/headshots/nba/latest/260x190/1628436.png"
"296",2025,"2024-25","NBA","Regular Season",2024-12-23,22400393,29,"Boston Celtics",1610612738,FALSE,FALSE,FALSE,"A","BOS @ ORL","BOS",1,1,"ORL","ORL","BOS","L","Jrue Holiday",26,1,7,201950,FALSE,7,12,0.583,2,5,0.4,NA,TRUE,5,7,0.714285714285714,33,0,0,1,7,8,0,3,2,5,2,16,-4,35.6,"https://stats.nba.com/media/img/teams/logos/season/2024-25/BOS_logo.svg","https://stats.nba.com/player/201950","https://stats.nba.com/media/players/230x185/201950.png","https://ak-static.cms.nba.com/wp-content/uploads/headshots/nba/latest/260x190/201950.png","https://stats.nba.com/media/players/700/201950.png","https://ak-static.cms.nba.com/wp-content/uploads/headshots/nba/latest/260x190/201950.png"
"297",2025,"2024-25","NBA","Regular Season",2024-12-23,22400393,29,"Boston Celtics",1610612738,FALSE,FALSE,FALSE,"A","BOS @ ORL","BOS",1,1,"ORL","ORL","BOS","L","Sam Hauser",22,7,1,1630573,FALSE,0,0,NA,0,0,0,NA,TRUE,0,0,0,16,0,0,0,2,2,2,2,0,0,3,0,-5,11.4,"https://stats.nba.com/media/img/teams/logos/season/2024-25/BOS_logo.svg","https://stats.nba.com/player/1630573","https://ak-static.cms.nba.com/wp-content/uploads/headshots/nba/latest/260x190/1630573.png","https://ak-static.cms.nba.com/wp-content/uploads/headshots/nba/latest/260x190/1630573.png","https://stats.nba.com/media/players/700/1630573.png","https://stats.nba.com/media/img/league/nba-headshot-fallback.png"
"298",2025,"2024-25","NBA","Regular Season",2024-12-23,22400393,29,"Boston Celtics",1610612738,FALSE,FALSE,FALSE,"A","BOS @ ORL","BOS",1,1,"ORL","ORL","BOS","L","Al Horford",22,1,1,201143,FALSE,3,10,0.3,1,5,0.2,0.5,TRUE,2,5,0.4,35,1,2,1,5,6,2,1,0,0,0,8,2,21.2,"https://stats.nba.com/media/img/teams/logos/season/2024-25/BOS_logo.svg","https://stats.nba.com/player/201143","https://stats.nba.com/media/players/230x185/201143.png","https://ak-static.cms.nba.com/wp-content/uploads/headshots/nba/latest/260x190/201143.png","https://stats.nba.com/media/players/700/201143.png","https://ak-static.cms.nba.com/wp-content/uploads/headshots/nba/latest/260x190/201143.png"
"299",2025,"2024-25","NBA","Regular Season",2024-12-25,22400407,30,"Boston Celtics",1610612738,FALSE,FALSE,FALSE,"H","BOS vs. PHI","BOS",1,1,"PHI","PHI","BOS","L","Jayson Tatum",27,3,1,1628369,FALSE,11,20,0.55,4,8,0.5,0.857,TRUE,7,12,0.583333333333333,42,6,7,2,13,15,4,1,1,3,2,32,5,59,"https://stats.nba.com/media/img/teams/logos/season/2024-25/BOS_logo.svg","https://stats.nba.com/player/1628369","https://ak-static.cms.nba.com/wp-content/uploads/headshots/nba/latest/260x190/1628369.png","https://ak-static.cms.nba.com/wp-content/uploads/headshots/nba/latest/260x190/1628369.png","https://stats.nba.com/media/players/700/1628369.png","https://ak-static.cms.nba.com/wp-content/uploads/headshots/nba/latest/260x190/1628369.png"
"300",2025,"2024-25","NBA","Regular Season",2024-12-25,22400407,30,"Boston Celtics",1610612738,FALSE,FALSE,FALSE,"H","BOS vs. PHI","BOS",1,1,"PHI","PHI","BOS","L","Al Horford",23,1,1,201143,FALSE,6,13,0.462,5,10,0.5,NA,TRUE,1,3,0.333333333333333,33,0,0,0,4,4,2,0,1,0,3,17,22,27.8,"https://stats.nba.com/media/img/teams/logos/season/2024-25/BOS_logo.svg","https://stats.nba.com/player/201143","https://stats.nba.com/media/players/230x185/201143.png","https://ak-static.cms.nba.com/wp-content/uploads/headshots/nba/latest/260x190/201143.png","https://stats.nba.com/media/players/700/201143.png","https://ak-static.cms.nba.com/wp-content/uploads/headshots/nba/latest/260x190/201143.png"
"301",2025,"2024-25","NBA","Regular Season",2024-12-25,22400407,30,"Boston Celtics",1610612738,FALSE,FALSE,FALSE,"H","BOS vs. PHI","BOS",1,1,"PHI","PHI","BOS","L","Kristaps Porziņģis",11,1,8,204001,FALSE,3,8,0.375,3,6,0.5,NA,TRUE,0,2,0,13,0,0,0,2,2,3,0,0,0,1,9,-13,15.9,"https://stats.nba.com/media/img/teams/logos/season/2024-25/BOS_logo.svg","https://stats.nba.com/player/204001","https://stats.nba.com/media/players/230x185/204001.png","https://ak-static.cms.nba.com/wp-content/uploads/headshots/nba/latest/260x190/204001.png","https://stats.nba.com/media/players/700/204001.png","https://ak-static.cms.nba.com/wp-content/uploads/headshots/nba/latest/260x190/204001.png"
"302",2025,"2024-25","NBA","Regular Season",2024-12-25,22400407,30,"Boston Celtics",1610612738,FALSE,FALSE,FALSE,"H","BOS vs. PHI","BOS",1,1,"PHI","PHI","BOS","L","Jaylen Brown",25,1,1,1627759,FALSE,10,23,0.435,3,6,0.5,0,TRUE,7,17,0.411764705882353,43,0,3,1,6,7,4,2,0,5,4,23,-1,38.4,"https://stats.nba.com/media/img/teams/logos/season/2024-25/BOS_logo.svg","https://stats.nba.com/player/1627759","https://stats.nba.com/media/players/230x185/1627759.png","https://ak-static.cms.nba.com/wp-content/uploads/headshots/nba/latest/260x190/1627759.png","https://stats.nba.com/media/players/700/1627759.png","https://ak-static.cms.nba.com/wp-content/uploads/headshots/nba/latest/260x190/1627759.png"
"303",2025,"2024-25","NBA","Regular Season",2024-12-25,22400407,30,"Boston Celtics",1610612738,FALSE,FALSE,FALSE,"H","BOS vs. PHI","BOS",1,1,"PHI","PHI","BOS","L","Luke Kornet",24,1,1,1628436,FALSE,3,4,0.75,0,0,0,0,TRUE,3,4,0.75,20,0,1,6,4,10,2,0,2,0,1,6,-1,27,"https://stats.nba.com/media/img/teams/logos/season/2024-25/BOS_logo.svg","https://stats.nba.com/player/1628436","https://ak-static.cms.nba.com/wp-content/uploads/headshots/nba/latest/260x190/1628436.png","https://ak-static.cms.nba.com/wp-content/uploads/headshots/nba/latest/260x190/1628436.png","https://stats.nba.com/media/players/700/1628436.png","https://ak-static.cms.nba.com/wp-content/uploads/headshots/nba/latest/260x190/1628436.png"
"304",2025,"2024-25","NBA","Regular Season",2024-12-25,22400407,30,"Boston Celtics",1610612738,FALSE,FALSE,FALSE,"H","BOS vs. PHI","BOS",1,1,"PHI","PHI","BOS","L","Payton Pritchard",30,1,1,1630202,FALSE,1,9,0.111,0,8,0,1,TRUE,1,1,1,33,2,2,2,1,3,5,0,0,1,2,4,-12,14.1,"https://stats.nba.com/media/img/teams/logos/season/2024-25/BOS_logo.svg","https://stats.nba.com/player/1630202","https://ak-static.cms.nba.com/wp-content/uploads/headshots/nba/latest/260x190/1630202.png","https://ak-static.cms.nba.com/wp-content/uploads/headshots/nba/latest/260x190/1630202.png","https://stats.nba.com/media/players/700/1630202.png","https://stats.nba.com/media/img/league/nba-headshot-fallback.png"
"305",2025,"2024-25","NBA","Regular Season",2024-12-25,22400407,30,"Boston Celtics",1610612738,FALSE,FALSE,FALSE,"H","BOS vs. PHI","BOS",1,1,"PHI","PHI","BOS","L","Sam Hauser",23,1,1,1630573,FALSE,0,1,0,0,1,0,NA,TRUE,0,0,0,13,0,0,1,1,2,0,0,0,0,1,0,-12,2.4,"https://stats.nba.com/media/img/teams/logos/season/2024-25/BOS_logo.svg","https://stats.nba.com/player/1630573","https://ak-static.cms.nba.com/wp-content/uploads/headshots/nba/latest/260x190/1630573.png","https://ak-static.cms.nba.com/wp-content/uploads/headshots/nba/latest/260x190/1630573.png","https://stats.nba.com/media/players/700/1630573.png","https://stats.nba.com/media/img/league/nba-headshot-fallback.png"
"306",2025,"2024-25","NBA","Regular Season",2024-12-25,22400407,30,"Boston Celtics",1610612738,FALSE,FALSE,FALSE,"H","BOS vs. PHI","BOS",1,1,"PHI","PHI","BOS","L","Derrick White",29,1,1,1628401,FALSE,8,15,0.533,5,10,0.5,NA,TRUE,3,5,0.6,33,0,0,0,3,3,4,0,0,4,3,21,-5,26.6,"https://stats.nba.com/media/img/teams/logos/season/2024-25/BOS_logo.svg","https://stats.nba.com/player/1628401","https://ak-static.cms.nba.com/wp-content/uploads/headshots/nba/latest/260x190/1628401.png","https://ak-static.cms.nba.com/wp-content/uploads/headshots/nba/latest/260x190/1628401.png","https://stats.nba.com/media/players/700/1628401.png","https://ak-static.cms.nba.com/wp-content/uploads/headshots/nba/latest/260x190/1628401.png"
"307",2025,"2024-25","NBA","Regular Season",2024-12-25,22400407,30,"Boston Celtics",1610612738,FALSE,FALSE,FALSE,"H","BOS vs. PHI","BOS",1,1,"PHI","PHI","BOS","L","Neemias Queta",24,5,1,1629674,FALSE,1,2,0.5,0,0,0,NA,TRUE,1,2,0.5,8,0,0,1,4,5,0,0,0,0,1,2,-1,8,"https://stats.nba.com/media/img/teams/logos/season/2024-25/BOS_logo.svg","https://stats.nba.com/player/1629674","https://ak-static.cms.nba.com/wp-content/uploads/headshots/nba/latest/260x190/1629674.png","https://ak-static.cms.nba.com/wp-content/uploads/headshots/nba/latest/260x190/1629674.png","https://stats.nba.com/media/players/700/1629674.png","https://stats.nba.com/media/img/league/nba-headshot-fallback.png"
"308",2025,"2024-25","NBA","Regular Season",2024-12-25,22400407,30,"Boston Celtics",1610612738,FALSE,FALSE,FALSE,"H","BOS vs. PHI","BOS",1,1,"PHI","PHI","BOS","L","Jordan Walsh",21,3,1,1641775,FALSE,0,0,NA,0,0,0,NA,TRUE,0,0,0,1,0,0,0,0,0,0,0,0,0,0,0,-2,0,"https://stats.nba.com/media/img/teams/logos/season/2024-25/BOS_logo.svg","https://stats.nba.com/player/1641775","https://ak-static.cms.nba.com/wp-content/uploads/headshots/nba/latest/260x190/1641775.png","https://ak-static.cms.nba.com/wp-content/uploads/headshots/nba/latest/260x190/1641775.png","https://stats.nba.com/media/players/700/1641775.png","https://stats.nba.com/media/img/league/nba-headshot-fallback.png"
"309",2025,"2024-25","NBA","Regular Season",2024-12-27,22400420,31,"Boston Celtics",1610612738,FALSE,FALSE,FALSE,"H","BOS vs. IND","BOS",1,1,"IND","BOS","IND","W","Neemias Queta",25,1,1,1629674,TRUE,2,3,0.667,0,0,0,0.667,TRUE,2,3,0.666666666666667,9,2,3,2,0,2,0,0,1,1,2,6,3,10.4,"https://stats.nba.com/media/img/teams/logos/season/2024-25/BOS_logo.svg","https://stats.nba.com/player/1629674","https://ak-static.cms.nba.com/wp-content/uploads/headshots/nba/latest/260x190/1629674.png","https://ak-static.cms.nba.com/wp-content/uploads/headshots/nba/latest/260x190/1629674.png","https://stats.nba.com/media/players/700/1629674.png","https://stats.nba.com/media/img/league/nba-headshot-fallback.png"
"310",2025,"2024-25","NBA","Regular Season",2024-12-27,22400420,31,"Boston Celtics",1610612738,FALSE,FALSE,FALSE,"H","BOS vs. IND","BOS",1,1,"IND","BOS","IND","W","Payton Pritchard",31,1,1,1630202,TRUE,7,16,0.438,4,10,0.4,NA,TRUE,3,6,0.5,32,0,0,5,3,8,10,1,1,0,5,18,25,48.6,"https://stats.nba.com/media/img/teams/logos/season/2024-25/BOS_logo.svg","https://stats.nba.com/player/1630202","https://ak-static.cms.nba.com/wp-content/uploads/headshots/nba/latest/260x190/1630202.png","https://ak-static.cms.nba.com/wp-content/uploads/headshots/nba/latest/260x190/1630202.png","https://stats.nba.com/media/players/700/1630202.png","https://stats.nba.com/media/img/league/nba-headshot-fallback.png"
"311",2025,"2024-25","NBA","Regular Season",2024-12-27,22400420,31,"Boston Celtics",1610612738,FALSE,FALSE,FALSE,"H","BOS vs. IND","BOS",1,1,"IND","BOS","IND","W","Drew Peterson",8,14,1,1641809,TRUE,1,1,1,1,1,1,NA,TRUE,0,0,0,8,0,0,1,1,2,1,0,0,1,3,3,9,5.9,"https://stats.nba.com/media/img/teams/logos/season/2024-25/BOS_logo.svg","https://stats.nba.com/player/1641809","https://ak-static.cms.nba.com/wp-content/uploads/headshots/nba/latest/260x190/1641809.png","https://ak-static.cms.nba.com/wp-content/uploads/headshots/nba/latest/260x190/1641809.png","https://stats.nba.com/media/players/700/1641809.png","https://stats.nba.com/media/img/league/nba-headshot-fallback.png"
"312",2025,"2024-25","NBA","Regular Season",2024-12-27,22400420,31,"Boston Celtics",1610612738,FALSE,FALSE,FALSE,"H","BOS vs. IND","BOS",1,1,"IND","BOS","IND","W","Al Horford",24,1,1,201143,TRUE,4,8,0.5,3,6,0.5,1,TRUE,1,2,0.5,20,2,2,1,4,5,2,0,1,2,0,13,23,23,"https://stats.nba.com/media/img/teams/logos/season/2024-25/BOS_logo.svg","https://stats.nba.com/player/201143","https://stats.nba.com/media/players/230x185/201143.png","https://ak-static.cms.nba.com/wp-content/uploads/headshots/nba/latest/260x190/201143.png","https://stats.nba.com/media/players/700/201143.png","https://ak-static.cms.nba.com/wp-content/uploads/headshots/nba/latest/260x190/201143.png"
"313",2025,"2024-25","NBA","Regular Season",2024-12-27,22400420,31,"Boston Celtics",1610612738,FALSE,FALSE,FALSE,"H","BOS vs. IND","BOS",1,1,"IND","BOS","IND","W","Luke Kornet",25,1,1,1628436,TRUE,1,2,0.5,0,0,0,0.5,TRUE,1,2,0.5,19,1,2,2,3,5,1,1,0,1,1,3,11,12.5,"https://stats.nba.com/media/img/teams/logos/season/2024-25/BOS_logo.svg","https://stats.nba.com/player/1628436","https://ak-static.cms.nba.com/wp-content/uploads/headshots/nba/latest/260x190/1628436.png","https://ak-static.cms.nba.com/wp-content/uploads/headshots/nba/latest/260x190/1628436.png","https://stats.nba.com/media/players/700/1628436.png","https://ak-static.cms.nba.com/wp-content/uploads/headshots/nba/latest/260x190/1628436.png"
"314",2025,"2024-25","NBA","Regular Season",2024-12-27,22400420,31,"Boston Celtics",1610612738,FALSE,FALSE,FALSE,"H","BOS vs. IND","BOS",1,1,"IND","BOS","IND","W","Jordan Walsh",22,1,1,1641775,TRUE,2,3,0.667,2,3,0.666666666666667,0.75,TRUE,0,0,0,21,3,4,2,3,5,2,0,1,1,2,9,16,20,"https://stats.nba.com/media/img/teams/logos/season/2024-25/BOS_logo.svg","https://stats.nba.com/player/1641775","https://ak-static.cms.nba.com/wp-content/uploads/headshots/nba/latest/260x190/1641775.png","https://ak-static.cms.nba.com/wp-content/uploads/headshots/nba/latest/260x190/1641775.png","https://stats.nba.com/media/players/700/1641775.png","https://stats.nba.com/media/img/league/nba-headshot-fallback.png"
"315",2025,"2024-25","NBA","Regular Season",2024-12-27,22400420,31,"Boston Celtics",1610612738,FALSE,FALSE,FALSE,"H","BOS vs. IND","BOS",1,1,"IND","BOS","IND","W","Jayson Tatum",28,1,1,1628369,TRUE,7,15,0.467,3,10,0.3,0.833,TRUE,4,5,0.8,32,5,6,1,12,13,4,3,0,1,2,22,21,51.6,"https://stats.nba.com/media/img/teams/logos/season/2024-25/BOS_logo.svg","https://stats.nba.com/player/1628369","https://ak-static.cms.nba.com/wp-content/uploads/headshots/nba/latest/260x190/1628369.png","https://ak-static.cms.nba.com/wp-content/uploads/headshots/nba/latest/260x190/1628369.png","https://stats.nba.com/media/players/700/1628369.png","https://ak-static.cms.nba.com/wp-content/uploads/headshots/nba/latest/260x190/1628369.png"
"316",2025,"2024-25","NBA","Regular Season",2024-12-27,22400420,31,"Boston Celtics",1610612738,FALSE,FALSE,FALSE,"H","BOS vs. IND","BOS",1,1,"IND","BOS","IND","W","Jaylen Brown",26,1,1,1627759,TRUE,16,24,0.667,6,11,0.545454545454545,1,TRUE,10,13,0.769230769230769,37,6,6,3,2,5,3,4,0,1,0,44,30,65.5,"https://stats.nba.com/media/img/teams/logos/season/2024-25/BOS_logo.svg","https://stats.nba.com/player/1627759","https://stats.nba.com/media/players/230x185/1627759.png","https://ak-static.cms.nba.com/wp-content/uploads/headshots/nba/latest/260x190/1627759.png","https://stats.nba.com/media/players/700/1627759.png","https://ak-static.cms.nba.com/wp-content/uploads/headshots/nba/latest/260x190/1627759.png"
"317",2025,"2024-25","NBA","Regular Season",2024-12-27,22400420,31,"Boston Celtics",1610612738,FALSE,FALSE,FALSE,"H","BOS vs. IND","BOS",1,1,"IND","BOS","IND","W","Jaden Springer",11,5,1,1630531,TRUE,0,0,NA,0,0,0,1,TRUE,0,0,0,8,6,6,0,1,1,0,0,0,0,2,6,9,7.2,"https://stats.nba.com/media/img/teams/logos/season/2024-25/BOS_logo.svg","https://stats.nba.com/player/1630531","https://ak-static.cms.nba.com/wp-content/uploads/headshots/nba/latest/260x190/1630531.png","https://ak-static.cms.nba.com/wp-content/uploads/headshots/nba/latest/260x190/1630531.png","https://stats.nba.com/media/players/700/1630531.png","https://stats.nba.com/media/img/league/nba-headshot-fallback.png"
"318",2025,"2024-25","NBA","Regular Season",2024-12-27,22400420,31,"Boston Celtics",1610612738,FALSE,FALSE,FALSE,"H","BOS vs. IND","BOS",1,1,"IND","BOS","IND","W","Derrick White",30,1,1,1628401,TRUE,3,8,0.375,3,8,0.375,NA,TRUE,0,0,0,30,0,0,0,3,3,6,0,2,2,1,9,24,25.6,"https://stats.nba.com/media/img/teams/logos/season/2024-25/BOS_logo.svg","https://stats.nba.com/player/1628401","https://ak-static.cms.nba.com/wp-content/uploads/headshots/nba/latest/260x190/1628401.png","https://ak-static.cms.nba.com/wp-content/uploads/headshots/nba/latest/260x190/1628401.png","https://stats.nba.com/media/players/700/1628401.png","https://ak-static.cms.nba.com/wp-content/uploads/headshots/nba/latest/260x190/1628401.png"
"319",2025,"2024-25","NBA","Regular Season",2024-12-27,22400420,31,"Boston Celtics",1610612738,FALSE,FALSE,FALSE,"H","BOS vs. IND","BOS",1,1,"IND","BOS","IND","W","Xavier Tillman",19,5,1,1630214,TRUE,2,4,0.5,1,2,0.5,NA,TRUE,1,2,0.5,5,0,0,0,1,1,0,0,0,0,0,5,2,6.2,"https://stats.nba.com/media/img/teams/logos/season/2024-25/BOS_logo.svg","https://stats.nba.com/player/1630214","https://ak-static.cms.nba.com/wp-content/uploads/headshots/nba/latest/260x190/1630214.png","https://ak-static.cms.nba.com/wp-content/uploads/headshots/nba/latest/260x190/1630214.png","https://stats.nba.com/media/players/700/1630214.png","https://stats.nba.com/media/img/league/nba-headshot-fallback.png"
"320",2025,"2024-25","NBA","Regular Season",2024-12-27,22400420,31,"Boston Celtics",1610612738,FALSE,FALSE,FALSE,"H","BOS vs. IND","BOS",1,1,"IND","BOS","IND","W","Sam Hauser",24,1,1,1630573,TRUE,2,8,0.25,0,5,0,NA,TRUE,2,3,0.666666666666667,20,0,0,1,1,2,2,0,0,0,1,4,12,9.4,"https://stats.nba.com/media/img/teams/logos/season/2024-25/BOS_logo.svg","https://stats.nba.com/player/1630573","https://ak-static.cms.nba.com/wp-content/uploads/headshots/nba/latest/260x190/1630573.png","https://ak-static.cms.nba.com/wp-content/uploads/headshots/nba/latest/260x190/1630573.png","https://stats.nba.com/media/players/700/1630573.png","https://stats.nba.com/media/img/league/nba-headshot-fallback.png"
"321",2025,"2024-25","NBA","Regular Season",2024-12-29,22400437,32,"Boston Celtics",1610612738,FALSE,FALSE,FALSE,"H","BOS vs. IND","BOS",1,1,"IND","IND","BOS","L","Jayson Tatum",29,1,1,1628369,FALSE,8,17,0.471,2,10,0.2,0.8,TRUE,6,7,0.857142857142857,41,4,5,2,7,9,6,3,1,3,3,22,-21,50.8,"https://stats.nba.com/media/img/teams/logos/season/2024-25/BOS_logo.svg","https://stats.nba.com/player/1628369","https://ak-static.cms.nba.com/wp-content/uploads/headshots/nba/latest/260x190/1628369.png","https://ak-static.cms.nba.com/wp-content/uploads/headshots/nba/latest/260x190/1628369.png","https://stats.nba.com/media/players/700/1628369.png","https://ak-static.cms.nba.com/wp-content/uploads/headshots/nba/latest/260x190/1628369.png"
"322",2025,"2024-25","NBA","Regular Season",2024-12-29,22400437,32,"Boston Celtics",1610612738,FALSE,FALSE,FALSE,"H","BOS vs. IND","BOS",1,1,"IND","IND","BOS","L","Derrick White",31,1,1,1628401,FALSE,7,15,0.467,3,11,0.272727272727273,NA,TRUE,4,4,1,39,0,0,1,2,3,3,0,1,1,4,17,-20,27.1,"https://stats.nba.com/media/img/teams/logos/season/2024-25/BOS_logo.svg","https://stats.nba.com/player/1628401","https://ak-static.cms.nba.com/wp-content/uploads/headshots/nba/latest/260x190/1628401.png","https://ak-static.cms.nba.com/wp-content/uploads/headshots/nba/latest/260x190/1628401.png","https://stats.nba.com/media/players/700/1628401.png","https://ak-static.cms.nba.com/wp-content/uploads/headshots/nba/latest/260x190/1628401.png"
"323",2025,"2024-25","NBA","Regular Season",2024-12-29,22400437,32,"Boston Celtics",1610612738,FALSE,FALSE,FALSE,"H","BOS vs. IND","BOS",1,1,"IND","IND","BOS","L","Jaylen Brown",27,1,1,1627759,FALSE,13,21,0.619,2,6,0.333333333333333,0.6,TRUE,11,15,0.733333333333333,36,3,5,0,4,4,6,1,0,2,3,31,-10,45.8,"https://stats.nba.com/media/img/teams/logos/season/2024-25/BOS_logo.svg","https://stats.nba.com/player/1627759","https://stats.nba.com/media/players/230x185/1627759.png","https://ak-static.cms.nba.com/wp-content/uploads/headshots/nba/latest/260x190/1627759.png","https://stats.nba.com/media/players/700/1627759.png","https://ak-static.cms.nba.com/wp-content/uploads/headshots/nba/latest/260x190/1627759.png"
"324",2025,"2024-25","NBA","Regular Season",2024-12-29,22400437,32,"Boston Celtics",1610612738,FALSE,FALSE,FALSE,"H","BOS vs. IND","BOS",1,1,"IND","IND","BOS","L","Luke Kornet",26,1,1,1628436,FALSE,0,1,0,0,0,0,0.5,TRUE,0,1,0,14,1,2,1,8,9,0,0,3,0,0,1,-3,20.8,"https://stats.nba.com/media/img/teams/logos/season/2024-25/BOS_logo.svg","https://stats.nba.com/player/1628436","https://ak-static.cms.nba.com/wp-content/uploads/headshots/nba/latest/260x190/1628436.png","https://ak-static.cms.nba.com/wp-content/uploads/headshots/nba/latest/260x190/1628436.png","https://stats.nba.com/media/players/700/1628436.png","https://ak-static.cms.nba.com/wp-content/uploads/headshots/nba/latest/260x190/1628436.png"
"325",2025,"2024-25","NBA","Regular Season",2024-12-29,22400437,32,"Boston Celtics",1610612738,FALSE,FALSE,FALSE,"H","BOS vs. IND","BOS",1,1,"IND","IND","BOS","L","Sam Hauser",25,1,1,1630573,FALSE,3,6,0.5,3,6,0.5,NA,TRUE,0,0,0,20,0,0,0,0,0,3,1,0,0,1,9,0,16.5,"https://stats.nba.com/media/img/teams/logos/season/2024-25/BOS_logo.svg","https://stats.nba.com/player/1630573","https://ak-static.cms.nba.com/wp-content/uploads/headshots/nba/latest/260x190/1630573.png","https://ak-static.cms.nba.com/wp-content/uploads/headshots/nba/latest/260x190/1630573.png","https://stats.nba.com/media/players/700/1630573.png","https://stats.nba.com/media/img/league/nba-headshot-fallback.png"
"326",2025,"2024-25","NBA","Regular Season",2024-12-29,22400437,32,"Boston Celtics",1610612738,FALSE,FALSE,FALSE,"H","BOS vs. IND","BOS",1,1,"IND","IND","BOS","L","Al Horford",25,1,1,201143,FALSE,2,12,0.167,1,10,0.1,NA,TRUE,1,2,0.5,31,0,0,0,5,5,3,0,0,0,5,5,-14,15.5,"https://stats.nba.com/media/img/teams/logos/season/2024-25/BOS_logo.svg","https://stats.nba.com/player/201143","https://stats.nba.com/media/players/230x185/201143.png","https://ak-static.cms.nba.com/wp-content/uploads/headshots/nba/latest/260x190/201143.png","https://stats.nba.com/media/players/700/201143.png","https://ak-static.cms.nba.com/wp-content/uploads/headshots/nba/latest/260x190/201143.png"
"327",2025,"2024-25","NBA","Regular Season",2024-12-29,22400437,32,"Boston Celtics",1610612738,FALSE,FALSE,FALSE,"H","BOS vs. IND","BOS",1,1,"IND","IND","BOS","L","Neemias Queta",26,1,1,1629674,FALSE,2,2,1,0,0,0,0.667,TRUE,2,2,1,5,2,3,2,1,3,1,0,0,0,2,6,3,11.1,"https://stats.nba.com/media/img/teams/logos/season/2024-25/BOS_logo.svg","https://stats.nba.com/player/1629674","https://ak-static.cms.nba.com/wp-content/uploads/headshots/nba/latest/260x190/1629674.png","https://ak-static.cms.nba.com/wp-content/uploads/headshots/nba/latest/260x190/1629674.png","https://stats.nba.com/media/players/700/1629674.png","https://stats.nba.com/media/img/league/nba-headshot-fallback.png"
"328",2025,"2024-25","NBA","Regular Season",2024-12-29,22400437,32,"Boston Celtics",1610612738,FALSE,FALSE,FALSE,"H","BOS vs. IND","BOS",1,1,"IND","IND","BOS","L","Payton Pritchard",32,1,1,1630202,FALSE,7,13,0.538,5,8,0.625,1,TRUE,2,5,0.4,28,2,2,1,3,4,3,0,0,2,2,21,-2,28.3,"https://stats.nba.com/media/img/teams/logos/season/2024-25/BOS_logo.svg","https://stats.nba.com/player/1630202","https://ak-static.cms.nba.com/wp-content/uploads/headshots/nba/latest/260x190/1630202.png","https://ak-static.cms.nba.com/wp-content/uploads/headshots/nba/latest/260x190/1630202.png","https://stats.nba.com/media/players/700/1630202.png","https://stats.nba.com/media/img/league/nba-headshot-fallback.png"
"329",2025,"2024-25","NBA","Regular Season",2024-12-29,22400437,32,"Boston Celtics",1610612738,FALSE,FALSE,FALSE,"H","BOS vs. IND","BOS",1,1,"IND","IND","BOS","L","Xavier Tillman",20,1,1,1630214,FALSE,0,1,0,0,1,0,NA,TRUE,0,0,0,2,0,0,0,0,0,0,0,0,0,0,0,6,0,"https://stats.nba.com/media/img/teams/logos/season/2024-25/BOS_logo.svg","https://stats.nba.com/player/1630214","https://ak-static.cms.nba.com/wp-content/uploads/headshots/nba/latest/260x190/1630214.png","https://ak-static.cms.nba.com/wp-content/uploads/headshots/nba/latest/260x190/1630214.png","https://stats.nba.com/media/players/700/1630214.png","https://stats.nba.com/media/img/league/nba-headshot-fallback.png"
"330",2025,"2024-25","NBA","Regular Season",2024-12-29,22400437,32,"Boston Celtics",1610612738,FALSE,FALSE,FALSE,"H","BOS vs. IND","BOS",1,1,"IND","IND","BOS","L","Jaden Springer",12,1,1,1630531,FALSE,0,2,0,0,1,0,NA,TRUE,0,1,0,2,0,0,0,1,1,1,0,0,0,0,0,6,2.7,"https://stats.nba.com/media/img/teams/logos/season/2024-25/BOS_logo.svg","https://stats.nba.com/player/1630531","https://ak-static.cms.nba.com/wp-content/uploads/headshots/nba/latest/260x190/1630531.png","https://ak-static.cms.nba.com/wp-content/uploads/headshots/nba/latest/260x190/1630531.png","https://stats.nba.com/media/players/700/1630531.png","https://stats.nba.com/media/img/league/nba-headshot-fallback.png"
"331",2025,"2024-25","NBA","Regular Season",2024-12-29,22400437,32,"Boston Celtics",1610612738,FALSE,FALSE,FALSE,"H","BOS vs. IND","BOS",1,1,"IND","IND","BOS","L","Jordan Walsh",23,1,1,1641775,FALSE,0,2,0,0,1,0,0,TRUE,0,1,0,19,0,2,1,2,3,0,1,1,0,2,0,4,9.6,"https://stats.nba.com/media/img/teams/logos/season/2024-25/BOS_logo.svg","https://stats.nba.com/player/1641775","https://ak-static.cms.nba.com/wp-content/uploads/headshots/nba/latest/260x190/1641775.png","https://ak-static.cms.nba.com/wp-content/uploads/headshots/nba/latest/260x190/1641775.png","https://stats.nba.com/media/players/700/1641775.png","https://stats.nba.com/media/img/league/nba-headshot-fallback.png"
"332",2025,"2024-25","NBA","Regular Season",2024-12-29,22400437,32,"Boston Celtics",1610612738,FALSE,FALSE,FALSE,"H","BOS vs. IND","BOS",1,1,"IND","IND","BOS","L","Drew Peterson",9,1,1,1641809,FALSE,1,1,1,0,0,0,NA,TRUE,1,1,1,2,0,0,0,0,0,0,0,0,0,0,2,6,2,"https://stats.nba.com/media/img/teams/logos/season/2024-25/BOS_logo.svg","https://stats.nba.com/player/1641809","https://ak-static.cms.nba.com/wp-content/uploads/headshots/nba/latest/260x190/1641809.png","https://ak-static.cms.nba.com/wp-content/uploads/headshots/nba/latest/260x190/1641809.png","https://stats.nba.com/media/players/700/1641809.png","https://stats.nba.com/media/img/league/nba-headshot-fallback.png"
"333",2025,"2024-25","NBA","Regular Season",2024-12-31,22400449,33,"Boston Celtics",1610612738,FALSE,TRUE,FALSE,"H","BOS vs. TOR","BOS",1,1,"TOR","BOS","TOR","W","Luke Kornet",27,1,1,1628436,TRUE,1,2,0.5,0,0,0,NA,TRUE,1,2,0.5,13,0,0,1,3,4,2,0,0,1,0,2,17,8.8,"https://stats.nba.com/media/img/teams/logos/season/2024-25/BOS_logo.svg","https://stats.nba.com/player/1628436","https://ak-static.cms.nba.com/wp-content/uploads/headshots/nba/latest/260x190/1628436.png","https://ak-static.cms.nba.com/wp-content/uploads/headshots/nba/latest/260x190/1628436.png","https://stats.nba.com/media/players/700/1628436.png","https://ak-static.cms.nba.com/wp-content/uploads/headshots/nba/latest/260x190/1628436.png"
"334",2025,"2024-25","NBA","Regular Season",2024-12-31,22400449,33,"Boston Celtics",1610612738,FALSE,TRUE,FALSE,"H","BOS vs. TOR","BOS",1,1,"TOR","BOS","TOR","W","Drew Peterson",10,1,2,1641809,TRUE,2,3,0.667,1,2,0.5,NA,TRUE,1,1,1,12,0,0,0,4,4,2,0,0,1,0,5,17,11.8,"https://stats.nba.com/media/img/teams/logos/season/2024-25/BOS_logo.svg","https://stats.nba.com/player/1641809","https://ak-static.cms.nba.com/wp-content/uploads/headshots/nba/latest/260x190/1641809.png","https://ak-static.cms.nba.com/wp-content/uploads/headshots/nba/latest/260x190/1641809.png","https://stats.nba.com/media/players/700/1641809.png","https://stats.nba.com/media/img/league/nba-headshot-fallback.png"
"335",2025,"2024-25","NBA","Regular Season",2024-12-31,22400449,33,"Boston Celtics",1610612738,FALSE,TRUE,FALSE,"H","BOS vs. TOR","BOS",1,1,"TOR","BOS","TOR","W","Jaylen Brown",28,1,4,1627759,TRUE,6,13,0.462,0,2,0,NA,TRUE,6,11,0.545454545454545,25,0,0,5,4,9,3,1,0,3,1,12,11,27.3,"https://stats.nba.com/media/img/teams/logos/season/2024-25/BOS_logo.svg","https://stats.nba.com/player/1627759","https://stats.nba.com/media/players/230x185/1627759.png","https://ak-static.cms.nba.com/wp-content/uploads/headshots/nba/latest/260x190/1627759.png","https://stats.nba.com/media/players/700/1627759.png","https://ak-static.cms.nba.com/wp-content/uploads/headshots/nba/latest/260x190/1627759.png"
"336",2025,"2024-25","NBA","Regular Season",2024-12-31,22400449,33,"Boston Celtics",1610612738,FALSE,TRUE,FALSE,"H","BOS vs. TOR","BOS",1,1,"TOR","BOS","TOR","W","Jayson Tatum",30,1,1,1628369,TRUE,6,13,0.462,4,9,0.444444444444444,0.636,TRUE,2,4,0.5,29,7,11,0,8,8,3,1,0,3,2,23,38,37.1,"https://stats.nba.com/media/img/teams/logos/season/2024-25/BOS_logo.svg","https://stats.nba.com/player/1628369","https://ak-static.cms.nba.com/wp-content/uploads/headshots/nba/latest/260x190/1628369.png","https://ak-static.cms.nba.com/wp-content/uploads/headshots/nba/latest/260x190/1628369.png","https://stats.nba.com/media/players/700/1628369.png","https://ak-static.cms.nba.com/wp-content/uploads/headshots/nba/latest/260x190/1628369.png"
"337",2025,"2024-25","NBA","Regular Season",2024-12-31,22400449,33,"Boston Celtics",1610612738,FALSE,TRUE,FALSE,"H","BOS vs. TOR","BOS",1,1,"TOR","BOS","TOR","W","Jrue Holiday",27,7,1,201950,TRUE,5,8,0.625,4,5,0.8,NA,TRUE,1,3,0.333333333333333,25,0,0,1,0,1,4,3,0,0,0,14,25,30.2,"https://stats.nba.com/media/img/teams/logos/season/2024-25/BOS_logo.svg","https://stats.nba.com/player/201950","https://stats.nba.com/media/players/230x185/201950.png","https://ak-static.cms.nba.com/wp-content/uploads/headshots/nba/latest/260x190/201950.png","https://stats.nba.com/media/players/700/201950.png","https://ak-static.cms.nba.com/wp-content/uploads/headshots/nba/latest/260x190/201950.png"
"338",2025,"2024-25","NBA","Regular Season",2024-12-31,22400449,33,"Boston Celtics",1610612738,FALSE,TRUE,FALSE,"H","BOS vs. TOR","BOS",1,1,"TOR","BOS","TOR","W","Derrick White",32,1,1,1628401,TRUE,6,8,0.75,3,3,1,0.5,TRUE,3,5,0.6,27,1,2,0,4,4,3,1,4,2,2,16,29,38.3,"https://stats.nba.com/media/img/teams/logos/season/2024-25/BOS_logo.svg","https://stats.nba.com/player/1628401","https://ak-static.cms.nba.com/wp-content/uploads/headshots/nba/latest/260x190/1628401.png","https://ak-static.cms.nba.com/wp-content/uploads/headshots/nba/latest/260x190/1628401.png","https://stats.nba.com/media/players/700/1628401.png","https://ak-static.cms.nba.com/wp-content/uploads/headshots/nba/latest/260x190/1628401.png"
"339",2025,"2024-25","NBA","Regular Season",2024-12-31,22400449,33,"Boston Celtics",1610612738,FALSE,TRUE,FALSE,"H","BOS vs. TOR","BOS",1,1,"TOR","BOS","TOR","W","Neemias Queta",27,1,1,1629674,TRUE,4,5,0.8,0,0,0,NA,TRUE,4,5,0.8,19,0,0,3,1,4,0,1,2,0,1,8,16,21.8,"https://stats.nba.com/media/img/teams/logos/season/2024-25/BOS_logo.svg","https://stats.nba.com/player/1629674","https://ak-static.cms.nba.com/wp-content/uploads/headshots/nba/latest/260x190/1629674.png","https://ak-static.cms.nba.com/wp-content/uploads/headshots/nba/latest/260x190/1629674.png","https://stats.nba.com/media/players/700/1629674.png","https://stats.nba.com/media/img/league/nba-headshot-fallback.png"
"340",2025,"2024-25","NBA","Regular Season",2024-12-31,22400449,33,"Boston Celtics",1610612738,FALSE,TRUE,FALSE,"H","BOS vs. TOR","BOS",1,1,"TOR","BOS","TOR","W","Jaden Springer",13,1,2,1630531,TRUE,1,1,1,0,0,0,NA,TRUE,1,1,1,6,0,0,0,0,0,1,0,0,1,1,2,6,2.5,"https://stats.nba.com/media/img/teams/logos/season/2024-25/BOS_logo.svg","https://stats.nba.com/player/1630531","https://ak-static.cms.nba.com/wp-content/uploads/headshots/nba/latest/260x190/1630531.png","https://ak-static.cms.nba.com/wp-content/uploads/headshots/nba/latest/260x190/1630531.png","https://stats.nba.com/media/players/700/1630531.png","https://stats.nba.com/media/img/league/nba-headshot-fallback.png"
"341",2025,"2024-25","NBA","Regular Season",2024-12-31,22400449,33,"Boston Celtics",1610612738,FALSE,TRUE,FALSE,"H","BOS vs. TOR","BOS",1,1,"TOR","BOS","TOR","W","Xavier Tillman",21,1,2,1630214,TRUE,1,1,1,0,0,0,NA,TRUE,1,1,1,9,0,0,0,0,0,0,2,1,0,0,2,10,11,"https://stats.nba.com/media/img/teams/logos/season/2024-25/BOS_logo.svg","https://stats.nba.com/player/1630214","https://ak-static.cms.nba.com/wp-content/uploads/headshots/nba/latest/260x190/1630214.png","https://ak-static.cms.nba.com/wp-content/uploads/headshots/nba/latest/260x190/1630214.png","https://stats.nba.com/media/players/700/1630214.png","https://stats.nba.com/media/img/league/nba-headshot-fallback.png"
"342",2025,"2024-25","NBA","Regular Season",2024-12-31,22400449,33,"Boston Celtics",1610612738,FALSE,TRUE,FALSE,"H","BOS vs. TOR","BOS",1,1,"TOR","BOS","TOR","W","Payton Pritchard",33,1,1,1630202,TRUE,7,13,0.538,5,8,0.625,NA,TRUE,2,5,0.4,23,0,0,1,5,6,4,3,0,2,1,19,36,39.2,"https://stats.nba.com/media/img/teams/logos/season/2024-25/BOS_logo.svg","https://stats.nba.com/player/1630202","https://ak-static.cms.nba.com/wp-content/uploads/headshots/nba/latest/260x190/1630202.png","https://ak-static.cms.nba.com/wp-content/uploads/headshots/nba/latest/260x190/1630202.png","https://stats.nba.com/media/players/700/1630202.png","https://stats.nba.com/media/img/league/nba-headshot-fallback.png"
"343",2025,"2024-25","NBA","Regular Season",2024-12-31,22400449,33,"Boston Celtics",1610612738,FALSE,TRUE,FALSE,"H","BOS vs. TOR","BOS",1,1,"TOR","BOS","TOR","W","Sam Hauser",26,1,1,1630573,TRUE,4,7,0.571,4,7,0.571428571428571,NA,TRUE,0,0,0,18,0,0,0,2,2,1,0,0,0,0,12,28,15.9,"https://stats.nba.com/media/img/teams/logos/season/2024-25/BOS_logo.svg","https://stats.nba.com/player/1630573","https://ak-static.cms.nba.com/wp-content/uploads/headshots/nba/latest/260x190/1630573.png","https://ak-static.cms.nba.com/wp-content/uploads/headshots/nba/latest/260x190/1630573.png","https://stats.nba.com/media/players/700/1630573.png","https://stats.nba.com/media/img/league/nba-headshot-fallback.png"
"344",2025,"2024-25","NBA","Regular Season",2024-12-31,22400449,33,"Boston Celtics",1610612738,FALSE,TRUE,FALSE,"H","BOS vs. TOR","BOS",1,1,"TOR","BOS","TOR","W","Jordan Walsh",24,1,1,1641775,TRUE,4,6,0.667,1,1,1,0.5,TRUE,3,5,0.6,12,1,2,0,1,1,2,0,0,0,1,10,17,14.2,"https://stats.nba.com/media/img/teams/logos/season/2024-25/BOS_logo.svg","https://stats.nba.com/player/1641775","https://ak-static.cms.nba.com/wp-content/uploads/headshots/nba/latest/260x190/1641775.png","https://ak-static.cms.nba.com/wp-content/uploads/headshots/nba/latest/260x190/1641775.png","https://stats.nba.com/media/players/700/1641775.png","https://stats.nba.com/media/img/league/nba-headshot-fallback.png"
"345",2025,"2024-25","NBA","Regular Season",2024-12-31,22400449,33,"Boston Celtics",1610612738,FALSE,TRUE,FALSE,"H","BOS vs. TOR","BOS",1,1,"TOR","BOS","TOR","W","Al Horford",26,1,1,201143,TRUE,0,7,0,0,6,0,NA,TRUE,0,1,0,21,0,0,0,6,6,4,2,0,0,1,0,20,19.2,"https://stats.nba.com/media/img/teams/logos/season/2024-25/BOS_logo.svg","https://stats.nba.com/player/201143","https://stats.nba.com/media/players/230x185/201143.png","https://ak-static.cms.nba.com/wp-content/uploads/headshots/nba/latest/260x190/201143.png","https://stats.nba.com/media/players/700/201143.png","https://ak-static.cms.nba.com/wp-content/uploads/headshots/nba/latest/260x190/201143.png"
"346",2025,"2024-25","NBA","Regular Season",2025-01-02,22400464,34,"Boston Celtics",1610612738,TRUE,FALSE,FALSE,"A","BOS @ MIN","BOS",1,0,"MIN","BOS","MIN","W","Al Horford",27,1,2,201143,TRUE,4,8,0.5,1,5,0.2,NA,TRUE,3,3,1,35,0,0,3,2,5,4,0,2,0,2,9,-2,27,"https://stats.nba.com/media/img/teams/logos/season/2024-25/BOS_logo.svg","https://stats.nba.com/player/201143","https://stats.nba.com/media/players/230x185/201143.png","https://ak-static.cms.nba.com/wp-content/uploads/headshots/nba/latest/260x190/201143.png","https://stats.nba.com/media/players/700/201143.png","https://ak-static.cms.nba.com/wp-content/uploads/headshots/nba/latest/260x190/201143.png"
"347",2025,"2024-25","NBA","Regular Season",2025-01-02,22400464,34,"Boston Celtics",1610612738,TRUE,FALSE,FALSE,"A","BOS @ MIN","BOS",1,0,"MIN","BOS","MIN","W","Payton Pritchard",34,1,0,1630202,TRUE,3,8,0.375,2,6,0.333333333333333,0.5,TRUE,1,2,0.5,25,1,2,1,1,2,4,1,0,0,1,9,5,20.4,"https://stats.nba.com/media/img/teams/logos/season/2024-25/BOS_logo.svg","https://stats.nba.com/player/1630202","https://ak-static.cms.nba.com/wp-content/uploads/headshots/nba/latest/260x190/1630202.png","https://ak-static.cms.nba.com/wp-content/uploads/headshots/nba/latest/260x190/1630202.png","https://stats.nba.com/media/players/700/1630202.png","https://stats.nba.com/media/img/league/nba-headshot-fallback.png"
"348",2025,"2024-25","NBA","Regular Season",2025-01-02,22400464,34,"Boston Celtics",1610612738,TRUE,FALSE,FALSE,"A","BOS @ MIN","BOS",1,0,"MIN","BOS","MIN","W","Jordan Walsh",25,1,0,1641775,TRUE,0,1,0,0,1,0,NA,TRUE,0,0,0,7,0,0,0,0,0,0,1,0,0,0,0,-2,3,"https://stats.nba.com/media/img/teams/logos/season/2024-25/BOS_logo.svg","https://stats.nba.com/player/1641775","https://ak-static.cms.nba.com/wp-content/uploads/headshots/nba/latest/260x190/1641775.png","https://ak-static.cms.nba.com/wp-content/uploads/headshots/nba/latest/260x190/1641775.png","https://stats.nba.com/media/players/700/1641775.png","https://stats.nba.com/media/img/league/nba-headshot-fallback.png"
"349",2025,"2024-25","NBA","Regular Season",2025-01-02,22400464,34,"Boston Celtics",1610612738,TRUE,FALSE,FALSE,"A","BOS @ MIN","BOS",1,0,"MIN","BOS","MIN","W","Derrick White",33,1,0,1628401,TRUE,10,20,0.5,5,10,0.5,1,TRUE,5,10,0.5,37,1,1,0,2,2,2,0,2,0,2,26,3,37.4,"https://stats.nba.com/media/img/teams/logos/season/2024-25/BOS_logo.svg","https://stats.nba.com/player/1628401","https://ak-static.cms.nba.com/wp-content/uploads/headshots/nba/latest/260x190/1628401.png","https://ak-static.cms.nba.com/wp-content/uploads/headshots/nba/latest/260x190/1628401.png","https://stats.nba.com/media/players/700/1628401.png","https://ak-static.cms.nba.com/wp-content/uploads/headshots/nba/latest/260x190/1628401.png"
"350",2025,"2024-25","NBA","Regular Season",2025-01-02,22400464,34,"Boston Celtics",1610612738,TRUE,FALSE,FALSE,"A","BOS @ MIN","BOS",1,0,"MIN","BOS","MIN","W","Luke Kornet",28,1,0,1628436,TRUE,3,3,1,0,0,0,1,TRUE,3,3,1,11,1,1,0,3,3,1,1,0,0,3,7,0,15.1,"https://stats.nba.com/media/img/teams/logos/season/2024-25/BOS_logo.svg","https://stats.nba.com/player/1628436","https://ak-static.cms.nba.com/wp-content/uploads/headshots/nba/latest/260x190/1628436.png","https://ak-static.cms.nba.com/wp-content/uploads/headshots/nba/latest/260x190/1628436.png","https://stats.nba.com/media/players/700/1628436.png","https://ak-static.cms.nba.com/wp-content/uploads/headshots/nba/latest/260x190/1628436.png"
"351",2025,"2024-25","NBA","Regular Season",2025-01-02,22400464,34,"Boston Celtics",1610612738,TRUE,FALSE,FALSE,"A","BOS @ MIN","BOS",1,0,"MIN","BOS","MIN","W","Neemias Queta",28,1,0,1629674,TRUE,4,5,0.8,0,0,0,NA,TRUE,4,5,0.8,22,0,0,3,2,5,0,1,0,1,1,8,17,16,"https://stats.nba.com/media/img/teams/logos/season/2024-25/BOS_logo.svg","https://stats.nba.com/player/1629674","https://ak-static.cms.nba.com/wp-content/uploads/headshots/nba/latest/260x190/1629674.png","https://ak-static.cms.nba.com/wp-content/uploads/headshots/nba/latest/260x190/1629674.png","https://stats.nba.com/media/players/700/1629674.png","https://stats.nba.com/media/img/league/nba-headshot-fallback.png"
"352",2025,"2024-25","NBA","Regular Season",2025-01-02,22400464,34,"Boston Celtics",1610612738,TRUE,FALSE,FALSE,"A","BOS @ MIN","BOS",1,0,"MIN","BOS","MIN","W","Sam Hauser",27,1,0,1630573,TRUE,5,11,0.455,5,11,0.454545454545455,NA,TRUE,0,0,0,27,0,0,1,2,3,2,0,0,0,1,15,-10,21.6,"https://stats.nba.com/media/img/teams/logos/season/2024-25/BOS_logo.svg","https://stats.nba.com/player/1630573","https://ak-static.cms.nba.com/wp-content/uploads/headshots/nba/latest/260x190/1630573.png","https://ak-static.cms.nba.com/wp-content/uploads/headshots/nba/latest/260x190/1630573.png","https://stats.nba.com/media/players/700/1630573.png","https://stats.nba.com/media/img/league/nba-headshot-fallback.png"
"353",2025,"2024-25","NBA","Regular Season",2025-01-02,22400464,34,"Boston Celtics",1610612738,TRUE,FALSE,FALSE,"A","BOS @ MIN","BOS",1,0,"MIN","BOS","MIN","W","Jayson Tatum",31,1,0,1628369,TRUE,13,27,0.481,6,17,0.352941176470588,0.5,TRUE,7,10,0.7,38,1,2,0,8,8,9,3,0,2,2,33,3,63.1,"https://stats.nba.com/media/img/teams/logos/season/2024-25/BOS_logo.svg","https://stats.nba.com/player/1628369","https://ak-static.cms.nba.com/wp-content/uploads/headshots/nba/latest/260x190/1628369.png","https://ak-static.cms.nba.com/wp-content/uploads/headshots/nba/latest/260x190/1628369.png","https://stats.nba.com/media/players/700/1628369.png","https://ak-static.cms.nba.com/wp-content/uploads/headshots/nba/latest/260x190/1628369.png"
"354",2025,"2024-25","NBA","Regular Season",2025-01-02,22400464,34,"Boston Celtics",1610612738,TRUE,FALSE,FALSE,"A","BOS @ MIN","BOS",1,0,"MIN","BOS","MIN","W","Jrue Holiday",28,1,0,201950,TRUE,4,9,0.444,3,7,0.428571428571429,NA,TRUE,1,2,0.5,39,0,0,2,1,3,8,2,0,0,4,11,1,32.6,"https://stats.nba.com/media/img/teams/logos/season/2024-25/BOS_logo.svg","https://stats.nba.com/player/201950","https://stats.nba.com/media/players/230x185/201950.png","https://ak-static.cms.nba.com/wp-content/uploads/headshots/nba/latest/260x190/201950.png","https://stats.nba.com/media/players/700/201950.png","https://ak-static.cms.nba.com/wp-content/uploads/headshots/nba/latest/260x190/201950.png"
"355",2025,"2024-25","NBA","Regular Season",2025-01-03,22400471,35,"Boston Celtics",1610612738,TRUE,FALSE,TRUE,"A","BOS @ HOU","BOS",0,1,"HOU","BOS","HOU","W","Xavier Tillman",22,2,6,1630214,TRUE,0,0,NA,0,0,0,NA,TRUE,0,0,0,5,0,0,0,0,0,0,1,1,1,0,0,2,5,"https://stats.nba.com/media/img/teams/logos/season/2024-25/BOS_logo.svg","https://stats.nba.com/player/1630214","https://ak-static.cms.nba.com/wp-content/uploads/headshots/nba/latest/260x190/1630214.png","https://ak-static.cms.nba.com/wp-content/uploads/headshots/nba/latest/260x190/1630214.png","https://stats.nba.com/media/players/700/1630214.png","https://stats.nba.com/media/img/league/nba-headshot-fallback.png"
"356",2025,"2024-25","NBA","Regular Season",2025-01-03,22400471,35,"Boston Celtics",1610612738,TRUE,FALSE,TRUE,"A","BOS @ HOU","BOS",0,1,"HOU","BOS","HOU","W","Jrue Holiday",29,0,1,201950,TRUE,5,9,0.556,2,5,0.4,1,TRUE,3,4,0.75,28,2,2,0,4,4,3,1,1,2,0,14,16,27.3,"https://stats.nba.com/media/img/teams/logos/season/2024-25/BOS_logo.svg","https://stats.nba.com/player/201950","https://stats.nba.com/media/players/230x185/201950.png","https://ak-static.cms.nba.com/wp-content/uploads/headshots/nba/latest/260x190/201950.png","https://stats.nba.com/media/players/700/201950.png","https://ak-static.cms.nba.com/wp-content/uploads/headshots/nba/latest/260x190/201950.png"
"357",2025,"2024-25","NBA","Regular Season",2025-01-03,22400471,35,"Boston Celtics",1610612738,TRUE,FALSE,TRUE,"A","BOS @ HOU","BOS",0,1,"HOU","BOS","HOU","W","Luke Kornet",29,0,1,1628436,TRUE,4,7,0.571,0,0,0,0.25,TRUE,4,7,0.571428571428571,24,1,4,6,4,10,4,1,1,1,2,9,23,32,"https://stats.nba.com/media/img/teams/logos/season/2024-25/BOS_logo.svg","https://stats.nba.com/player/1628436","https://ak-static.cms.nba.com/wp-content/uploads/headshots/nba/latest/260x190/1628436.png","https://ak-static.cms.nba.com/wp-content/uploads/headshots/nba/latest/260x190/1628436.png","https://stats.nba.com/media/players/700/1628436.png","https://ak-static.cms.nba.com/wp-content/uploads/headshots/nba/latest/260x190/1628436.png"
"358",2025,"2024-25","NBA","Regular Season",2025-01-03,22400471,35,"Boston Celtics",1610612738,TRUE,FALSE,TRUE,"A","BOS @ HOU","BOS",0,1,"HOU","BOS","HOU","W","Neemias Queta",29,0,3,1629674,TRUE,2,3,0.667,0,0,0,0.5,TRUE,2,3,0.666666666666667,20,1,2,1,1,2,1,0,0,1,4,5,1,7.9,"https://stats.nba.com/media/img/teams/logos/season/2024-25/BOS_logo.svg","https://stats.nba.com/player/1629674","https://ak-static.cms.nba.com/wp-content/uploads/headshots/nba/latest/260x190/1629674.png","https://ak-static.cms.nba.com/wp-content/uploads/headshots/nba/latest/260x190/1629674.png","https://stats.nba.com/media/players/700/1629674.png","https://stats.nba.com/media/img/league/nba-headshot-fallback.png"
"359",2025,"2024-25","NBA","Regular Season",2025-01-03,22400471,35,"Boston Celtics",1610612738,TRUE,FALSE,TRUE,"A","BOS @ HOU","BOS",0,1,"HOU","BOS","HOU","W","Payton Pritchard",35,0,1,1630202,TRUE,8,10,0.8,4,6,0.666666666666667,NA,TRUE,4,4,1,32,0,0,1,3,4,2,0,1,0,1,20,21,30.8,"https://stats.nba.com/media/img/teams/logos/season/2024-25/BOS_logo.svg","https://stats.nba.com/player/1630202","https://ak-static.cms.nba.com/wp-content/uploads/headshots/nba/latest/260x190/1630202.png","https://ak-static.cms.nba.com/wp-content/uploads/headshots/nba/latest/260x190/1630202.png","https://stats.nba.com/media/players/700/1630202.png","https://stats.nba.com/media/img/league/nba-headshot-fallback.png"
"360",2025,"2024-25","NBA","Regular Season",2025-01-03,22400471,35,"Boston Celtics",1610612738,TRUE,FALSE,TRUE,"A","BOS @ HOU","BOS",0,1,"HOU","BOS","HOU","W","Jaden Springer",14,2,3,1630531,TRUE,0,0,NA,0,0,0,1,TRUE,0,0,0,4,2,2,0,0,0,0,1,0,0,2,2,2,5,"https://stats.nba.com/media/img/teams/logos/season/2024-25/BOS_logo.svg","https://stats.nba.com/player/1630531","https://ak-static.cms.nba.com/wp-content/uploads/headshots/nba/latest/260x190/1630531.png","https://ak-static.cms.nba.com/wp-content/uploads/headshots/nba/latest/260x190/1630531.png","https://stats.nba.com/media/players/700/1630531.png","https://stats.nba.com/media/img/league/nba-headshot-fallback.png"
"361",2025,"2024-25","NBA","Regular Season",2025-01-03,22400471,35,"Boston Celtics",1610612738,TRUE,FALSE,TRUE,"A","BOS @ HOU","BOS",0,1,"HOU","BOS","HOU","W","Sam Hauser",28,0,1,1630573,TRUE,0,1,0,0,1,0,NA,TRUE,0,0,0,19,0,0,0,3,3,0,1,0,0,0,0,2,6.6,"https://stats.nba.com/media/img/teams/logos/season/2024-25/BOS_logo.svg","https://stats.nba.com/player/1630573","https://ak-static.cms.nba.com/wp-content/uploads/headshots/nba/latest/260x190/1630573.png","https://ak-static.cms.nba.com/wp-content/uploads/headshots/nba/latest/260x190/1630573.png","https://stats.nba.com/media/players/700/1630573.png","https://stats.nba.com/media/img/league/nba-headshot-fallback.png"
"362",2025,"2024-25","NBA","Regular Season",2025-01-03,22400471,35,"Boston Celtics",1610612738,TRUE,FALSE,TRUE,"A","BOS @ HOU","BOS",0,1,"HOU","BOS","HOU","W","Jordan Walsh",26,0,11,1641775,TRUE,0,2,0,0,1,0,NA,TRUE,0,1,0,9,0,0,0,2,2,0,0,0,2,0,0,-2,0.4,"https://stats.nba.com/media/img/teams/logos/season/2024-25/BOS_logo.svg","https://stats.nba.com/player/1641775","https://ak-static.cms.nba.com/wp-content/uploads/headshots/nba/latest/260x190/1641775.png","https://ak-static.cms.nba.com/wp-content/uploads/headshots/nba/latest/260x190/1641775.png","https://stats.nba.com/media/players/700/1641775.png","https://stats.nba.com/media/img/league/nba-headshot-fallback.png"
"363",2025,"2024-25","NBA","Regular Season",2025-01-03,22400471,35,"Boston Celtics",1610612738,TRUE,FALSE,TRUE,"A","BOS @ HOU","BOS",0,1,"HOU","BOS","HOU","W","Derrick White",34,0,1,1628401,TRUE,8,16,0.5,6,12,0.5,0.5,TRUE,2,4,0.5,35,1,2,2,2,4,2,0,2,3,0,23,27,33.8,"https://stats.nba.com/media/img/teams/logos/season/2024-25/BOS_logo.svg","https://stats.nba.com/player/1628401","https://ak-static.cms.nba.com/wp-content/uploads/headshots/nba/latest/260x190/1628401.png","https://ak-static.cms.nba.com/wp-content/uploads/headshots/nba/latest/260x190/1628401.png","https://stats.nba.com/media/players/700/1628401.png","https://ak-static.cms.nba.com/wp-content/uploads/headshots/nba/latest/260x190/1628401.png"
"364",2025,"2024-25","NBA","Regular Season",2025-01-03,22400471,35,"Boston Celtics",1610612738,TRUE,FALSE,TRUE,"A","BOS @ HOU","BOS",0,1,"HOU","BOS","HOU","W","Kristaps Porziņģis",12,8,1,204001,TRUE,3,8,0.375,2,3,0.666666666666667,0.75,TRUE,1,5,0.2,28,3,4,1,4,5,2,0,2,1,3,11,10,25,"https://stats.nba.com/media/img/teams/logos/season/2024-25/BOS_logo.svg","https://stats.nba.com/player/204001","https://stats.nba.com/media/players/230x185/204001.png","https://ak-static.cms.nba.com/wp-content/uploads/headshots/nba/latest/260x190/204001.png","https://stats.nba.com/media/players/700/204001.png","https://ak-static.cms.nba.com/wp-content/uploads/headshots/nba/latest/260x190/204001.png"
"365",2025,"2024-25","NBA","Regular Season",2025-01-03,22400471,35,"Boston Celtics",1610612738,TRUE,FALSE,TRUE,"A","BOS @ HOU","BOS",0,1,"HOU","BOS","HOU","W","Jayson Tatum",32,0,1,1628369,TRUE,7,19,0.368,4,10,0.4,1,TRUE,3,9,0.333333333333333,33,2,2,1,5,6,5,1,0,3,1,20,11,34.7,"https://stats.nba.com/media/img/teams/logos/season/2024-25/BOS_logo.svg","https://stats.nba.com/player/1628369","https://ak-static.cms.nba.com/wp-content/uploads/headshots/nba/latest/260x190/1628369.png","https://ak-static.cms.nba.com/wp-content/uploads/headshots/nba/latest/260x190/1628369.png","https://stats.nba.com/media/players/700/1628369.png","https://ak-static.cms.nba.com/wp-content/uploads/headshots/nba/latest/260x190/1628369.png"
"366",2025,"2024-25","NBA","Regular Season",2025-01-03,22400471,35,"Boston Celtics",1610612738,TRUE,FALSE,TRUE,"A","BOS @ HOU","BOS",0,1,"HOU","BOS","HOU","W","Drew Peterson",11,2,23,1641809,TRUE,2,2,1,1,1,1,NA,TRUE,1,1,1,5,0,0,0,1,1,1,0,0,0,0,5,2,7.7,"https://stats.nba.com/media/img/teams/logos/season/2024-25/BOS_logo.svg","https://stats.nba.com/player/1641809","https://ak-static.cms.nba.com/wp-content/uploads/headshots/nba/latest/260x190/1641809.png","https://ak-static.cms.nba.com/wp-content/uploads/headshots/nba/latest/260x190/1641809.png","https://stats.nba.com/media/players/700/1641809.png","https://stats.nba.com/media/img/league/nba-headshot-fallback.png"
"367",2025,"2024-25","NBA","Regular Season",2025-01-05,22400487,36,"Boston Celtics",1610612738,FALSE,FALSE,FALSE,"A","BOS @ OKC","BOS",1,1,"OKC","OKC","BOS","L","Jaylen Brown",29,4,1,1627759,FALSE,8,19,0.421,1,6,0.166666666666667,1,TRUE,7,13,0.538461538461538,40,4,4,0,4,4,3,1,1,3,2,21,-7,33.3,"https://stats.nba.com/media/img/teams/logos/season/2024-25/BOS_logo.svg","https://stats.nba.com/player/1627759","https://stats.nba.com/media/players/230x185/1627759.png","https://ak-static.cms.nba.com/wp-content/uploads/headshots/nba/latest/260x190/1627759.png","https://stats.nba.com/media/players/700/1627759.png","https://ak-static.cms.nba.com/wp-content/uploads/headshots/nba/latest/260x190/1627759.png"
"368",2025,"2024-25","NBA","Regular Season",2025-01-05,22400487,36,"Boston Celtics",1610612738,FALSE,FALSE,FALSE,"A","BOS @ OKC","BOS",1,1,"OKC","OKC","BOS","L","Luke Kornet",30,1,1,1628436,FALSE,2,2,1,0,0,0,NA,TRUE,2,2,1,15,0,0,1,3,4,0,0,1,0,2,4,-2,11.8,"https://stats.nba.com/media/img/teams/logos/season/2024-25/BOS_logo.svg","https://stats.nba.com/player/1628436","https://ak-static.cms.nba.com/wp-content/uploads/headshots/nba/latest/260x190/1628436.png","https://ak-static.cms.nba.com/wp-content/uploads/headshots/nba/latest/260x190/1628436.png","https://stats.nba.com/media/players/700/1628436.png","https://ak-static.cms.nba.com/wp-content/uploads/headshots/nba/latest/260x190/1628436.png"
"369",2025,"2024-25","NBA","Regular Season",2025-01-05,22400487,36,"Boston Celtics",1610612738,FALSE,FALSE,FALSE,"A","BOS @ OKC","BOS",1,1,"OKC","OKC","BOS","L","Sam Hauser",29,1,1,1630573,FALSE,1,5,0.2,1,5,0.2,NA,TRUE,0,0,0,11,0,0,0,1,1,0,0,0,0,1,3,-4,4.2,"https://stats.nba.com/media/img/teams/logos/season/2024-25/BOS_logo.svg","https://stats.nba.com/player/1630573","https://ak-static.cms.nba.com/wp-content/uploads/headshots/nba/latest/260x190/1630573.png","https://ak-static.cms.nba.com/wp-content/uploads/headshots/nba/latest/260x190/1630573.png","https://stats.nba.com/media/players/700/1630573.png","https://stats.nba.com/media/img/league/nba-headshot-fallback.png"
"370",2025,"2024-25","NBA","Regular Season",2025-01-05,22400487,36,"Boston Celtics",1610612738,FALSE,FALSE,FALSE,"A","BOS @ OKC","BOS",1,1,"OKC","OKC","BOS","L","Al Horford",28,2,1,201143,FALSE,2,6,0.333,2,5,0.4,NA,TRUE,0,1,0,25,0,0,2,6,8,1,1,0,2,1,6,-1,18.1,"https://stats.nba.com/media/img/teams/logos/season/2024-25/BOS_logo.svg","https://stats.nba.com/player/201143","https://stats.nba.com/media/players/230x185/201143.png","https://ak-static.cms.nba.com/wp-content/uploads/headshots/nba/latest/260x190/201143.png","https://stats.nba.com/media/players/700/201143.png","https://ak-static.cms.nba.com/wp-content/uploads/headshots/nba/latest/260x190/201143.png"
"371",2025,"2024-25","NBA","Regular Season",2025-01-05,22400487,36,"Boston Celtics",1610612738,FALSE,FALSE,FALSE,"A","BOS @ OKC","BOS",1,1,"OKC","OKC","BOS","L","Jrue Holiday",30,1,1,201950,FALSE,1,6,0.167,0,4,0,NA,TRUE,1,2,0.5,34,0,0,3,4,7,6,0,0,2,4,2,-11,17.4,"https://stats.nba.com/media/img/teams/logos/season/2024-25/BOS_logo.svg","https://stats.nba.com/player/201950","https://stats.nba.com/media/players/230x185/201950.png","https://ak-static.cms.nba.com/wp-content/uploads/headshots/nba/latest/260x190/201950.png","https://stats.nba.com/media/players/700/201950.png","https://ak-static.cms.nba.com/wp-content/uploads/headshots/nba/latest/260x190/201950.png"
"372",2025,"2024-25","NBA","Regular Season",2025-01-05,22400487,36,"Boston Celtics",1610612738,FALSE,FALSE,FALSE,"A","BOS @ OKC","BOS",1,1,"OKC","OKC","BOS","L","Kristaps Porziņģis",13,1,1,204001,FALSE,6,12,0.5,1,6,0.166666666666667,1,TRUE,5,6,0.833333333333333,29,6,6,4,5,9,1,1,0,4,5,19,-17,30.3,"https://stats.nba.com/media/img/teams/logos/season/2024-25/BOS_logo.svg","https://stats.nba.com/player/204001","https://stats.nba.com/media/players/230x185/204001.png","https://ak-static.cms.nba.com/wp-content/uploads/headshots/nba/latest/260x190/204001.png","https://stats.nba.com/media/players/700/204001.png","https://ak-static.cms.nba.com/wp-content/uploads/headshots/nba/latest/260x190/204001.png"
"373",2025,"2024-25","NBA","Regular Season",2025-01-05,22400487,36,"Boston Celtics",1610612738,FALSE,FALSE,FALSE,"A","BOS @ OKC","BOS",1,1,"OKC","OKC","BOS","L","Payton Pritchard",36,1,1,1630202,FALSE,0,5,0,0,3,0,NA,TRUE,0,2,0,11,0,0,1,0,1,1,0,0,0,1,0,-3,2.7,"https://stats.nba.com/media/img/teams/logos/season/2024-25/BOS_logo.svg","https://stats.nba.com/player/1630202","https://ak-static.cms.nba.com/wp-content/uploads/headshots/nba/latest/260x190/1630202.png","https://ak-static.cms.nba.com/wp-content/uploads/headshots/nba/latest/260x190/1630202.png","https://stats.nba.com/media/players/700/1630202.png","https://stats.nba.com/media/img/league/nba-headshot-fallback.png"
"374",2025,"2024-25","NBA","Regular Season",2025-01-05,22400487,36,"Boston Celtics",1610612738,FALSE,FALSE,FALSE,"A","BOS @ OKC","BOS",1,1,"OKC","OKC","BOS","L","Jayson Tatum",33,1,1,1628369,FALSE,7,17,0.412,2,6,0.333333333333333,0.833,TRUE,5,11,0.454545454545455,39,10,12,1,9,10,1,2,0,2,1,26,-12,43.5,"https://stats.nba.com/media/img/teams/logos/season/2024-25/BOS_logo.svg","https://stats.nba.com/player/1628369","https://ak-static.cms.nba.com/wp-content/uploads/headshots/nba/latest/260x190/1628369.png","https://ak-static.cms.nba.com/wp-content/uploads/headshots/nba/latest/260x190/1628369.png","https://stats.nba.com/media/players/700/1628369.png","https://ak-static.cms.nba.com/wp-content/uploads/headshots/nba/latest/260x190/1628369.png"
"375",2025,"2024-25","NBA","Regular Season",2025-01-05,22400487,36,"Boston Celtics",1610612738,FALSE,FALSE,FALSE,"A","BOS @ OKC","BOS",1,1,"OKC","OKC","BOS","L","Derrick White",35,1,4,1628401,FALSE,4,13,0.308,2,11,0.181818181818182,0.5,TRUE,2,2,1,37,1,2,0,4,4,4,1,3,3,1,11,-8,30.8,"https://stats.nba.com/media/img/teams/logos/season/2024-25/BOS_logo.svg","https://stats.nba.com/player/1628401","https://ak-static.cms.nba.com/wp-content/uploads/headshots/nba/latest/260x190/1628401.png","https://ak-static.cms.nba.com/wp-content/uploads/headshots/nba/latest/260x190/1628401.png","https://stats.nba.com/media/players/700/1628401.png","https://ak-static.cms.nba.com/wp-content/uploads/headshots/nba/latest/260x190/1628401.png"
"376",2025,"2024-25","NBA","Regular Season",2025-01-07,22400507,37,"Boston Celtics",1610612738,FALSE,FALSE,FALSE,"A","BOS @ DEN","BOS",1,2,"DEN","BOS","DEN","W","Jrue Holiday",31,1,2,201950,TRUE,6,12,0.5,3,7,0.428571428571429,1,TRUE,3,5,0.6,32,4,4,0,3,3,7,2,1,0,1,19,10,42.1,"https://stats.nba.com/media/img/teams/logos/season/2024-25/BOS_logo.svg","https://stats.nba.com/player/201950","https://stats.nba.com/media/players/230x185/201950.png","https://ak-static.cms.nba.com/wp-content/uploads/headshots/nba/latest/260x190/201950.png","https://stats.nba.com/media/players/700/201950.png","https://ak-static.cms.nba.com/wp-content/uploads/headshots/nba/latest/260x190/201950.png"
"377",2025,"2024-25","NBA","Regular Season",2025-01-07,22400507,37,"Boston Celtics",1610612738,FALSE,FALSE,FALSE,"A","BOS @ DEN","BOS",1,2,"DEN","BOS","DEN","W","Jayson Tatum",34,1,2,1628369,TRUE,11,23,0.478,1,9,0.111111111111111,1,TRUE,10,14,0.714285714285714,38,6,6,0,4,4,6,1,2,2,2,29,23,49.8,"https://stats.nba.com/media/img/teams/logos/season/2024-25/BOS_logo.svg","https://stats.nba.com/player/1628369","https://ak-static.cms.nba.com/wp-content/uploads/headshots/nba/latest/260x190/1628369.png","https://ak-static.cms.nba.com/wp-content/uploads/headshots/nba/latest/260x190/1628369.png","https://stats.nba.com/media/players/700/1628369.png","https://ak-static.cms.nba.com/wp-content/uploads/headshots/nba/latest/260x190/1628369.png"
"378",2025,"2024-25","NBA","Regular Season",2025-01-07,22400507,37,"Boston Celtics",1610612738,FALSE,FALSE,FALSE,"A","BOS @ DEN","BOS",1,2,"DEN","BOS","DEN","W","Luke Kornet",31,1,2,1628436,TRUE,1,1,1,0,0,0,NA,TRUE,1,1,1,18,0,0,1,2,3,1,0,2,0,2,2,5,13.1,"https://stats.nba.com/media/img/teams/logos/season/2024-25/BOS_logo.svg","https://stats.nba.com/player/1628436","https://ak-static.cms.nba.com/wp-content/uploads/headshots/nba/latest/260x190/1628436.png","https://ak-static.cms.nba.com/wp-content/uploads/headshots/nba/latest/260x190/1628436.png","https://stats.nba.com/media/players/700/1628436.png","https://ak-static.cms.nba.com/wp-content/uploads/headshots/nba/latest/260x190/1628436.png"
"379",2025,"2024-25","NBA","Regular Season",2025-01-07,22400507,37,"Boston Celtics",1610612738,FALSE,FALSE,FALSE,"A","BOS @ DEN","BOS",1,2,"DEN","BOS","DEN","W","Al Horford",29,1,2,201143,TRUE,3,5,0.6,3,5,0.6,NA,TRUE,0,0,0,34,0,0,2,5,7,0,4,0,1,1,9,15,28.4,"https://stats.nba.com/media/img/teams/logos/season/2024-25/BOS_logo.svg","https://stats.nba.com/player/201143","https://stats.nba.com/media/players/230x185/201143.png","https://ak-static.cms.nba.com/wp-content/uploads/headshots/nba/latest/260x190/201143.png","https://stats.nba.com/media/players/700/201143.png","https://ak-static.cms.nba.com/wp-content/uploads/headshots/nba/latest/260x190/201143.png"
"380",2025,"2024-25","NBA","Regular Season",2025-01-07,22400507,37,"Boston Celtics",1610612738,FALSE,FALSE,FALSE,"A","BOS @ DEN","BOS",1,2,"DEN","BOS","DEN","W","Kristaps Porziņģis",14,1,2,204001,TRUE,9,18,0.5,1,3,0.333333333333333,0.75,TRUE,8,15,0.533333333333333,34,6,8,5,6,11,3,2,1,1,1,25,14,50.7,"https://stats.nba.com/media/img/teams/logos/season/2024-25/BOS_logo.svg","https://stats.nba.com/player/204001","https://stats.nba.com/media/players/230x185/204001.png","https://ak-static.cms.nba.com/wp-content/uploads/headshots/nba/latest/260x190/204001.png","https://stats.nba.com/media/players/700/204001.png","https://ak-static.cms.nba.com/wp-content/uploads/headshots/nba/latest/260x190/204001.png"
"381",2025,"2024-25","NBA","Regular Season",2025-01-07,22400507,37,"Boston Celtics",1610612738,FALSE,FALSE,FALSE,"A","BOS @ DEN","BOS",1,2,"DEN","BOS","DEN","W","Payton Pritchard",37,1,2,1630202,TRUE,1,6,0.167,1,5,0.2,NA,TRUE,0,1,0,20,0,0,2,1,3,4,1,0,2,0,3,-4,13.6,"https://stats.nba.com/media/img/teams/logos/season/2024-25/BOS_logo.svg","https://stats.nba.com/player/1630202","https://ak-static.cms.nba.com/wp-content/uploads/headshots/nba/latest/260x190/1630202.png","https://ak-static.cms.nba.com/wp-content/uploads/headshots/nba/latest/260x190/1630202.png","https://stats.nba.com/media/players/700/1630202.png","https://stats.nba.com/media/img/league/nba-headshot-fallback.png"
"382",2025,"2024-25","NBA","Regular Season",2025-01-07,22400507,37,"Boston Celtics",1610612738,FALSE,FALSE,FALSE,"A","BOS @ DEN","BOS",1,2,"DEN","BOS","DEN","W","Jaden Springer",15,3,2,1630531,TRUE,0,0,NA,0,0,0,NA,TRUE,0,0,0,1,0,0,0,0,0,0,0,0,0,1,0,2,0,"https://stats.nba.com/media/img/teams/logos/season/2024-25/BOS_logo.svg","https://stats.nba.com/player/1630531","https://ak-static.cms.nba.com/wp-content/uploads/headshots/nba/latest/260x190/1630531.png","https://ak-static.cms.nba.com/wp-content/uploads/headshots/nba/latest/260x190/1630531.png","https://stats.nba.com/media/players/700/1630531.png","https://stats.nba.com/media/img/league/nba-headshot-fallback.png"
"383",2025,"2024-25","NBA","Regular Season",2025-01-07,22400507,37,"Boston Celtics",1610612738,FALSE,FALSE,FALSE,"A","BOS @ DEN","BOS",1,2,"DEN","BOS","DEN","W","Jaylen Brown",30,1,2,1627759,TRUE,6,13,0.462,0,1,0,1,TRUE,6,12,0.5,38,2,2,0,8,8,8,0,0,4,3,14,5,31.6,"https://stats.nba.com/media/img/teams/logos/season/2024-25/BOS_logo.svg","https://stats.nba.com/player/1627759","https://stats.nba.com/media/players/230x185/1627759.png","https://ak-static.cms.nba.com/wp-content/uploads/headshots/nba/latest/260x190/1627759.png","https://stats.nba.com/media/players/700/1627759.png","https://ak-static.cms.nba.com/wp-content/uploads/headshots/nba/latest/260x190/1627759.png"
"384",2025,"2024-25","NBA","Regular Season",2025-01-07,22400507,37,"Boston Celtics",1610612738,FALSE,FALSE,FALSE,"A","BOS @ DEN","BOS",1,2,"DEN","BOS","DEN","W","Neemias Queta",30,3,2,1629674,TRUE,4,5,0.8,0,0,0,NA,TRUE,4,5,0.8,8,0,0,0,0,0,0,1,0,0,1,8,-10,11,"https://stats.nba.com/media/img/teams/logos/season/2024-25/BOS_logo.svg","https://stats.nba.com/player/1629674","https://ak-static.cms.nba.com/wp-content/uploads/headshots/nba/latest/260x190/1629674.png","https://ak-static.cms.nba.com/wp-content/uploads/headshots/nba/latest/260x190/1629674.png","https://stats.nba.com/media/players/700/1629674.png","https://stats.nba.com/media/img/league/nba-headshot-fallback.png"
"385",2025,"2024-25","NBA","Regular Season",2025-01-07,22400507,37,"Boston Celtics",1610612738,FALSE,FALSE,FALSE,"A","BOS @ DEN","BOS",1,2,"DEN","BOS","DEN","W","Sam Hauser",30,1,2,1630573,TRUE,3,5,0.6,3,5,0.6,NA,TRUE,0,0,0,18,0,0,1,1,2,1,0,1,1,1,9,0,14.9,"https://stats.nba.com/media/img/teams/logos/season/2024-25/BOS_logo.svg","https://stats.nba.com/player/1630573","https://ak-static.cms.nba.com/wp-content/uploads/headshots/nba/latest/260x190/1630573.png","https://ak-static.cms.nba.com/wp-content/uploads/headshots/nba/latest/260x190/1630573.png","https://stats.nba.com/media/players/700/1630573.png","https://stats.nba.com/media/img/league/nba-headshot-fallback.png"
"386",2025,"2024-25","NBA","Regular Season",2025-01-10,22400528,38,"Boston Celtics",1610612738,FALSE,FALSE,FALSE,"H","BOS vs. SAC","BOS",2,1,"SAC","SAC","BOS","L","Jaylen Brown",31,2,1,1627759,FALSE,9,19,0.474,1,5,0.2,0.818,TRUE,8,14,0.571428571428571,35,9,11,1,0,1,5,1,1,1,2,28,-9,41.7,"https://stats.nba.com/media/img/teams/logos/season/2024-25/BOS_logo.svg","https://stats.nba.com/player/1627759","https://stats.nba.com/media/players/230x185/1627759.png","https://ak-static.cms.nba.com/wp-content/uploads/headshots/nba/latest/260x190/1627759.png","https://stats.nba.com/media/players/700/1627759.png","https://ak-static.cms.nba.com/wp-content/uploads/headshots/nba/latest/260x190/1627759.png"
"387",2025,"2024-25","NBA","Regular Season",2025-01-10,22400528,38,"Boston Celtics",1610612738,FALSE,FALSE,FALSE,"H","BOS vs. SAC","BOS",2,1,"SAC","SAC","BOS","L","Jaden Springer",16,2,4,1630531,FALSE,0,0,NA,0,0,0,NA,TRUE,0,0,0,2,0,0,0,0,0,0,0,0,0,1,0,-3,0,"https://stats.nba.com/media/img/teams/logos/season/2024-25/BOS_logo.svg","https://stats.nba.com/player/1630531","https://ak-static.cms.nba.com/wp-content/uploads/headshots/nba/latest/260x190/1630531.png","https://ak-static.cms.nba.com/wp-content/uploads/headshots/nba/latest/260x190/1630531.png","https://stats.nba.com/media/players/700/1630531.png","https://stats.nba.com/media/img/league/nba-headshot-fallback.png"
"388",2025,"2024-25","NBA","Regular Season",2025-01-10,22400528,38,"Boston Celtics",1610612738,FALSE,FALSE,FALSE,"H","BOS vs. SAC","BOS",2,1,"SAC","SAC","BOS","L","Al Horford",30,2,1,201143,FALSE,1,4,0.25,0,3,0,NA,TRUE,1,1,1,23,0,0,1,3,4,1,0,0,0,1,2,-1,8.3,"https://stats.nba.com/media/img/teams/logos/season/2024-25/BOS_logo.svg","https://stats.nba.com/player/201143","https://stats.nba.com/media/players/230x185/201143.png","https://ak-static.cms.nba.com/wp-content/uploads/headshots/nba/latest/260x190/201143.png","https://stats.nba.com/media/players/700/201143.png","https://ak-static.cms.nba.com/wp-content/uploads/headshots/nba/latest/260x190/201143.png"
"389",2025,"2024-25","NBA","Regular Season",2025-01-10,22400528,38,"Boston Celtics",1610612738,FALSE,FALSE,FALSE,"H","BOS vs. SAC","BOS",2,1,"SAC","SAC","BOS","L","Jrue Holiday",32,2,1,201950,FALSE,2,4,0.5,1,2,0.5,NA,TRUE,1,2,0.5,28,0,0,0,5,5,2,1,1,1,1,5,-18,19,"https://stats.nba.com/media/img/teams/logos/season/2024-25/BOS_logo.svg","https://stats.nba.com/player/201950","https://stats.nba.com/media/players/230x185/201950.png","https://ak-static.cms.nba.com/wp-content/uploads/headshots/nba/latest/260x190/201950.png","https://stats.nba.com/media/players/700/201950.png","https://ak-static.cms.nba.com/wp-content/uploads/headshots/nba/latest/260x190/201950.png"
"390",2025,"2024-25","NBA","Regular Season",2025-01-10,22400528,38,"Boston Celtics",1610612738,FALSE,FALSE,FALSE,"H","BOS vs. SAC","BOS",2,1,"SAC","SAC","BOS","L","Neemias Queta",31,2,4,1629674,FALSE,0,0,NA,0,0,0,NA,TRUE,0,0,0,2,0,0,0,0,0,0,0,0,0,0,0,-3,0,"https://stats.nba.com/media/img/teams/logos/season/2024-25/BOS_logo.svg","https://stats.nba.com/player/1629674","https://ak-static.cms.nba.com/wp-content/uploads/headshots/nba/latest/260x190/1629674.png","https://ak-static.cms.nba.com/wp-content/uploads/headshots/nba/latest/260x190/1629674.png","https://stats.nba.com/media/players/700/1629674.png","https://stats.nba.com/media/img/league/nba-headshot-fallback.png"
"391",2025,"2024-25","NBA","Regular Season",2025-01-10,22400528,38,"Boston Celtics",1610612738,FALSE,FALSE,FALSE,"H","BOS vs. SAC","BOS",2,1,"SAC","SAC","BOS","L","Derrick White",36,4,1,1628401,FALSE,1,8,0.125,0,6,0,1,TRUE,1,2,0.5,27,1,1,0,1,1,3,1,2,0,1,3,-9,17.7,"https://stats.nba.com/media/img/teams/logos/season/2024-25/BOS_logo.svg","https://stats.nba.com/player/1628401","https://ak-static.cms.nba.com/wp-content/uploads/headshots/nba/latest/260x190/1628401.png","https://ak-static.cms.nba.com/wp-content/uploads/headshots/nba/latest/260x190/1628401.png","https://stats.nba.com/media/players/700/1628401.png","https://ak-static.cms.nba.com/wp-content/uploads/headshots/nba/latest/260x190/1628401.png"
"392",2025,"2024-25","NBA","Regular Season",2025-01-10,22400528,38,"Boston Celtics",1610612738,FALSE,FALSE,FALSE,"H","BOS vs. SAC","BOS",2,1,"SAC","SAC","BOS","L","Jayson Tatum",35,2,1,1628369,FALSE,5,13,0.385,3,7,0.428571428571429,0.667,TRUE,2,6,0.333333333333333,35,2,3,0,12,12,5,0,0,8,3,15,-11,28.9,"https://stats.nba.com/media/img/teams/logos/season/2024-25/BOS_logo.svg","https://stats.nba.com/player/1628369","https://ak-static.cms.nba.com/wp-content/uploads/headshots/nba/latest/260x190/1628369.png","https://ak-static.cms.nba.com/wp-content/uploads/headshots/nba/latest/260x190/1628369.png","https://stats.nba.com/media/players/700/1628369.png","https://ak-static.cms.nba.com/wp-content/uploads/headshots/nba/latest/260x190/1628369.png"
"393",2025,"2024-25","NBA","Regular Season",2025-01-10,22400528,38,"Boston Celtics",1610612738,FALSE,FALSE,FALSE,"H","BOS vs. SAC","BOS",2,1,"SAC","SAC","BOS","L","Luke Kornet",32,2,1,1628436,FALSE,3,4,0.75,0,0,0,NA,TRUE,3,4,0.75,15,0,0,3,3,6,2,1,0,1,0,6,-4,18.2,"https://stats.nba.com/media/img/teams/logos/season/2024-25/BOS_logo.svg","https://stats.nba.com/player/1628436","https://ak-static.cms.nba.com/wp-content/uploads/headshots/nba/latest/260x190/1628436.png","https://ak-static.cms.nba.com/wp-content/uploads/headshots/nba/latest/260x190/1628436.png","https://stats.nba.com/media/players/700/1628436.png","https://ak-static.cms.nba.com/wp-content/uploads/headshots/nba/latest/260x190/1628436.png"
"394",2025,"2024-25","NBA","Regular Season",2025-01-10,22400528,38,"Boston Celtics",1610612738,FALSE,FALSE,FALSE,"H","BOS vs. SAC","BOS",2,1,"SAC","SAC","BOS","L","Kristaps Porziņģis",15,2,1,204001,FALSE,6,15,0.4,4,7,0.571428571428571,0.857,TRUE,2,8,0.25,29,6,7,1,9,10,0,0,2,0,2,22,-8,40,"https://stats.nba.com/media/img/teams/logos/season/2024-25/BOS_logo.svg","https://stats.nba.com/player/204001","https://stats.nba.com/media/players/230x185/204001.png","https://ak-static.cms.nba.com/wp-content/uploads/headshots/nba/latest/260x190/204001.png","https://stats.nba.com/media/players/700/204001.png","https://ak-static.cms.nba.com/wp-content/uploads/headshots/nba/latest/260x190/204001.png"
"395",2025,"2024-25","NBA","Regular Season",2025-01-10,22400528,38,"Boston Celtics",1610612738,FALSE,FALSE,FALSE,"H","BOS vs. SAC","BOS",2,1,"SAC","SAC","BOS","L","Payton Pritchard",38,2,1,1630202,FALSE,4,11,0.364,1,7,0.142857142857143,NA,TRUE,3,4,0.75,27,0,0,1,1,2,2,1,0,1,3,9,-8,16.4,"https://stats.nba.com/media/img/teams/logos/season/2024-25/BOS_logo.svg","https://stats.nba.com/player/1630202","https://ak-static.cms.nba.com/wp-content/uploads/headshots/nba/latest/260x190/1630202.png","https://ak-static.cms.nba.com/wp-content/uploads/headshots/nba/latest/260x190/1630202.png","https://stats.nba.com/media/players/700/1630202.png","https://stats.nba.com/media/img/league/nba-headshot-fallback.png"
"396",2025,"2024-25","NBA","Regular Season",2025-01-10,22400528,38,"Boston Celtics",1610612738,FALSE,FALSE,FALSE,"H","BOS vs. SAC","BOS",2,1,"SAC","SAC","BOS","L","Xavier Tillman",23,6,4,1630214,FALSE,0,0,NA,0,0,0,NA,TRUE,0,0,0,2,0,0,0,0,0,1,0,0,1,0,0,-3,0.5,"https://stats.nba.com/media/img/teams/logos/season/2024-25/BOS_logo.svg","https://stats.nba.com/player/1630214","https://ak-static.cms.nba.com/wp-content/uploads/headshots/nba/latest/260x190/1630214.png","https://ak-static.cms.nba.com/wp-content/uploads/headshots/nba/latest/260x190/1630214.png","https://stats.nba.com/media/players/700/1630214.png","https://stats.nba.com/media/img/league/nba-headshot-fallback.png"
"397",2025,"2024-25","NBA","Regular Season",2025-01-10,22400528,38,"Boston Celtics",1610612738,FALSE,FALSE,FALSE,"H","BOS vs. SAC","BOS",2,1,"SAC","SAC","BOS","L","Sam Hauser",31,2,1,1630573,FALSE,3,6,0.5,1,4,0.25,NA,TRUE,2,2,1,13,0,0,1,1,2,1,0,1,2,0,7,-8,11.9,"https://stats.nba.com/media/img/teams/logos/season/2024-25/BOS_logo.svg","https://stats.nba.com/player/1630573","https://ak-static.cms.nba.com/wp-content/uploads/headshots/nba/latest/260x190/1630573.png","https://ak-static.cms.nba.com/wp-content/uploads/headshots/nba/latest/260x190/1630573.png","https://stats.nba.com/media/players/700/1630573.png","https://stats.nba.com/media/img/league/nba-headshot-fallback.png"
"398",2025,"2024-25","NBA","Regular Season",2025-01-12,22400542,39,"Boston Celtics",1610612738,FALSE,FALSE,FALSE,"H","BOS vs. NOP","BOS",1,2,"NOP","BOS","NOP","W","Al Horford",31,1,2,201143,TRUE,4,6,0.667,3,4,0.75,NA,TRUE,1,2,0.5,23,0,0,1,6,7,0,0,1,0,1,11,-3,22.4,"https://stats.nba.com/media/img/teams/logos/season/2024-25/BOS_logo.svg","https://stats.nba.com/player/201143","https://stats.nba.com/media/players/230x185/201143.png","https://ak-static.cms.nba.com/wp-content/uploads/headshots/nba/latest/260x190/201143.png","https://stats.nba.com/media/players/700/201143.png","https://ak-static.cms.nba.com/wp-content/uploads/headshots/nba/latest/260x190/201143.png"
"399",2025,"2024-25","NBA","Regular Season",2025-01-12,22400542,39,"Boston Celtics",1610612738,FALSE,FALSE,FALSE,"H","BOS vs. NOP","BOS",1,2,"NOP","BOS","NOP","W","Payton Pritchard",39,1,2,1630202,TRUE,4,10,0.4,3,8,0.375,NA,TRUE,1,2,0.5,24,0,0,0,1,1,4,0,0,0,1,11,12,18.2,"https://stats.nba.com/media/img/teams/logos/season/2024-25/BOS_logo.svg","https://stats.nba.com/player/1630202","https://ak-static.cms.nba.com/wp-content/uploads/headshots/nba/latest/260x190/1630202.png","https://ak-static.cms.nba.com/wp-content/uploads/headshots/nba/latest/260x190/1630202.png","https://stats.nba.com/media/players/700/1630202.png","https://stats.nba.com/media/img/league/nba-headshot-fallback.png"
"400",2025,"2024-25","NBA","Regular Season",2025-01-12,22400542,39,"Boston Celtics",1610612738,FALSE,FALSE,FALSE,"H","BOS vs. NOP","BOS",1,2,"NOP","BOS","NOP","W","Sam Hauser",32,1,2,1630573,TRUE,1,2,0.5,1,2,0.5,NA,TRUE,0,0,0,9,0,0,0,2,2,1,0,0,0,1,3,2,6.9,"https://stats.nba.com/media/img/teams/logos/season/2024-25/BOS_logo.svg","https://stats.nba.com/player/1630573","https://ak-static.cms.nba.com/wp-content/uploads/headshots/nba/latest/260x190/1630573.png","https://ak-static.cms.nba.com/wp-content/uploads/headshots/nba/latest/260x190/1630573.png","https://stats.nba.com/media/players/700/1630573.png","https://stats.nba.com/media/img/league/nba-headshot-fallback.png"
"401",2025,"2024-25","NBA","Regular Season",2025-01-12,22400542,39,"Boston Celtics",1610612738,FALSE,FALSE,FALSE,"H","BOS vs. NOP","BOS",1,2,"NOP","BOS","NOP","W","Jaylen Brown",32,1,2,1627759,TRUE,6,14,0.429,0,2,0,1,TRUE,6,12,0.5,39,4,4,2,6,8,7,0,0,4,3,16,0,32.1,"https://stats.nba.com/media/img/teams/logos/season/2024-25/BOS_logo.svg","https://stats.nba.com/player/1627759","https://stats.nba.com/media/players/230x185/1627759.png","https://ak-static.cms.nba.com/wp-content/uploads/headshots/nba/latest/260x190/1627759.png","https://stats.nba.com/media/players/700/1627759.png","https://ak-static.cms.nba.com/wp-content/uploads/headshots/nba/latest/260x190/1627759.png"
"402",2025,"2024-25","NBA","Regular Season",2025-01-12,22400542,39,"Boston Celtics",1610612738,FALSE,FALSE,FALSE,"H","BOS vs. NOP","BOS",1,2,"NOP","BOS","NOP","W","Kristaps Porziņģis",16,1,2,204001,TRUE,7,19,0.368,3,9,0.333333333333333,0.667,TRUE,4,10,0.4,34,2,3,6,5,11,1,0,3,1,2,19,-8,41.7,"https://stats.nba.com/media/img/teams/logos/season/2024-25/BOS_logo.svg","https://stats.nba.com/player/204001","https://stats.nba.com/media/players/230x185/204001.png","https://ak-static.cms.nba.com/wp-content/uploads/headshots/nba/latest/260x190/204001.png","https://stats.nba.com/media/players/700/204001.png","https://ak-static.cms.nba.com/wp-content/uploads/headshots/nba/latest/260x190/204001.png"
"403",2025,"2024-25","NBA","Regular Season",2025-01-12,22400542,39,"Boston Celtics",1610612738,FALSE,FALSE,FALSE,"H","BOS vs. NOP","BOS",1,2,"NOP","BOS","NOP","W","Jayson Tatum",36,1,2,1628369,TRUE,14,30,0.467,2,10,0.2,0.8,TRUE,12,20,0.6,36,8,10,3,8,11,1,1,1,3,1,38,-9,55.7,"https://stats.nba.com/media/img/teams/logos/season/2024-25/BOS_logo.svg","https://stats.nba.com/player/1628369","https://ak-static.cms.nba.com/wp-content/uploads/headshots/nba/latest/260x190/1628369.png","https://ak-static.cms.nba.com/wp-content/uploads/headshots/nba/latest/260x190/1628369.png","https://stats.nba.com/media/players/700/1628369.png","https://ak-static.cms.nba.com/wp-content/uploads/headshots/nba/latest/260x190/1628369.png"
"404",2025,"2024-25","NBA","Regular Season",2025-01-12,22400542,39,"Boston Celtics",1610612738,FALSE,FALSE,FALSE,"H","BOS vs. NOP","BOS",1,2,"NOP","BOS","NOP","W","Luke Kornet",33,1,2,1628436,TRUE,4,6,0.667,0,0,0,NA,TRUE,4,6,0.666666666666667,14,0,0,2,5,7,1,0,0,0,5,8,13,17.9,"https://stats.nba.com/media/img/teams/logos/season/2024-25/BOS_logo.svg","https://stats.nba.com/player/1628436","https://ak-static.cms.nba.com/wp-content/uploads/headshots/nba/latest/260x190/1628436.png","https://ak-static.cms.nba.com/wp-content/uploads/headshots/nba/latest/260x190/1628436.png","https://stats.nba.com/media/players/700/1628436.png","https://ak-static.cms.nba.com/wp-content/uploads/headshots/nba/latest/260x190/1628436.png"
"405",2025,"2024-25","NBA","Regular Season",2025-01-12,22400542,39,"Boston Celtics",1610612738,FALSE,FALSE,FALSE,"H","BOS vs. NOP","BOS",1,2,"NOP","BOS","NOP","W","Jrue Holiday",33,1,2,201950,TRUE,3,8,0.375,1,4,0.25,0.5,TRUE,2,4,0.5,32,1,2,2,2,4,6,1,1,1,1,8,-1,26.8,"https://stats.nba.com/media/img/teams/logos/season/2024-25/BOS_logo.svg","https://stats.nba.com/player/201950","https://stats.nba.com/media/players/230x185/201950.png","https://ak-static.cms.nba.com/wp-content/uploads/headshots/nba/latest/260x190/201950.png","https://stats.nba.com/media/players/700/201950.png","https://ak-static.cms.nba.com/wp-content/uploads/headshots/nba/latest/260x190/201950.png"
"406",2025,"2024-25","NBA","Regular Season",2025-01-12,22400542,39,"Boston Celtics",1610612738,FALSE,FALSE,FALSE,"H","BOS vs. NOP","BOS",1,2,"NOP","BOS","NOP","W","Derrick White",37,1,2,1628401,TRUE,1,6,0.167,0,5,0,1,TRUE,1,1,1,30,4,4,2,2,4,2,3,1,2,3,6,-1,23.8,"https://stats.nba.com/media/img/teams/logos/season/2024-25/BOS_logo.svg","https://stats.nba.com/player/1628401","https://ak-static.cms.nba.com/wp-content/uploads/headshots/nba/latest/260x190/1628401.png","https://ak-static.cms.nba.com/wp-content/uploads/headshots/nba/latest/260x190/1628401.png","https://stats.nba.com/media/players/700/1628401.png","https://ak-static.cms.nba.com/wp-content/uploads/headshots/nba/latest/260x190/1628401.png"
"407",2025,"2024-25","NBA","Regular Season",2025-01-15,22400562,40,"Boston Celtics",1610612738,FALSE,TRUE,FALSE,"A","BOS @ TOR","BOS",2,1,"TOR","TOR","BOS","L","Jrue Holiday",34,2,1,201950,FALSE,5,11,0.455,0,3,0,1,TRUE,5,8,0.625,31,2,2,3,3,6,2,1,0,1,2,12,-13,24.2,"https://stats.nba.com/media/img/teams/logos/season/2024-25/BOS_logo.svg","https://stats.nba.com/player/201950","https://stats.nba.com/media/players/230x185/201950.png","https://ak-static.cms.nba.com/wp-content/uploads/headshots/nba/latest/260x190/201950.png","https://stats.nba.com/media/players/700/201950.png","https://ak-static.cms.nba.com/wp-content/uploads/headshots/nba/latest/260x190/201950.png"
"408",2025,"2024-25","NBA","Regular Season",2025-01-15,22400562,40,"Boston Celtics",1610612738,FALSE,TRUE,FALSE,"A","BOS @ TOR","BOS",2,1,"TOR","TOR","BOS","L","Jayson Tatum",37,2,1,1628369,FALSE,5,15,0.333,3,9,0.333333333333333,0.6,TRUE,2,6,0.333333333333333,36,3,5,1,9,10,7,0,1,1,2,16,-1,40.5,"https://stats.nba.com/media/img/teams/logos/season/2024-25/BOS_logo.svg","https://stats.nba.com/player/1628369","https://ak-static.cms.nba.com/wp-content/uploads/headshots/nba/latest/260x190/1628369.png","https://ak-static.cms.nba.com/wp-content/uploads/headshots/nba/latest/260x190/1628369.png","https://stats.nba.com/media/players/700/1628369.png","https://ak-static.cms.nba.com/wp-content/uploads/headshots/nba/latest/260x190/1628369.png"
"409",2025,"2024-25","NBA","Regular Season",2025-01-15,22400562,40,"Boston Celtics",1610612738,FALSE,TRUE,FALSE,"A","BOS @ TOR","BOS",2,1,"TOR","TOR","BOS","L","Kristaps Porziņģis",17,2,1,204001,FALSE,7,11,0.636,4,5,0.8,0,TRUE,3,6,0.5,35,0,2,1,7,8,3,1,2,3,3,18,-17,38.1,"https://stats.nba.com/media/img/teams/logos/season/2024-25/BOS_logo.svg","https://stats.nba.com/player/204001","https://stats.nba.com/media/players/230x185/204001.png","https://ak-static.cms.nba.com/wp-content/uploads/headshots/nba/latest/260x190/204001.png","https://stats.nba.com/media/players/700/204001.png","https://ak-static.cms.nba.com/wp-content/uploads/headshots/nba/latest/260x190/204001.png"
"410",2025,"2024-25","NBA","Regular Season",2025-01-15,22400562,40,"Boston Celtics",1610612738,FALSE,TRUE,FALSE,"A","BOS @ TOR","BOS",2,1,"TOR","TOR","BOS","L","Sam Hauser",33,2,1,1630573,FALSE,1,6,0.167,1,5,0.2,NA,TRUE,0,1,0,17,0,0,2,4,6,0,2,0,0,1,3,0,16.2,"https://stats.nba.com/media/img/teams/logos/season/2024-25/BOS_logo.svg","https://stats.nba.com/player/1630573","https://ak-static.cms.nba.com/wp-content/uploads/headshots/nba/latest/260x190/1630573.png","https://ak-static.cms.nba.com/wp-content/uploads/headshots/nba/latest/260x190/1630573.png","https://stats.nba.com/media/players/700/1630573.png","https://stats.nba.com/media/img/league/nba-headshot-fallback.png"
"411",2025,"2024-25","NBA","Regular Season",2025-01-15,22400562,40,"Boston Celtics",1610612738,FALSE,TRUE,FALSE,"A","BOS @ TOR","BOS",2,1,"TOR","TOR","BOS","L","Jordan Walsh",27,11,1,1641775,FALSE,0,0,NA,0,0,0,NA,TRUE,0,0,0,1,0,0,0,0,0,0,0,0,0,0,0,1,0,"https://stats.nba.com/media/img/teams/logos/season/2024-25/BOS_logo.svg","https://stats.nba.com/player/1641775","https://ak-static.cms.nba.com/wp-content/uploads/headshots/nba/latest/260x190/1641775.png","https://ak-static.cms.nba.com/wp-content/uploads/headshots/nba/latest/260x190/1641775.png","https://stats.nba.com/media/players/700/1641775.png","https://stats.nba.com/media/img/league/nba-headshot-fallback.png"
"412",2025,"2024-25","NBA","Regular Season",2025-01-15,22400562,40,"Boston Celtics",1610612738,FALSE,TRUE,FALSE,"A","BOS @ TOR","BOS",2,1,"TOR","TOR","BOS","L","Al Horford",32,2,1,201143,FALSE,4,10,0.4,2,8,0.25,NA,TRUE,2,2,1,21,0,0,0,2,2,2,0,4,0,0,10,1,27.4,"https://stats.nba.com/media/img/teams/logos/season/2024-25/BOS_logo.svg","https://stats.nba.com/player/201143","https://stats.nba.com/media/players/230x185/201143.png","https://ak-static.cms.nba.com/wp-content/uploads/headshots/nba/latest/260x190/201143.png","https://stats.nba.com/media/players/700/201143.png","https://ak-static.cms.nba.com/wp-content/uploads/headshots/nba/latest/260x190/201143.png"
"413",2025,"2024-25","NBA","Regular Season",2025-01-15,22400562,40,"Boston Celtics",1610612738,FALSE,TRUE,FALSE,"A","BOS @ TOR","BOS",2,1,"TOR","TOR","BOS","L","Jaylen Brown",33,2,1,1627759,FALSE,4,16,0.25,1,1,1,0.5,TRUE,3,15,0.2,33,1,2,2,5,7,4,1,0,2,3,10,-23,25.4,"https://stats.nba.com/media/img/teams/logos/season/2024-25/BOS_logo.svg","https://stats.nba.com/player/1627759","https://stats.nba.com/media/players/230x185/1627759.png","https://ak-static.cms.nba.com/wp-content/uploads/headshots/nba/latest/260x190/1627759.png","https://stats.nba.com/media/players/700/1627759.png","https://ak-static.cms.nba.com/wp-content/uploads/headshots/nba/latest/260x190/1627759.png"
"414",2025,"2024-25","NBA","Regular Season",2025-01-15,22400562,40,"Boston Celtics",1610612738,FALSE,TRUE,FALSE,"A","BOS @ TOR","BOS",2,1,"TOR","TOR","BOS","L","Payton Pritchard",40,2,1,1630202,FALSE,7,11,0.636,4,8,0.5,0.667,TRUE,3,3,1,31,2,3,2,0,2,4,1,0,0,3,20,6,31.4,"https://stats.nba.com/media/img/teams/logos/season/2024-25/BOS_logo.svg","https://stats.nba.com/player/1630202","https://ak-static.cms.nba.com/wp-content/uploads/headshots/nba/latest/260x190/1630202.png","https://ak-static.cms.nba.com/wp-content/uploads/headshots/nba/latest/260x190/1630202.png","https://stats.nba.com/media/players/700/1630202.png","https://stats.nba.com/media/img/league/nba-headshot-fallback.png"
"415",2025,"2024-25","NBA","Regular Season",2025-01-15,22400562,40,"Boston Celtics",1610612738,FALSE,TRUE,FALSE,"A","BOS @ TOR","BOS",2,1,"TOR","TOR","BOS","L","Derrick White",38,2,1,1628401,FALSE,2,9,0.222,1,7,0.142857142857143,0.5,TRUE,1,2,0.5,21,1,2,0,0,0,1,0,0,2,1,6,-29,5.5,"https://stats.nba.com/media/img/teams/logos/season/2024-25/BOS_logo.svg","https://stats.nba.com/player/1628401","https://ak-static.cms.nba.com/wp-content/uploads/headshots/nba/latest/260x190/1628401.png","https://ak-static.cms.nba.com/wp-content/uploads/headshots/nba/latest/260x190/1628401.png","https://stats.nba.com/media/players/700/1628401.png","https://ak-static.cms.nba.com/wp-content/uploads/headshots/nba/latest/260x190/1628401.png"
"416",2025,"2024-25","NBA","Regular Season",2025-01-15,22400562,40,"Boston Celtics",1610612738,FALSE,TRUE,FALSE,"A","BOS @ TOR","BOS",2,1,"TOR","TOR","BOS","L","Luke Kornet",34,2,1,1628436,FALSE,1,2,0.5,0,0,0,NA,TRUE,1,2,0.5,10,0,0,2,1,3,1,0,1,0,1,2,7,10.1,"https://stats.nba.com/media/img/teams/logos/season/2024-25/BOS_logo.svg","https://stats.nba.com/player/1628436","https://ak-static.cms.nba.com/wp-content/uploads/headshots/nba/latest/260x190/1628436.png","https://ak-static.cms.nba.com/wp-content/uploads/headshots/nba/latest/260x190/1628436.png","https://stats.nba.com/media/players/700/1628436.png","https://ak-static.cms.nba.com/wp-content/uploads/headshots/nba/latest/260x190/1628436.png"
"417",2025,"2024-25","NBA","Regular Season",2025-01-15,22400562,40,"Boston Celtics",1610612738,FALSE,TRUE,FALSE,"A","BOS @ TOR","BOS",2,1,"TOR","TOR","BOS","L","Xavier Tillman",24,4,4,1630214,FALSE,0,0,NA,0,0,0,NA,TRUE,0,0,0,1,0,0,0,1,1,0,0,0,0,0,0,1,1.2,"https://stats.nba.com/media/img/teams/logos/season/2024-25/BOS_logo.svg","https://stats.nba.com/player/1630214","https://ak-static.cms.nba.com/wp-content/uploads/headshots/nba/latest/260x190/1630214.png","https://ak-static.cms.nba.com/wp-content/uploads/headshots/nba/latest/260x190/1630214.png","https://stats.nba.com/media/players/700/1630214.png","https://stats.nba.com/media/img/league/nba-headshot-fallback.png"
"418",2025,"2024-25","NBA","Regular Season",2025-01-15,22400562,40,"Boston Celtics",1610612738,FALSE,TRUE,FALSE,"A","BOS @ TOR","BOS",2,1,"TOR","TOR","BOS","L","Jaden Springer",17,4,1,1630531,FALSE,0,0,NA,0,0,0,0,TRUE,0,0,0,1,0,2,0,0,0,0,0,0,0,0,0,1,0,"https://stats.nba.com/media/img/teams/logos/season/2024-25/BOS_logo.svg","https://stats.nba.com/player/1630531","https://ak-static.cms.nba.com/wp-content/uploads/headshots/nba/latest/260x190/1630531.png","https://ak-static.cms.nba.com/wp-content/uploads/headshots/nba/latest/260x190/1630531.png","https://stats.nba.com/media/players/700/1630531.png","https://stats.nba.com/media/img/league/nba-headshot-fallback.png"
"419",2025,"2024-25","NBA","Regular Season",2025-01-15,22400562,40,"Boston Celtics",1610612738,FALSE,TRUE,FALSE,"A","BOS @ TOR","BOS",2,1,"TOR","TOR","BOS","L","Neemias Queta",32,4,1,1629674,FALSE,0,0,NA,0,0,0,NA,TRUE,0,0,0,1,0,0,0,0,0,0,0,0,0,0,0,1,0,"https://stats.nba.com/media/img/teams/logos/season/2024-25/BOS_logo.svg","https://stats.nba.com/player/1629674","https://ak-static.cms.nba.com/wp-content/uploads/headshots/nba/latest/260x190/1629674.png","https://ak-static.cms.nba.com/wp-content/uploads/headshots/nba/latest/260x190/1629674.png","https://stats.nba.com/media/players/700/1629674.png","https://stats.nba.com/media/img/league/nba-headshot-fallback.png"
"420",2025,"2024-25","NBA","Regular Season",2025-01-17,22400577,41,"Boston Celtics",1610612738,TRUE,FALSE,FALSE,"H","BOS vs. ORL","BOS",1,0,"ORL","BOS","ORL","W","Jrue Holiday",35,1,0,201950,TRUE,3,8,0.375,3,6,0.5,NA,TRUE,0,2,0,29,0,0,2,4,6,4,1,0,0,1,9,20,25.2,"https://stats.nba.com/media/img/teams/logos/season/2024-25/BOS_logo.svg","https://stats.nba.com/player/201950","https://stats.nba.com/media/players/230x185/201950.png","https://ak-static.cms.nba.com/wp-content/uploads/headshots/nba/latest/260x190/201950.png","https://stats.nba.com/media/players/700/201950.png","https://ak-static.cms.nba.com/wp-content/uploads/headshots/nba/latest/260x190/201950.png"
"421",2025,"2024-25","NBA","Regular Season",2025-01-17,22400577,41,"Boston Celtics",1610612738,TRUE,FALSE,FALSE,"H","BOS vs. ORL","BOS",1,0,"ORL","BOS","ORL","W","Kristaps Porziņģis",18,1,2,204001,TRUE,7,10,0.7,3,5,0.6,1,TRUE,4,5,0.8,23,6,6,1,3,4,1,0,1,0,5,23,14,32.3,"https://stats.nba.com/media/img/teams/logos/season/2024-25/BOS_logo.svg","https://stats.nba.com/player/204001","https://stats.nba.com/media/players/230x185/204001.png","https://ak-static.cms.nba.com/wp-content/uploads/headshots/nba/latest/260x190/204001.png","https://stats.nba.com/media/players/700/204001.png","https://ak-static.cms.nba.com/wp-content/uploads/headshots/nba/latest/260x190/204001.png"
"422",2025,"2024-25","NBA","Regular Season",2025-01-17,22400577,41,"Boston Celtics",1610612738,TRUE,FALSE,FALSE,"H","BOS vs. ORL","BOS",1,0,"ORL","BOS","ORL","W","Derrick White",39,1,0,1628401,TRUE,5,12,0.417,2,7,0.285714285714286,NA,TRUE,3,5,0.6,31,0,0,1,2,3,2,0,1,1,0,12,21,20.6,"https://stats.nba.com/media/img/teams/logos/season/2024-25/BOS_logo.svg","https://stats.nba.com/player/1628401","https://ak-static.cms.nba.com/wp-content/uploads/headshots/nba/latest/260x190/1628401.png","https://ak-static.cms.nba.com/wp-content/uploads/headshots/nba/latest/260x190/1628401.png","https://stats.nba.com/media/players/700/1628401.png","https://ak-static.cms.nba.com/wp-content/uploads/headshots/nba/latest/260x190/1628401.png"
"423",2025,"2024-25","NBA","Regular Season",2025-01-17,22400577,41,"Boston Celtics",1610612738,TRUE,FALSE,FALSE,"H","BOS vs. ORL","BOS",1,0,"ORL","BOS","ORL","W","Jaden Springer",18,1,2,1630531,TRUE,0,0,NA,0,0,0,NA,TRUE,0,0,0,2,0,0,0,0,0,1,0,0,0,1,0,4,1.5,"https://stats.nba.com/media/img/teams/logos/season/2024-25/BOS_logo.svg","https://stats.nba.com/player/1630531","https://ak-static.cms.nba.com/wp-content/uploads/headshots/nba/latest/260x190/1630531.png","https://ak-static.cms.nba.com/wp-content/uploads/headshots/nba/latest/260x190/1630531.png","https://stats.nba.com/media/players/700/1630531.png","https://stats.nba.com/media/img/league/nba-headshot-fallback.png"
"424",2025,"2024-25","NBA","Regular Season",2025-01-17,22400577,41,"Boston Celtics",1610612738,TRUE,FALSE,FALSE,"H","BOS vs. ORL","BOS",1,0,"ORL","BOS","ORL","W","Sam Hauser",34,1,0,1630573,TRUE,3,5,0.6,2,4,0.5,NA,TRUE,1,1,1,17,0,0,0,1,1,1,0,0,0,1,8,6,10.7,"https://stats.nba.com/media/img/teams/logos/season/2024-25/BOS_logo.svg","https://stats.nba.com/player/1630573","https://ak-static.cms.nba.com/wp-content/uploads/headshots/nba/latest/260x190/1630573.png","https://ak-static.cms.nba.com/wp-content/uploads/headshots/nba/latest/260x190/1630573.png","https://stats.nba.com/media/players/700/1630573.png","https://stats.nba.com/media/img/league/nba-headshot-fallback.png"
"425",2025,"2024-25","NBA","Regular Season",2025-01-17,22400577,41,"Boston Celtics",1610612738,TRUE,FALSE,FALSE,"H","BOS vs. ORL","BOS",1,0,"ORL","BOS","ORL","W","Neemias Queta",33,1,0,1629674,TRUE,3,3,1,0,0,0,0.5,TRUE,3,3,1,11,1,2,0,3,3,1,0,0,1,3,7,1,11.1,"https://stats.nba.com/media/img/teams/logos/season/2024-25/BOS_logo.svg","https://stats.nba.com/player/1629674","https://ak-static.cms.nba.com/wp-content/uploads/headshots/nba/latest/260x190/1629674.png","https://ak-static.cms.nba.com/wp-content/uploads/headshots/nba/latest/260x190/1629674.png","https://stats.nba.com/media/players/700/1629674.png","https://stats.nba.com/media/img/league/nba-headshot-fallback.png"
"426",2025,"2024-25","NBA","Regular Season",2025-01-17,22400577,41,"Boston Celtics",1610612738,TRUE,FALSE,FALSE,"H","BOS vs. ORL","BOS",1,0,"ORL","BOS","ORL","W","Payton Pritchard",41,1,0,1630202,TRUE,2,3,0.667,0,0,0,NA,TRUE,2,3,0.666666666666667,21,0,0,2,0,2,3,0,0,4,3,4,4,6.9,"https://stats.nba.com/media/img/teams/logos/season/2024-25/BOS_logo.svg","https://stats.nba.com/player/1630202","https://ak-static.cms.nba.com/wp-content/uploads/headshots/nba/latest/260x190/1630202.png","https://ak-static.cms.nba.com/wp-content/uploads/headshots/nba/latest/260x190/1630202.png","https://stats.nba.com/media/players/700/1630202.png","https://stats.nba.com/media/img/league/nba-headshot-fallback.png"
"427",2025,"2024-25","NBA","Regular Season",2025-01-17,22400577,41,"Boston Celtics",1610612738,TRUE,FALSE,FALSE,"H","BOS vs. ORL","BOS",1,0,"ORL","BOS","ORL","W","Al Horford",33,1,2,201143,TRUE,2,4,0.5,2,3,0.666666666666667,NA,TRUE,0,1,0,23,0,0,2,1,3,2,0,0,0,1,6,13,12.6,"https://stats.nba.com/media/img/teams/logos/season/2024-25/BOS_logo.svg","https://stats.nba.com/player/201143","https://stats.nba.com/media/players/230x185/201143.png","https://ak-static.cms.nba.com/wp-content/uploads/headshots/nba/latest/260x190/201143.png","https://stats.nba.com/media/players/700/201143.png","https://ak-static.cms.nba.com/wp-content/uploads/headshots/nba/latest/260x190/201143.png"
"428",2025,"2024-25","NBA","Regular Season",2025-01-17,22400577,41,"Boston Celtics",1610612738,TRUE,FALSE,FALSE,"H","BOS vs. ORL","BOS",1,0,"ORL","BOS","ORL","W","Jaylen Brown",34,1,0,1627759,TRUE,5,12,0.417,1,2,0.5,1,TRUE,4,10,0.4,33,9,9,1,5,6,6,3,0,3,3,20,22,42.2,"https://stats.nba.com/media/img/teams/logos/season/2024-25/BOS_logo.svg","https://stats.nba.com/player/1627759","https://stats.nba.com/media/players/230x185/1627759.png","https://ak-static.cms.nba.com/wp-content/uploads/headshots/nba/latest/260x190/1627759.png","https://stats.nba.com/media/players/700/1627759.png","https://ak-static.cms.nba.com/wp-content/uploads/headshots/nba/latest/260x190/1627759.png"
"429",2025,"2024-25","NBA","Regular Season",2025-01-17,22400577,41,"Boston Celtics",1610612738,TRUE,FALSE,FALSE,"H","BOS vs. ORL","BOS",1,0,"ORL","BOS","ORL","W","Luke Kornet",35,1,0,1628436,TRUE,0,1,0,0,0,0,1,TRUE,0,1,0,7,2,2,2,2,4,0,0,0,0,2,2,4,6.8,"https://stats.nba.com/media/img/teams/logos/season/2024-25/BOS_logo.svg","https://stats.nba.com/player/1628436","https://ak-static.cms.nba.com/wp-content/uploads/headshots/nba/latest/260x190/1628436.png","https://ak-static.cms.nba.com/wp-content/uploads/headshots/nba/latest/260x190/1628436.png","https://stats.nba.com/media/players/700/1628436.png","https://ak-static.cms.nba.com/wp-content/uploads/headshots/nba/latest/260x190/1628436.png"
"430",2025,"2024-25","NBA","Regular Season",2025-01-17,22400577,41,"Boston Celtics",1610612738,TRUE,FALSE,FALSE,"H","BOS vs. ORL","BOS",1,0,"ORL","BOS","ORL","W","Baylor Scheierman",6,45,2,1631248,TRUE,0,1,0,0,1,0,NA,TRUE,0,0,0,4,0,0,0,3,3,0,0,0,0,0,0,1,3.6,"https://stats.nba.com/media/img/teams/logos/season/2024-25/BOS_logo.svg","https://stats.nba.com/player/1631248","https://ak-static.cms.nba.com/wp-content/uploads/headshots/nba/latest/260x190/1631248.png","https://ak-static.cms.nba.com/wp-content/uploads/headshots/nba/latest/260x190/1631248.png","https://stats.nba.com/media/players/700/1631248.png","https://stats.nba.com/media/img/league/nba-headshot-fallback.png"
"431",2025,"2024-25","NBA","Regular Season",2025-01-17,22400577,41,"Boston Celtics",1610612738,TRUE,FALSE,FALSE,"H","BOS vs. ORL","BOS",1,0,"ORL","BOS","ORL","W","Jordan Walsh",28,1,2,1641775,TRUE,0,0,NA,0,0,0,NA,TRUE,0,0,0,4,0,0,0,0,0,0,0,0,0,1,0,1,0,"https://stats.nba.com/media/img/teams/logos/season/2024-25/BOS_logo.svg","https://stats.nba.com/player/1641775","https://ak-static.cms.nba.com/wp-content/uploads/headshots/nba/latest/260x190/1641775.png","https://ak-static.cms.nba.com/wp-content/uploads/headshots/nba/latest/260x190/1641775.png","https://stats.nba.com/media/players/700/1641775.png","https://stats.nba.com/media/img/league/nba-headshot-fallback.png"
"432",2025,"2024-25","NBA","Regular Season",2025-01-17,22400577,41,"Boston Celtics",1610612738,TRUE,FALSE,FALSE,"H","BOS vs. ORL","BOS",1,0,"ORL","BOS","ORL","W","Jayson Tatum",38,1,0,1628369,TRUE,12,21,0.571,4,9,0.444444444444444,0.667,TRUE,8,12,0.666666666666667,35,2,3,0,6,6,4,2,1,1,2,30,24,51.2,"https://stats.nba.com/media/img/teams/logos/season/2024-25/BOS_logo.svg","https://stats.nba.com/player/1628369","https://ak-static.cms.nba.com/wp-content/uploads/headshots/nba/latest/260x190/1628369.png","https://ak-static.cms.nba.com/wp-content/uploads/headshots/nba/latest/260x190/1628369.png","https://stats.nba.com/media/players/700/1628369.png","https://ak-static.cms.nba.com/wp-content/uploads/headshots/nba/latest/260x190/1628369.png"
"433",2025,"2024-25","NBA","Regular Season",2025-01-18,22400587,42,"Boston Celtics",1610612738,TRUE,FALSE,TRUE,"H","BOS vs. ATL","BOS",0,1,"ATL","ATL","BOS","L","Derrick White",40,0,1,1628401,FALSE,7,20,0.35,5,16,0.3125,1,TRUE,2,4,0.5,43,2,2,1,7,8,2,0,1,1,3,21,5,35.6,"https://stats.nba.com/media/img/teams/logos/season/2024-25/BOS_logo.svg","https://stats.nba.com/player/1628401","https://ak-static.cms.nba.com/wp-content/uploads/headshots/nba/latest/260x190/1628401.png","https://ak-static.cms.nba.com/wp-content/uploads/headshots/nba/latest/260x190/1628401.png","https://stats.nba.com/media/players/700/1628401.png","https://ak-static.cms.nba.com/wp-content/uploads/headshots/nba/latest/260x190/1628401.png"
"434",2025,"2024-25","NBA","Regular Season",2025-01-18,22400587,42,"Boston Celtics",1610612738,TRUE,FALSE,TRUE,"H","BOS vs. ATL","BOS",0,1,"ATL","ATL","BOS","L","Payton Pritchard",42,0,1,1630202,FALSE,7,12,0.583,4,8,0.5,1,TRUE,3,4,0.75,33,2,2,1,5,6,1,0,0,0,2,20,-6,28.7,"https://stats.nba.com/media/img/teams/logos/season/2024-25/BOS_logo.svg","https://stats.nba.com/player/1630202","https://ak-static.cms.nba.com/wp-content/uploads/headshots/nba/latest/260x190/1630202.png","https://ak-static.cms.nba.com/wp-content/uploads/headshots/nba/latest/260x190/1630202.png","https://stats.nba.com/media/players/700/1630202.png","https://stats.nba.com/media/img/league/nba-headshot-fallback.png"
"435",2025,"2024-25","NBA","Regular Season",2025-01-18,22400587,42,"Boston Celtics",1610612738,TRUE,FALSE,TRUE,"H","BOS vs. ATL","BOS",0,1,"ATL","ATL","BOS","L","Jrue Holiday",36,0,1,201950,FALSE,3,8,0.375,2,5,0.4,NA,TRUE,1,3,0.333333333333333,30,0,0,1,5,6,1,1,1,3,3,8,-7,19.7,"https://stats.nba.com/media/img/teams/logos/season/2024-25/BOS_logo.svg","https://stats.nba.com/player/201950","https://stats.nba.com/media/players/230x185/201950.png","https://ak-static.cms.nba.com/wp-content/uploads/headshots/nba/latest/260x190/201950.png","https://stats.nba.com/media/players/700/201950.png","https://ak-static.cms.nba.com/wp-content/uploads/headshots/nba/latest/260x190/201950.png"
"436",2025,"2024-25","NBA","Regular Season",2025-01-18,22400587,42,"Boston Celtics",1610612738,TRUE,FALSE,TRUE,"H","BOS vs. ATL","BOS",0,1,"ATL","ATL","BOS","L","Luke Kornet",36,0,1,1628436,FALSE,7,9,0.778,0,0,0,0.75,TRUE,7,9,0.777777777777778,31,3,4,6,1,7,2,4,2,1,2,17,-5,45.4,"https://stats.nba.com/media/img/teams/logos/season/2024-25/BOS_logo.svg","https://stats.nba.com/player/1628436","https://ak-static.cms.nba.com/wp-content/uploads/headshots/nba/latest/260x190/1628436.png","https://ak-static.cms.nba.com/wp-content/uploads/headshots/nba/latest/260x190/1628436.png","https://stats.nba.com/media/players/700/1628436.png","https://ak-static.cms.nba.com/wp-content/uploads/headshots/nba/latest/260x190/1628436.png"
"437",2025,"2024-25","NBA","Regular Season",2025-01-18,22400587,42,"Boston Celtics",1610612738,TRUE,FALSE,TRUE,"H","BOS vs. ATL","BOS",0,1,"ATL","ATL","BOS","L","Sam Hauser",35,0,1,1630573,FALSE,0,7,0,0,5,0,NA,TRUE,0,2,0,20,0,0,1,2,3,2,2,0,1,0,0,1,11.6,"https://stats.nba.com/media/img/teams/logos/season/2024-25/BOS_logo.svg","https://stats.nba.com/player/1630573","https://ak-static.cms.nba.com/wp-content/uploads/headshots/nba/latest/260x190/1630573.png","https://ak-static.cms.nba.com/wp-content/uploads/headshots/nba/latest/260x190/1630573.png","https://stats.nba.com/media/players/700/1630573.png","https://stats.nba.com/media/img/league/nba-headshot-fallback.png"
"438",2025,"2024-25","NBA","Regular Season",2025-01-18,22400587,42,"Boston Celtics",1610612738,TRUE,FALSE,TRUE,"H","BOS vs. ATL","BOS",0,1,"ATL","ATL","BOS","L","Neemias Queta",34,0,1,1629674,FALSE,0,0,NA,0,0,0,1,TRUE,0,0,0,22,2,2,1,3,4,0,1,2,1,4,2,1,14.8,"https://stats.nba.com/media/img/teams/logos/season/2024-25/BOS_logo.svg","https://stats.nba.com/player/1629674","https://ak-static.cms.nba.com/wp-content/uploads/headshots/nba/latest/260x190/1629674.png","https://ak-static.cms.nba.com/wp-content/uploads/headshots/nba/latest/260x190/1629674.png","https://stats.nba.com/media/players/700/1629674.png","https://stats.nba.com/media/img/league/nba-headshot-fallback.png"
"439",2025,"2024-25","NBA","Regular Season",2025-01-18,22400587,42,"Boston Celtics",1610612738,TRUE,FALSE,TRUE,"H","BOS vs. ATL","BOS",0,1,"ATL","ATL","BOS","L","Jaylen Brown",35,0,1,1627759,FALSE,9,27,0.333,2,9,0.222222222222222,0.8,TRUE,7,18,0.388888888888889,43,4,5,6,5,11,8,2,0,4,2,24,-9,51.2,"https://stats.nba.com/media/img/teams/logos/season/2024-25/BOS_logo.svg","https://stats.nba.com/player/1627759","https://stats.nba.com/media/players/230x185/1627759.png","https://ak-static.cms.nba.com/wp-content/uploads/headshots/nba/latest/260x190/1627759.png","https://stats.nba.com/media/players/700/1627759.png","https://ak-static.cms.nba.com/wp-content/uploads/headshots/nba/latest/260x190/1627759.png"
"440",2025,"2024-25","NBA","Regular Season",2025-01-18,22400587,42,"Boston Celtics",1610612738,TRUE,FALSE,TRUE,"H","BOS vs. ATL","BOS",0,1,"ATL","ATL","BOS","L","Jayson Tatum",39,0,1,1628369,FALSE,7,21,0.333,2,9,0.222222222222222,0.875,TRUE,5,12,0.416666666666667,43,7,8,0,8,8,7,3,0,3,2,23,0,49.1,"https://stats.nba.com/media/img/teams/logos/season/2024-25/BOS_logo.svg","https://stats.nba.com/player/1628369","https://ak-static.cms.nba.com/wp-content/uploads/headshots/nba/latest/260x190/1628369.png","https://ak-static.cms.nba.com/wp-content/uploads/headshots/nba/latest/260x190/1628369.png","https://stats.nba.com/media/players/700/1628369.png","https://ak-static.cms.nba.com/wp-content/uploads/headshots/nba/latest/260x190/1628369.png"
"441",2025,"2024-25","NBA","Regular Season",2025-01-20,22400604,43,"Boston Celtics",1610612738,FALSE,TRUE,FALSE,"A","BOS @ GSW","BOS",1,1,"GSW","BOS","GSW","W","Luke Kornet",37,1,1,1628436,TRUE,4,4,1,0,0,0,NA,TRUE,4,4,1,12,0,0,3,4,7,2,0,2,1,0,8,16,24.4,"https://stats.nba.com/media/img/teams/logos/season/2024-25/BOS_logo.svg","https://stats.nba.com/player/1628436","https://ak-static.cms.nba.com/wp-content/uploads/headshots/nba/latest/260x190/1628436.png","https://ak-static.cms.nba.com/wp-content/uploads/headshots/nba/latest/260x190/1628436.png","https://stats.nba.com/media/players/700/1628436.png","https://ak-static.cms.nba.com/wp-content/uploads/headshots/nba/latest/260x190/1628436.png"
"442",2025,"2024-25","NBA","Regular Season",2025-01-20,22400604,43,"Boston Celtics",1610612738,FALSE,TRUE,FALSE,"A","BOS @ GSW","BOS",1,1,"GSW","BOS","GSW","W","Jayson Tatum",40,1,1,1628369,TRUE,9,20,0.45,3,10,0.3,1,TRUE,6,10,0.6,28,1,1,0,9,9,7,2,0,3,1,22,28,46.3,"https://stats.nba.com/media/img/teams/logos/season/2024-25/BOS_logo.svg","https://stats.nba.com/player/1628369","https://ak-static.cms.nba.com/wp-content/uploads/headshots/nba/latest/260x190/1628369.png","https://ak-static.cms.nba.com/wp-content/uploads/headshots/nba/latest/260x190/1628369.png","https://stats.nba.com/media/players/700/1628369.png","https://ak-static.cms.nba.com/wp-content/uploads/headshots/nba/latest/260x190/1628369.png"
"443",2025,"2024-25","NBA","Regular Season",2025-01-20,22400604,43,"Boston Celtics",1610612738,FALSE,TRUE,FALSE,"A","BOS @ GSW","BOS",1,1,"GSW","BOS","GSW","W","Baylor Scheierman",7,2,1,1631248,TRUE,2,3,0.667,1,2,0.5,NA,TRUE,1,1,1,4,0,0,0,3,3,1,1,0,0,0,5,1,13.1,"https://stats.nba.com/media/img/teams/logos/season/2024-25/BOS_logo.svg","https://stats.nba.com/player/1631248","https://ak-static.cms.nba.com/wp-content/uploads/headshots/nba/latest/260x190/1631248.png","https://ak-static.cms.nba.com/wp-content/uploads/headshots/nba/latest/260x190/1631248.png","https://stats.nba.com/media/players/700/1631248.png","https://stats.nba.com/media/img/league/nba-headshot-fallback.png"
"444",2025,"2024-25","NBA","Regular Season",2025-01-20,22400604,43,"Boston Celtics",1610612738,FALSE,TRUE,FALSE,"A","BOS @ GSW","BOS",1,1,"GSW","BOS","GSW","W","Jordan Walsh",29,2,1,1641775,TRUE,2,4,0.5,2,3,0.666666666666667,NA,TRUE,0,1,0,8,0,0,0,2,2,0,1,0,0,0,6,1,11.4,"https://stats.nba.com/media/img/teams/logos/season/2024-25/BOS_logo.svg","https://stats.nba.com/player/1641775","https://ak-static.cms.nba.com/wp-content/uploads/headshots/nba/latest/260x190/1641775.png","https://ak-static.cms.nba.com/wp-content/uploads/headshots/nba/latest/260x190/1641775.png","https://stats.nba.com/media/players/700/1641775.png","https://stats.nba.com/media/img/league/nba-headshot-fallback.png"
"445",2025,"2024-25","NBA","Regular Season",2025-01-20,22400604,43,"Boston Celtics",1610612738,FALSE,TRUE,FALSE,"A","BOS @ GSW","BOS",1,1,"GSW","BOS","GSW","W","Jrue Holiday",37,1,2,201950,TRUE,4,5,0.8,2,3,0.666666666666667,NA,TRUE,2,2,1,27,0,0,1,3,4,1,0,0,1,0,10,23,15.3,"https://stats.nba.com/media/img/teams/logos/season/2024-25/BOS_logo.svg","https://stats.nba.com/player/201950","https://stats.nba.com/media/players/230x185/201950.png","https://ak-static.cms.nba.com/wp-content/uploads/headshots/nba/latest/260x190/201950.png","https://stats.nba.com/media/players/700/201950.png","https://ak-static.cms.nba.com/wp-content/uploads/headshots/nba/latest/260x190/201950.png"
"446",2025,"2024-25","NBA","Regular Season",2025-01-20,22400604,43,"Boston Celtics",1610612738,FALSE,TRUE,FALSE,"A","BOS @ GSW","BOS",1,1,"GSW","BOS","GSW","W","Jaylen Brown",36,1,1,1627759,TRUE,8,14,0.571,1,3,0.333333333333333,NA,TRUE,7,11,0.636363636363636,29,0,0,1,3,4,2,0,0,2,2,17,27,22.8,"https://stats.nba.com/media/img/teams/logos/season/2024-25/BOS_logo.svg","https://stats.nba.com/player/1627759","https://stats.nba.com/media/players/230x185/1627759.png","https://ak-static.cms.nba.com/wp-content/uploads/headshots/nba/latest/260x190/1627759.png","https://stats.nba.com/media/players/700/1627759.png","https://ak-static.cms.nba.com/wp-content/uploads/headshots/nba/latest/260x190/1627759.png"
"447",2025,"2024-25","NBA","Regular Season",2025-01-20,22400604,43,"Boston Celtics",1610612738,FALSE,TRUE,FALSE,"A","BOS @ GSW","BOS",1,1,"GSW","BOS","GSW","W","Jaden Springer",19,2,1,1630531,TRUE,0,1,0,0,0,0,NA,TRUE,0,1,0,6,0,0,0,0,0,1,0,0,0,0,0,2,1.5,"https://stats.nba.com/media/img/teams/logos/season/2024-25/BOS_logo.svg","https://stats.nba.com/player/1630531","https://ak-static.cms.nba.com/wp-content/uploads/headshots/nba/latest/260x190/1630531.png","https://ak-static.cms.nba.com/wp-content/uploads/headshots/nba/latest/260x190/1630531.png","https://stats.nba.com/media/players/700/1630531.png","https://stats.nba.com/media/img/league/nba-headshot-fallback.png"
"448",2025,"2024-25","NBA","Regular Season",2025-01-20,22400604,43,"Boston Celtics",1610612738,FALSE,TRUE,FALSE,"A","BOS @ GSW","BOS",1,1,"GSW","BOS","GSW","W","Al Horford",34,2,2,201143,TRUE,1,3,0.333,1,3,0.333333333333333,NA,TRUE,0,0,0,20,0,0,2,2,4,2,0,2,0,0,3,12,16.8,"https://stats.nba.com/media/img/teams/logos/season/2024-25/BOS_logo.svg","https://stats.nba.com/player/201143","https://stats.nba.com/media/players/230x185/201143.png","https://ak-static.cms.nba.com/wp-content/uploads/headshots/nba/latest/260x190/201143.png","https://stats.nba.com/media/players/700/201143.png","https://ak-static.cms.nba.com/wp-content/uploads/headshots/nba/latest/260x190/201143.png"
"449",2025,"2024-25","NBA","Regular Season",2025-01-20,22400604,43,"Boston Celtics",1610612738,FALSE,TRUE,FALSE,"A","BOS @ GSW","BOS",1,1,"GSW","BOS","GSW","W","Neemias Queta",35,1,1,1629674,TRUE,1,2,0.5,0,0,0,0.5,TRUE,1,2,0.5,6,1,2,0,0,0,0,0,0,0,0,3,2,3,"https://stats.nba.com/media/img/teams/logos/season/2024-25/BOS_logo.svg","https://stats.nba.com/player/1629674","https://ak-static.cms.nba.com/wp-content/uploads/headshots/nba/latest/260x190/1629674.png","https://ak-static.cms.nba.com/wp-content/uploads/headshots/nba/latest/260x190/1629674.png","https://stats.nba.com/media/players/700/1629674.png","https://stats.nba.com/media/img/league/nba-headshot-fallback.png"
"450",2025,"2024-25","NBA","Regular Season",2025-01-20,22400604,43,"Boston Celtics",1610612738,FALSE,TRUE,FALSE,"A","BOS @ GSW","BOS",1,1,"GSW","BOS","GSW","W","Payton Pritchard",43,1,1,1630202,TRUE,5,10,0.5,2,6,0.333333333333333,1,TRUE,3,4,0.75,22,2,2,1,1,2,9,1,1,0,1,14,24,35.9,"https://stats.nba.com/media/img/teams/logos/season/2024-25/BOS_logo.svg","https://stats.nba.com/player/1630202","https://ak-static.cms.nba.com/wp-content/uploads/headshots/nba/latest/260x190/1630202.png","https://ak-static.cms.nba.com/wp-content/uploads/headshots/nba/latest/260x190/1630202.png","https://stats.nba.com/media/players/700/1630202.png","https://stats.nba.com/media/img/league/nba-headshot-fallback.png"
"451",2025,"2024-25","NBA","Regular Season",2025-01-20,22400604,43,"Boston Celtics",1610612738,FALSE,TRUE,FALSE,"A","BOS @ GSW","BOS",1,1,"GSW","BOS","GSW","W","Sam Hauser",36,1,1,1630573,TRUE,4,7,0.571,3,6,0.5,NA,TRUE,1,1,1,21,0,0,0,2,2,1,1,1,0,1,11,20,20.9,"https://stats.nba.com/media/img/teams/logos/season/2024-25/BOS_logo.svg","https://stats.nba.com/player/1630573","https://ak-static.cms.nba.com/wp-content/uploads/headshots/nba/latest/260x190/1630573.png","https://ak-static.cms.nba.com/wp-content/uploads/headshots/nba/latest/260x190/1630573.png","https://stats.nba.com/media/players/700/1630573.png","https://stats.nba.com/media/img/league/nba-headshot-fallback.png"
"452",2025,"2024-25","NBA","Regular Season",2025-01-20,22400604,43,"Boston Celtics",1610612738,FALSE,TRUE,FALSE,"A","BOS @ GSW","BOS",1,1,"GSW","BOS","GSW","W","Kristaps Porziņģis",19,2,2,204001,TRUE,6,13,0.462,3,7,0.428571428571429,1,TRUE,3,6,0.5,22,3,3,0,7,7,2,1,0,0,2,18,20,32.4,"https://stats.nba.com/media/img/teams/logos/season/2024-25/BOS_logo.svg","https://stats.nba.com/player/204001","https://stats.nba.com/media/players/230x185/204001.png","https://ak-static.cms.nba.com/wp-content/uploads/headshots/nba/latest/260x190/204001.png","https://stats.nba.com/media/players/700/204001.png","https://ak-static.cms.nba.com/wp-content/uploads/headshots/nba/latest/260x190/204001.png"
"453",2025,"2024-25","NBA","Regular Season",2025-01-20,22400604,43,"Boston Celtics",1610612738,FALSE,TRUE,FALSE,"A","BOS @ GSW","BOS",1,1,"GSW","BOS","GSW","W","Xavier Tillman",25,4,6,1630214,TRUE,0,1,0,0,1,0,NA,TRUE,0,0,0,8,0,0,0,1,1,0,0,0,0,0,0,1,1.2,"https://stats.nba.com/media/img/teams/logos/season/2024-25/BOS_logo.svg","https://stats.nba.com/player/1630214","https://ak-static.cms.nba.com/wp-content/uploads/headshots/nba/latest/260x190/1630214.png","https://ak-static.cms.nba.com/wp-content/uploads/headshots/nba/latest/260x190/1630214.png","https://stats.nba.com/media/players/700/1630214.png","https://stats.nba.com/media/img/league/nba-headshot-fallback.png"
"454",2025,"2024-25","NBA","Regular Season",2025-01-20,22400604,43,"Boston Celtics",1610612738,FALSE,TRUE,FALSE,"A","BOS @ GSW","BOS",1,1,"GSW","BOS","GSW","W","Derrick White",41,1,1,1628401,TRUE,3,5,0.6,2,4,0.5,NA,TRUE,1,1,1,26,0,0,0,5,5,5,1,3,2,1,8,23,31.5,"https://stats.nba.com/media/img/teams/logos/season/2024-25/BOS_logo.svg","https://stats.nba.com/player/1628401","https://ak-static.cms.nba.com/wp-content/uploads/headshots/nba/latest/260x190/1628401.png","https://ak-static.cms.nba.com/wp-content/uploads/headshots/nba/latest/260x190/1628401.png","https://stats.nba.com/media/players/700/1628401.png","https://ak-static.cms.nba.com/wp-content/uploads/headshots/nba/latest/260x190/1628401.png"
"455",2025,"2024-25","NBA","Regular Season",2025-01-22,22400620,44,"Boston Celtics",1610612738,TRUE,FALSE,FALSE,"A","BOS @ LAC","BOS",1,0,"LAC","BOS","LAC","W","Neemias Queta",36,1,0,1629674,TRUE,5,7,0.714,0,0,0,0.5,TRUE,5,7,0.714285714285714,23,1,2,2,2,4,1,0,0,1,2,11,-12,16.3,"https://stats.nba.com/media/img/teams/logos/season/2024-25/BOS_logo.svg","https://stats.nba.com/player/1629674","https://ak-static.cms.nba.com/wp-content/uploads/headshots/nba/latest/260x190/1629674.png","https://ak-static.cms.nba.com/wp-content/uploads/headshots/nba/latest/260x190/1629674.png","https://stats.nba.com/media/players/700/1629674.png","https://stats.nba.com/media/img/league/nba-headshot-fallback.png"
"456",2025,"2024-25","NBA","Regular Season",2025-01-22,22400620,44,"Boston Celtics",1610612738,TRUE,FALSE,FALSE,"A","BOS @ LAC","BOS",1,0,"LAC","BOS","LAC","W","Luke Kornet",38,1,0,1628436,TRUE,0,2,0,0,0,0,1,TRUE,0,2,0,30,2,2,1,1,2,1,1,1,1,2,2,18,10.9,"https://stats.nba.com/media/img/teams/logos/season/2024-25/BOS_logo.svg","https://stats.nba.com/player/1628436","https://ak-static.cms.nba.com/wp-content/uploads/headshots/nba/latest/260x190/1628436.png","https://ak-static.cms.nba.com/wp-content/uploads/headshots/nba/latest/260x190/1628436.png","https://stats.nba.com/media/players/700/1628436.png","https://ak-static.cms.nba.com/wp-content/uploads/headshots/nba/latest/260x190/1628436.png"
"457",2025,"2024-25","NBA","Regular Season",2025-01-22,22400620,44,"Boston Celtics",1610612738,TRUE,FALSE,FALSE,"A","BOS @ LAC","BOS",1,0,"LAC","BOS","LAC","W","Jayson Tatum",41,1,0,1628369,TRUE,9,22,0.409,4,13,0.307692307692308,0.667,TRUE,5,9,0.555555555555556,43,2,3,0,7,7,8,1,2,5,1,24,1,48.4,"https://stats.nba.com/media/img/teams/logos/season/2024-25/BOS_logo.svg","https://stats.nba.com/player/1628369","https://ak-static.cms.nba.com/wp-content/uploads/headshots/nba/latest/260x190/1628369.png","https://ak-static.cms.nba.com/wp-content/uploads/headshots/nba/latest/260x190/1628369.png","https://stats.nba.com/media/players/700/1628369.png","https://ak-static.cms.nba.com/wp-content/uploads/headshots/nba/latest/260x190/1628369.png"
"458",2025,"2024-25","NBA","Regular Season",2025-01-22,22400620,44,"Boston Celtics",1610612738,TRUE,FALSE,FALSE,"A","BOS @ LAC","BOS",1,0,"LAC","BOS","LAC","W","Derrick White",42,1,0,1628401,TRUE,7,17,0.412,4,12,0.333333333333333,1,TRUE,3,5,0.6,42,2,2,2,4,6,4,1,0,3,1,20,8,33.2,"https://stats.nba.com/media/img/teams/logos/season/2024-25/BOS_logo.svg","https://stats.nba.com/player/1628401","https://ak-static.cms.nba.com/wp-content/uploads/headshots/nba/latest/260x190/1628401.png","https://ak-static.cms.nba.com/wp-content/uploads/headshots/nba/latest/260x190/1628401.png","https://stats.nba.com/media/players/700/1628401.png","https://ak-static.cms.nba.com/wp-content/uploads/headshots/nba/latest/260x190/1628401.png"
"459",2025,"2024-25","NBA","Regular Season",2025-01-22,22400620,44,"Boston Celtics",1610612738,TRUE,FALSE,FALSE,"A","BOS @ LAC","BOS",1,0,"LAC","BOS","LAC","W","Jaden Springer",20,1,0,1630531,TRUE,2,6,0.333,2,6,0.333333333333333,1,TRUE,0,0,0,20,2,2,0,2,2,0,4,0,1,3,8,5,21.4,"https://stats.nba.com/media/img/teams/logos/season/2024-25/BOS_logo.svg","https://stats.nba.com/player/1630531","https://ak-static.cms.nba.com/wp-content/uploads/headshots/nba/latest/260x190/1630531.png","https://ak-static.cms.nba.com/wp-content/uploads/headshots/nba/latest/260x190/1630531.png","https://stats.nba.com/media/players/700/1630531.png","https://stats.nba.com/media/img/league/nba-headshot-fallback.png"
"460",2025,"2024-25","NBA","Regular Season",2025-01-22,22400620,44,"Boston Celtics",1610612738,TRUE,FALSE,FALSE,"A","BOS @ LAC","BOS",1,0,"LAC","BOS","LAC","W","Jordan Walsh",30,1,0,1641775,TRUE,1,1,1,1,1,1,NA,TRUE,0,0,0,9,0,0,1,0,1,1,0,0,0,0,3,-5,5.7,"https://stats.nba.com/media/img/teams/logos/season/2024-25/BOS_logo.svg","https://stats.nba.com/player/1641775","https://ak-static.cms.nba.com/wp-content/uploads/headshots/nba/latest/260x190/1641775.png","https://ak-static.cms.nba.com/wp-content/uploads/headshots/nba/latest/260x190/1641775.png","https://stats.nba.com/media/players/700/1641775.png","https://stats.nba.com/media/img/league/nba-headshot-fallback.png"
"461",2025,"2024-25","NBA","Regular Season",2025-01-22,22400620,44,"Boston Celtics",1610612738,TRUE,FALSE,FALSE,"A","BOS @ LAC","BOS",1,0,"LAC","BOS","LAC","W","Payton Pritchard",44,1,0,1630202,TRUE,4,11,0.364,1,7,0.142857142857143,NA,TRUE,3,4,0.75,28,0,0,2,2,4,3,0,0,3,0,9,10,15.3,"https://stats.nba.com/media/img/teams/logos/season/2024-25/BOS_logo.svg","https://stats.nba.com/player/1630202","https://ak-static.cms.nba.com/wp-content/uploads/headshots/nba/latest/260x190/1630202.png","https://ak-static.cms.nba.com/wp-content/uploads/headshots/nba/latest/260x190/1630202.png","https://stats.nba.com/media/players/700/1630202.png","https://stats.nba.com/media/img/league/nba-headshot-fallback.png"
"462",2025,"2024-25","NBA","Regular Season",2025-01-22,22400620,44,"Boston Celtics",1610612738,TRUE,FALSE,FALSE,"A","BOS @ LAC","BOS",1,0,"LAC","BOS","LAC","W","Sam Hauser",37,1,0,1630573,TRUE,5,7,0.714,5,7,0.714285714285714,NA,TRUE,0,0,0,25,0,0,0,4,4,0,1,0,0,0,15,-3,22.8,"https://stats.nba.com/media/img/teams/logos/season/2024-25/BOS_logo.svg","https://stats.nba.com/player/1630573","https://ak-static.cms.nba.com/wp-content/uploads/headshots/nba/latest/260x190/1630573.png","https://ak-static.cms.nba.com/wp-content/uploads/headshots/nba/latest/260x190/1630573.png","https://stats.nba.com/media/players/700/1630573.png","https://stats.nba.com/media/img/league/nba-headshot-fallback.png"
"463",2025,"2024-25","NBA","Regular Season",2025-01-22,22400620,44,"Boston Celtics",1610612738,TRUE,FALSE,FALSE,"A","BOS @ LAC","BOS",1,0,"LAC","BOS","LAC","W","Baylor Scheierman",8,1,0,1631248,TRUE,0,2,0,0,2,0,NA,TRUE,0,0,0,6,0,0,0,0,0,0,0,0,0,1,0,-3,0,"https://stats.nba.com/media/img/teams/logos/season/2024-25/BOS_logo.svg","https://stats.nba.com/player/1631248","https://ak-static.cms.nba.com/wp-content/uploads/headshots/nba/latest/260x190/1631248.png","https://ak-static.cms.nba.com/wp-content/uploads/headshots/nba/latest/260x190/1631248.png","https://stats.nba.com/media/players/700/1631248.png","https://stats.nba.com/media/img/league/nba-headshot-fallback.png"
"464",2025,"2024-25","NBA","Regular Season",2025-01-22,22400620,44,"Boston Celtics",1610612738,TRUE,FALSE,FALSE,"A","BOS @ LAC","BOS",1,0,"LAC","BOS","LAC","W","Jaylen Brown",37,1,0,1627759,TRUE,8,15,0.533,2,2,1,0.778,TRUE,6,13,0.461538461538462,39,7,9,0,2,2,6,3,1,5,4,25,1,43.4,"https://stats.nba.com/media/img/teams/logos/season/2024-25/BOS_logo.svg","https://stats.nba.com/player/1627759","https://stats.nba.com/media/players/230x185/1627759.png","https://ak-static.cms.nba.com/wp-content/uploads/headshots/nba/latest/260x190/1627759.png","https://stats.nba.com/media/players/700/1627759.png","https://ak-static.cms.nba.com/wp-content/uploads/headshots/nba/latest/260x190/1627759.png"
"465",2025,"2024-25","NBA","Regular Season",2025-01-23,22400629,45,"Boston Celtics",1610612738,TRUE,FALSE,TRUE,"A","BOS @ LAL","BOS",0,1,"LAL","LAL","BOS","L","Jayson Tatum",42,0,1,1628369,FALSE,5,12,0.417,2,6,0.333333333333333,0.571,TRUE,3,6,0.5,30,4,7,0,6,6,5,1,1,2,1,16,-13,34.7,"https://stats.nba.com/media/img/teams/logos/season/2024-25/BOS_logo.svg","https://stats.nba.com/player/1628369","https://ak-static.cms.nba.com/wp-content/uploads/headshots/nba/latest/260x190/1628369.png","https://ak-static.cms.nba.com/wp-content/uploads/headshots/nba/latest/260x190/1628369.png","https://stats.nba.com/media/players/700/1628369.png","https://ak-static.cms.nba.com/wp-content/uploads/headshots/nba/latest/260x190/1628369.png"
"466",2025,"2024-25","NBA","Regular Season",2025-01-23,22400629,45,"Boston Celtics",1610612738,TRUE,FALSE,TRUE,"A","BOS @ LAL","BOS",0,1,"LAL","LAL","BOS","L","Baylor Scheierman",9,0,15,1631248,FALSE,0,1,0,0,1,0,NA,TRUE,0,0,0,6,0,0,0,0,0,1,0,0,0,2,0,0,1.5,"https://stats.nba.com/media/img/teams/logos/season/2024-25/BOS_logo.svg","https://stats.nba.com/player/1631248","https://ak-static.cms.nba.com/wp-content/uploads/headshots/nba/latest/260x190/1631248.png","https://ak-static.cms.nba.com/wp-content/uploads/headshots/nba/latest/260x190/1631248.png","https://stats.nba.com/media/players/700/1631248.png","https://stats.nba.com/media/img/league/nba-headshot-fallback.png"
"467",2025,"2024-25","NBA","Regular Season",2025-01-23,22400629,45,"Boston Celtics",1610612738,TRUE,FALSE,TRUE,"A","BOS @ LAL","BOS",0,1,"LAL","LAL","BOS","L","Luke Kornet",39,0,1,1628436,FALSE,1,3,0.333,0,0,0,1,TRUE,1,3,0.333333333333333,12,2,2,4,0,4,0,0,0,0,3,4,-14,8.8,"https://stats.nba.com/media/img/teams/logos/season/2024-25/BOS_logo.svg","https://stats.nba.com/player/1628436","https://ak-static.cms.nba.com/wp-content/uploads/headshots/nba/latest/260x190/1628436.png","https://ak-static.cms.nba.com/wp-content/uploads/headshots/nba/latest/260x190/1628436.png","https://stats.nba.com/media/players/700/1628436.png","https://ak-static.cms.nba.com/wp-content/uploads/headshots/nba/latest/260x190/1628436.png"
"468",2025,"2024-25","NBA","Regular Season",2025-01-23,22400629,45,"Boston Celtics",1610612738,TRUE,FALSE,TRUE,"A","BOS @ LAL","BOS",0,1,"LAL","LAL","BOS","L","Neemias Queta",37,0,3,1629674,FALSE,2,3,0.667,0,0,0,1,TRUE,2,3,0.666666666666667,9,2,2,1,0,1,3,2,1,0,0,6,4,20.7,"https://stats.nba.com/media/img/teams/logos/season/2024-25/BOS_logo.svg","https://stats.nba.com/player/1629674","https://ak-static.cms.nba.com/wp-content/uploads/headshots/nba/latest/260x190/1629674.png","https://ak-static.cms.nba.com/wp-content/uploads/headshots/nba/latest/260x190/1629674.png","https://stats.nba.com/media/players/700/1629674.png","https://stats.nba.com/media/img/league/nba-headshot-fallback.png"
"469",2025,"2024-25","NBA","Regular Season",2025-01-23,22400629,45,"Boston Celtics",1610612738,TRUE,FALSE,TRUE,"A","BOS @ LAL","BOS",0,1,"LAL","LAL","BOS","L","Payton Pritchard",45,0,1,1630202,FALSE,2,12,0.167,1,5,0.2,1,TRUE,1,7,0.142857142857143,24,2,2,0,2,2,2,0,1,0,0,7,-17,15.4,"https://stats.nba.com/media/img/teams/logos/season/2024-25/BOS_logo.svg","https://stats.nba.com/player/1630202","https://ak-static.cms.nba.com/wp-content/uploads/headshots/nba/latest/260x190/1630202.png","https://ak-static.cms.nba.com/wp-content/uploads/headshots/nba/latest/260x190/1630202.png","https://stats.nba.com/media/players/700/1630202.png","https://stats.nba.com/media/img/league/nba-headshot-fallback.png"
"470",2025,"2024-25","NBA","Regular Season",2025-01-23,22400629,45,"Boston Celtics",1610612738,TRUE,FALSE,TRUE,"A","BOS @ LAL","BOS",0,1,"LAL","LAL","BOS","L","Jaden Springer",21,0,1,1630531,FALSE,4,5,0.8,2,2,1,NA,TRUE,2,3,0.666666666666667,9,0,0,0,2,2,1,0,0,0,0,10,4,13.9,"https://stats.nba.com/media/img/teams/logos/season/2024-25/BOS_logo.svg","https://stats.nba.com/player/1630531","https://ak-static.cms.nba.com/wp-content/uploads/headshots/nba/latest/260x190/1630531.png","https://ak-static.cms.nba.com/wp-content/uploads/headshots/nba/latest/260x190/1630531.png","https://stats.nba.com/media/players/700/1630531.png","https://stats.nba.com/media/img/league/nba-headshot-fallback.png"
"471",2025,"2024-25","NBA","Regular Season",2025-01-23,22400629,45,"Boston Celtics",1610612738,TRUE,FALSE,TRUE,"A","BOS @ LAL","BOS",0,1,"LAL","LAL","BOS","L","Al Horford",35,2,1,201143,FALSE,1,5,0.2,0,3,0,NA,TRUE,1,2,0.5,24,0,0,0,4,4,2,0,1,1,2,2,-22,11.8,"https://stats.nba.com/media/img/teams/logos/season/2024-25/BOS_logo.svg","https://stats.nba.com/player/201143","https://stats.nba.com/media/players/230x185/201143.png","https://ak-static.cms.nba.com/wp-content/uploads/headshots/nba/latest/260x190/201143.png","https://stats.nba.com/media/players/700/201143.png","https://ak-static.cms.nba.com/wp-content/uploads/headshots/nba/latest/260x190/201143.png"
"472",2025,"2024-25","NBA","Regular Season",2025-01-23,22400629,45,"Boston Celtics",1610612738,TRUE,FALSE,TRUE,"A","BOS @ LAL","BOS",0,1,"LAL","LAL","BOS","L","Kristaps Porziņģis",20,2,1,204001,FALSE,9,16,0.563,2,5,0.4,1,TRUE,7,11,0.636363636363636,27,2,2,1,6,7,2,0,1,1,2,22,-11,35.4,"https://stats.nba.com/media/img/teams/logos/season/2024-25/BOS_logo.svg","https://stats.nba.com/player/204001","https://stats.nba.com/media/players/230x185/204001.png","https://ak-static.cms.nba.com/wp-content/uploads/headshots/nba/latest/260x190/204001.png","https://stats.nba.com/media/players/700/204001.png","https://ak-static.cms.nba.com/wp-content/uploads/headshots/nba/latest/260x190/204001.png"
"473",2025,"2024-25","NBA","Regular Season",2025-01-23,22400629,45,"Boston Celtics",1610612738,TRUE,FALSE,TRUE,"A","BOS @ LAL","BOS",0,1,"LAL","LAL","BOS","L","Sam Hauser",38,0,1,1630573,FALSE,2,4,0.5,2,4,0.5,NA,TRUE,0,0,0,13,0,0,0,2,2,0,0,0,0,1,6,-9,8.4,"https://stats.nba.com/media/img/teams/logos/season/2024-25/BOS_logo.svg","https://stats.nba.com/player/1630573","https://ak-static.cms.nba.com/wp-content/uploads/headshots/nba/latest/260x190/1630573.png","https://ak-static.cms.nba.com/wp-content/uploads/headshots/nba/latest/260x190/1630573.png","https://stats.nba.com/media/players/700/1630573.png","https://stats.nba.com/media/img/league/nba-headshot-fallback.png"
"474",2025,"2024-25","NBA","Regular Season",2025-01-23,22400629,45,"Boston Celtics",1610612738,TRUE,FALSE,TRUE,"A","BOS @ LAL","BOS",0,1,"LAL","LAL","BOS","L","Derrick White",43,0,1,1628401,FALSE,1,5,0.2,1,3,0.333333333333333,NA,TRUE,0,2,0,19,0,0,3,0,3,3,0,1,1,1,3,-1,13.1,"https://stats.nba.com/media/img/teams/logos/season/2024-25/BOS_logo.svg","https://stats.nba.com/player/1628401","https://ak-static.cms.nba.com/wp-content/uploads/headshots/nba/latest/260x190/1628401.png","https://ak-static.cms.nba.com/wp-content/uploads/headshots/nba/latest/260x190/1628401.png","https://stats.nba.com/media/players/700/1628401.png","https://ak-static.cms.nba.com/wp-content/uploads/headshots/nba/latest/260x190/1628401.png"
"475",2025,"2024-25","NBA","Regular Season",2025-01-23,22400629,45,"Boston Celtics",1610612738,TRUE,FALSE,TRUE,"A","BOS @ LAL","BOS",0,1,"LAL","LAL","BOS","L","Jordan Walsh",31,0,1,1641775,FALSE,0,0,NA,0,0,0,NA,TRUE,0,0,0,8,0,0,0,0,0,0,0,0,0,1,0,0,0,"https://stats.nba.com/media/img/teams/logos/season/2024-25/BOS_logo.svg","https://stats.nba.com/player/1641775","https://ak-static.cms.nba.com/wp-content/uploads/headshots/nba/latest/260x190/1641775.png","https://ak-static.cms.nba.com/wp-content/uploads/headshots/nba/latest/260x190/1641775.png","https://stats.nba.com/media/players/700/1641775.png","https://stats.nba.com/media/img/league/nba-headshot-fallback.png"
"476",2025,"2024-25","NBA","Regular Season",2025-01-23,22400629,45,"Boston Celtics",1610612738,TRUE,FALSE,TRUE,"A","BOS @ LAL","BOS",0,1,"LAL","LAL","BOS","L","Jrue Holiday",38,2,1,201950,FALSE,1,6,0.167,1,3,0.333333333333333,NA,TRUE,0,3,0,25,0,0,0,3,3,1,1,0,2,2,3,-8,9.1,"https://stats.nba.com/media/img/teams/logos/season/2024-25/BOS_logo.svg","https://stats.nba.com/player/201950","https://stats.nba.com/media/players/230x185/201950.png","https://ak-static.cms.nba.com/wp-content/uploads/headshots/nba/latest/260x190/201950.png","https://stats.nba.com/media/players/700/201950.png","https://ak-static.cms.nba.com/wp-content/uploads/headshots/nba/latest/260x190/201950.png"
"477",2025,"2024-25","NBA","Regular Season",2025-01-23,22400629,45,"Boston Celtics",1610612738,TRUE,FALSE,TRUE,"A","BOS @ LAL","BOS",0,1,"LAL","LAL","BOS","L","Jaylen Brown",38,0,1,1627759,FALSE,7,19,0.368,3,9,0.333333333333333,0,TRUE,4,10,0.4,33,0,3,2,6,8,3,1,0,0,2,17,-18,34.1,"https://stats.nba.com/media/img/teams/logos/season/2024-25/BOS_logo.svg","https://stats.nba.com/player/1627759","https://stats.nba.com/media/players/230x185/1627759.png","https://ak-static.cms.nba.com/wp-content/uploads/headshots/nba/latest/260x190/1627759.png","https://stats.nba.com/media/players/700/1627759.png","https://ak-static.cms.nba.com/wp-content/uploads/headshots/nba/latest/260x190/1627759.png"
"478",2025,"2024-25","NBA","Regular Season",2025-01-25,22400635,46,"Boston Celtics",1610612738,FALSE,FALSE,FALSE,"A","BOS @ DAL","BOS",1,1,"DAL","BOS","DAL","W","Sam Hauser",39,1,5,1630573,TRUE,2,3,0.667,2,3,0.666666666666667,NA,TRUE,0,0,0,14,0,0,0,1,1,1,0,0,0,2,6,-1,8.7,"https://stats.nba.com/media/img/teams/logos/season/2024-25/BOS_logo.svg","https://stats.nba.com/player/1630573","https://ak-static.cms.nba.com/wp-content/uploads/headshots/nba/latest/260x190/1630573.png","https://ak-static.cms.nba.com/wp-content/uploads/headshots/nba/latest/260x190/1630573.png","https://stats.nba.com/media/players/700/1630573.png","https://stats.nba.com/media/img/league/nba-headshot-fallback.png"
"479",2025,"2024-25","NBA","Regular Season",2025-01-25,22400635,46,"Boston Celtics",1610612738,FALSE,FALSE,FALSE,"A","BOS @ DAL","BOS",1,1,"DAL","BOS","DAL","W","Jordan Walsh",32,1,1,1641775,TRUE,0,1,0,0,1,0,NA,TRUE,0,0,0,2,0,0,0,0,0,0,0,0,1,0,0,0,-1,"https://stats.nba.com/media/img/teams/logos/season/2024-25/BOS_logo.svg","https://stats.nba.com/player/1641775","https://ak-static.cms.nba.com/wp-content/uploads/headshots/nba/latest/260x190/1641775.png","https://ak-static.cms.nba.com/wp-content/uploads/headshots/nba/latest/260x190/1641775.png","https://stats.nba.com/media/players/700/1641775.png","https://stats.nba.com/media/img/league/nba-headshot-fallback.png"
"480",2025,"2024-25","NBA","Regular Season",2025-01-25,22400635,46,"Boston Celtics",1610612738,FALSE,FALSE,FALSE,"A","BOS @ DAL","BOS",1,1,"DAL","BOS","DAL","W","Jrue Holiday",39,1,1,201950,TRUE,6,12,0.5,5,10,0.5,NA,TRUE,1,2,0.5,30,0,0,1,2,3,4,1,1,0,1,17,4,32.6,"https://stats.nba.com/media/img/teams/logos/season/2024-25/BOS_logo.svg","https://stats.nba.com/player/201950","https://stats.nba.com/media/players/230x185/201950.png","https://ak-static.cms.nba.com/wp-content/uploads/headshots/nba/latest/260x190/201950.png","https://stats.nba.com/media/players/700/201950.png","https://ak-static.cms.nba.com/wp-content/uploads/headshots/nba/latest/260x190/201950.png"
"481",2025,"2024-25","NBA","Regular Season",2025-01-25,22400635,46,"Boston Celtics",1610612738,FALSE,FALSE,FALSE,"A","BOS @ DAL","BOS",1,1,"DAL","BOS","DAL","W","Jaylen Brown",39,1,1,1627759,TRUE,10,21,0.476,0,5,0,0.333,TRUE,10,16,0.625,31,2,6,1,7,8,6,0,0,0,4,22,10,40.6,"https://stats.nba.com/media/img/teams/logos/season/2024-25/BOS_logo.svg","https://stats.nba.com/player/1627759","https://stats.nba.com/media/players/230x185/1627759.png","https://ak-static.cms.nba.com/wp-content/uploads/headshots/nba/latest/260x190/1627759.png","https://stats.nba.com/media/players/700/1627759.png","https://ak-static.cms.nba.com/wp-content/uploads/headshots/nba/latest/260x190/1627759.png"
"482",2025,"2024-25","NBA","Regular Season",2025-01-25,22400635,46,"Boston Celtics",1610612738,FALSE,FALSE,FALSE,"A","BOS @ DAL","BOS",1,1,"DAL","BOS","DAL","W","Jayson Tatum",43,1,1,1628369,TRUE,8,22,0.364,4,12,0.333333333333333,1,TRUE,4,10,0.4,35,4,4,0,6,6,3,1,0,3,5,24,-4,35.7,"https://stats.nba.com/media/img/teams/logos/season/2024-25/BOS_logo.svg","https://stats.nba.com/player/1628369","https://ak-static.cms.nba.com/wp-content/uploads/headshots/nba/latest/260x190/1628369.png","https://ak-static.cms.nba.com/wp-content/uploads/headshots/nba/latest/260x190/1628369.png","https://stats.nba.com/media/players/700/1628369.png","https://ak-static.cms.nba.com/wp-content/uploads/headshots/nba/latest/260x190/1628369.png"
"483",2025,"2024-25","NBA","Regular Season",2025-01-25,22400635,46,"Boston Celtics",1610612738,FALSE,FALSE,FALSE,"A","BOS @ DAL","BOS",1,1,"DAL","BOS","DAL","W","Jaden Springer",22,1,1,1630531,TRUE,0,0,NA,0,0,0,NA,TRUE,0,0,0,2,0,0,0,0,0,0,1,0,0,0,0,0,3,"https://stats.nba.com/media/img/teams/logos/season/2024-25/BOS_logo.svg","https://stats.nba.com/player/1630531","https://ak-static.cms.nba.com/wp-content/uploads/headshots/nba/latest/260x190/1630531.png","https://ak-static.cms.nba.com/wp-content/uploads/headshots/nba/latest/260x190/1630531.png","https://stats.nba.com/media/players/700/1630531.png","https://stats.nba.com/media/img/league/nba-headshot-fallback.png"
"484",2025,"2024-25","NBA","Regular Season",2025-01-25,22400635,46,"Boston Celtics",1610612738,FALSE,FALSE,FALSE,"A","BOS @ DAL","BOS",1,1,"DAL","BOS","DAL","W","Al Horford",36,1,5,201143,TRUE,2,8,0.25,0,2,0,NA,TRUE,2,6,0.333333333333333,19,0,0,4,2,6,1,0,0,0,2,4,16,12.7,"https://stats.nba.com/media/img/teams/logos/season/2024-25/BOS_logo.svg","https://stats.nba.com/player/201143","https://stats.nba.com/media/players/230x185/201143.png","https://ak-static.cms.nba.com/wp-content/uploads/headshots/nba/latest/260x190/201143.png","https://stats.nba.com/media/players/700/201143.png","https://ak-static.cms.nba.com/wp-content/uploads/headshots/nba/latest/260x190/201143.png"
"485",2025,"2024-25","NBA","Regular Season",2025-01-25,22400635,46,"Boston Celtics",1610612738,FALSE,FALSE,FALSE,"A","BOS @ DAL","BOS",1,1,"DAL","BOS","DAL","W","Kristaps Porziņģis",21,1,1,204001,TRUE,6,12,0.5,3,5,0.6,1,TRUE,3,7,0.428571428571429,28,3,3,2,2,4,5,0,2,1,4,18,1,35.3,"https://stats.nba.com/media/img/teams/logos/season/2024-25/BOS_logo.svg","https://stats.nba.com/player/204001","https://stats.nba.com/media/players/230x185/204001.png","https://ak-static.cms.nba.com/wp-content/uploads/headshots/nba/latest/260x190/204001.png","https://stats.nba.com/media/players/700/204001.png","https://ak-static.cms.nba.com/wp-content/uploads/headshots/nba/latest/260x190/204001.png"
"486",2025,"2024-25","NBA","Regular Season",2025-01-25,22400635,46,"Boston Celtics",1610612738,FALSE,FALSE,FALSE,"A","BOS @ DAL","BOS",1,1,"DAL","BOS","DAL","W","Luke Kornet",40,1,1,1628436,TRUE,1,4,0.25,0,0,0,NA,TRUE,1,4,0.25,17,0,0,4,6,10,5,0,2,0,0,2,21,27.5,"https://stats.nba.com/media/img/teams/logos/season/2024-25/BOS_logo.svg","https://stats.nba.com/player/1628436","https://ak-static.cms.nba.com/wp-content/uploads/headshots/nba/latest/260x190/1628436.png","https://ak-static.cms.nba.com/wp-content/uploads/headshots/nba/latest/260x190/1628436.png","https://stats.nba.com/media/players/700/1628436.png","https://ak-static.cms.nba.com/wp-content/uploads/headshots/nba/latest/260x190/1628436.png"
"487",2025,"2024-25","NBA","Regular Season",2025-01-25,22400635,46,"Boston Celtics",1610612738,FALSE,FALSE,FALSE,"A","BOS @ DAL","BOS",1,1,"DAL","BOS","DAL","W","Derrick White",44,1,3,1628401,TRUE,7,16,0.438,4,10,0.4,0.833,TRUE,3,6,0.5,36,5,6,2,2,4,4,0,0,0,4,23,7,33.8,"https://stats.nba.com/media/img/teams/logos/season/2024-25/BOS_logo.svg","https://stats.nba.com/player/1628401","https://ak-static.cms.nba.com/wp-content/uploads/headshots/nba/latest/260x190/1628401.png","https://ak-static.cms.nba.com/wp-content/uploads/headshots/nba/latest/260x190/1628401.png","https://stats.nba.com/media/players/700/1628401.png","https://ak-static.cms.nba.com/wp-content/uploads/headshots/nba/latest/260x190/1628401.png"
"488",2025,"2024-25","NBA","Regular Season",2025-01-25,22400635,46,"Boston Celtics",1610612738,FALSE,FALSE,FALSE,"A","BOS @ DAL","BOS",1,1,"DAL","BOS","DAL","W","Payton Pritchard",46,1,1,1630202,TRUE,2,4,0.5,2,4,0.5,NA,TRUE,0,0,0,27,0,0,3,6,9,4,1,0,0,2,6,21,25.8,"https://stats.nba.com/media/img/teams/logos/season/2024-25/BOS_logo.svg","https://stats.nba.com/player/1630202","https://ak-static.cms.nba.com/wp-content/uploads/headshots/nba/latest/260x190/1630202.png","https://ak-static.cms.nba.com/wp-content/uploads/headshots/nba/latest/260x190/1630202.png","https://stats.nba.com/media/players/700/1630202.png","https://stats.nba.com/media/img/league/nba-headshot-fallback.png"
"489",2025,"2024-25","NBA","Regular Season",2025-01-27,22400650,47,"Boston Celtics",1610612738,FALSE,FALSE,FALSE,"H","BOS vs. HOU","BOS",1,1,"HOU","HOU","BOS","L","Kristaps Porziņģis",22,1,1,204001,FALSE,6,8,0.75,3,4,0.75,1,TRUE,3,4,0.75,25,2,2,2,6,8,2,0,1,1,5,17,3,31.6,"https://stats.nba.com/media/img/teams/logos/season/2024-25/BOS_logo.svg","https://stats.nba.com/player/204001","https://stats.nba.com/media/players/230x185/204001.png","https://ak-static.cms.nba.com/wp-content/uploads/headshots/nba/latest/260x190/204001.png","https://stats.nba.com/media/players/700/204001.png","https://ak-static.cms.nba.com/wp-content/uploads/headshots/nba/latest/260x190/204001.png"
"490",2025,"2024-25","NBA","Regular Season",2025-01-27,22400650,47,"Boston Celtics",1610612738,FALSE,FALSE,FALSE,"H","BOS vs. HOU","BOS",1,1,"HOU","HOU","BOS","L","Jaden Springer",23,1,1,1630531,FALSE,1,3,0.333,1,3,0.333333333333333,NA,TRUE,0,0,0,7,0,0,0,1,1,0,1,0,0,0,3,11,7.2,"https://stats.nba.com/media/img/teams/logos/season/2024-25/BOS_logo.svg","https://stats.nba.com/player/1630531","https://ak-static.cms.nba.com/wp-content/uploads/headshots/nba/latest/260x190/1630531.png","https://ak-static.cms.nba.com/wp-content/uploads/headshots/nba/latest/260x190/1630531.png","https://stats.nba.com/media/players/700/1630531.png","https://stats.nba.com/media/img/league/nba-headshot-fallback.png"
"491",2025,"2024-25","NBA","Regular Season",2025-01-27,22400650,47,"Boston Celtics",1610612738,FALSE,FALSE,FALSE,"H","BOS vs. HOU","BOS",1,1,"HOU","HOU","BOS","L","Jordan Walsh",33,1,1,1641775,FALSE,0,1,0,0,1,0,NA,TRUE,0,0,0,4,0,0,0,0,0,0,0,0,0,0,0,0,0,"https://stats.nba.com/media/img/teams/logos/season/2024-25/BOS_logo.svg","https://stats.nba.com/player/1641775","https://ak-static.cms.nba.com/wp-content/uploads/headshots/nba/latest/260x190/1641775.png","https://ak-static.cms.nba.com/wp-content/uploads/headshots/nba/latest/260x190/1641775.png","https://stats.nba.com/media/players/700/1641775.png","https://stats.nba.com/media/img/league/nba-headshot-fallback.png"
"492",2025,"2024-25","NBA","Regular Season",2025-01-27,22400650,47,"Boston Celtics",1610612738,FALSE,FALSE,FALSE,"H","BOS vs. HOU","BOS",1,1,"HOU","HOU","BOS","L","Payton Pritchard",47,1,1,1630202,FALSE,5,7,0.714,5,6,0.833333333333333,NA,TRUE,0,1,0,31,0,0,0,4,4,3,1,0,0,1,15,-7,27.3,"https://stats.nba.com/media/img/teams/logos/season/2024-25/BOS_logo.svg","https://stats.nba.com/player/1630202","https://ak-static.cms.nba.com/wp-content/uploads/headshots/nba/latest/260x190/1630202.png","https://ak-static.cms.nba.com/wp-content/uploads/headshots/nba/latest/260x190/1630202.png","https://stats.nba.com/media/players/700/1630202.png","https://stats.nba.com/media/img/league/nba-headshot-fallback.png"
"493",2025,"2024-25","NBA","Regular Season",2025-01-27,22400650,47,"Boston Celtics",1610612738,FALSE,FALSE,FALSE,"H","BOS vs. HOU","BOS",1,1,"HOU","HOU","BOS","L","Jaylen Brown",40,1,1,1627759,FALSE,10,23,0.435,3,9,0.333333333333333,0.833,TRUE,7,14,0.5,38,5,6,0,4,4,4,0,1,2,4,28,-12,39.8,"https://stats.nba.com/media/img/teams/logos/season/2024-25/BOS_logo.svg","https://stats.nba.com/player/1627759","https://stats.nba.com/media/players/230x185/1627759.png","https://ak-static.cms.nba.com/wp-content/uploads/headshots/nba/latest/260x190/1627759.png","https://stats.nba.com/media/players/700/1627759.png","https://ak-static.cms.nba.com/wp-content/uploads/headshots/nba/latest/260x190/1627759.png"
"494",2025,"2024-25","NBA","Regular Season",2025-01-27,22400650,47,"Boston Celtics",1610612738,FALSE,FALSE,FALSE,"H","BOS vs. HOU","BOS",1,1,"HOU","HOU","BOS","L","Luke Kornet",41,1,1,1628436,FALSE,8,9,0.889,0,0,0,1,TRUE,8,9,0.888888888888889,33,2,2,2,5,7,1,1,1,3,3,18,-1,30.9,"https://stats.nba.com/media/img/teams/logos/season/2024-25/BOS_logo.svg","https://stats.nba.com/player/1628436","https://ak-static.cms.nba.com/wp-content/uploads/headshots/nba/latest/260x190/1628436.png","https://ak-static.cms.nba.com/wp-content/uploads/headshots/nba/latest/260x190/1628436.png","https://stats.nba.com/media/players/700/1628436.png","https://ak-static.cms.nba.com/wp-content/uploads/headshots/nba/latest/260x190/1628436.png"
"495",2025,"2024-25","NBA","Regular Season",2025-01-27,22400650,47,"Boston Celtics",1610612738,FALSE,FALSE,FALSE,"H","BOS vs. HOU","BOS",1,1,"HOU","HOU","BOS","L","Neemias Queta",38,3,1,1629674,FALSE,1,2,0.5,0,0,0,1,TRUE,1,2,0.5,19,2,2,1,4,5,1,0,0,2,2,4,0,9.5,"https://stats.nba.com/media/img/teams/logos/season/2024-25/BOS_logo.svg","https://stats.nba.com/player/1629674","https://ak-static.cms.nba.com/wp-content/uploads/headshots/nba/latest/260x190/1629674.png","https://ak-static.cms.nba.com/wp-content/uploads/headshots/nba/latest/260x190/1629674.png","https://stats.nba.com/media/players/700/1629674.png","https://stats.nba.com/media/img/league/nba-headshot-fallback.png"
"496",2025,"2024-25","NBA","Regular Season",2025-01-27,22400650,47,"Boston Celtics",1610612738,FALSE,FALSE,FALSE,"H","BOS vs. HOU","BOS",1,1,"HOU","HOU","BOS","L","Xavier Tillman",26,6,11,1630214,FALSE,0,3,0,0,2,0,NA,TRUE,0,1,0,6,0,0,0,0,0,0,0,0,1,1,0,-8,-1,"https://stats.nba.com/media/img/teams/logos/season/2024-25/BOS_logo.svg","https://stats.nba.com/player/1630214","https://ak-static.cms.nba.com/wp-content/uploads/headshots/nba/latest/260x190/1630214.png","https://ak-static.cms.nba.com/wp-content/uploads/headshots/nba/latest/260x190/1630214.png","https://stats.nba.com/media/players/700/1630214.png","https://stats.nba.com/media/img/league/nba-headshot-fallback.png"
"497",2025,"2024-25","NBA","Regular Season",2025-01-27,22400650,47,"Boston Celtics",1610612738,FALSE,FALSE,FALSE,"H","BOS vs. HOU","BOS",1,1,"HOU","HOU","BOS","L","Drew Peterson",12,23,1,1641809,FALSE,0,1,0,0,1,0,NA,TRUE,0,0,0,3,0,0,0,1,1,0,0,0,0,1,0,5,1.2,"https://stats.nba.com/media/img/teams/logos/season/2024-25/BOS_logo.svg","https://stats.nba.com/player/1641809","https://ak-static.cms.nba.com/wp-content/uploads/headshots/nba/latest/260x190/1641809.png","https://ak-static.cms.nba.com/wp-content/uploads/headshots/nba/latest/260x190/1641809.png","https://stats.nba.com/media/players/700/1641809.png","https://stats.nba.com/media/img/league/nba-headshot-fallback.png"
"498",2025,"2024-25","NBA","Regular Season",2025-01-27,22400650,47,"Boston Celtics",1610612738,FALSE,FALSE,FALSE,"H","BOS vs. HOU","BOS",1,1,"HOU","HOU","BOS","L","Jrue Holiday",40,1,1,201950,FALSE,3,9,0.333,2,6,0.333333333333333,NA,TRUE,1,3,0.333333333333333,31,0,0,0,5,5,3,1,1,2,3,8,-12,22.5,"https://stats.nba.com/media/img/teams/logos/season/2024-25/BOS_logo.svg","https://stats.nba.com/player/201950","https://stats.nba.com/media/players/230x185/201950.png","https://ak-static.cms.nba.com/wp-content/uploads/headshots/nba/latest/260x190/201950.png","https://stats.nba.com/media/players/700/201950.png","https://ak-static.cms.nba.com/wp-content/uploads/headshots/nba/latest/260x190/201950.png"
"499",2025,"2024-25","NBA","Regular Season",2025-01-27,22400650,47,"Boston Celtics",1610612738,FALSE,FALSE,FALSE,"H","BOS vs. HOU","BOS",1,1,"HOU","HOU","BOS","L","Jayson Tatum",44,1,1,1628369,FALSE,5,14,0.357,1,7,0.142857142857143,1,TRUE,4,7,0.571428571428571,42,8,8,2,4,6,7,0,0,3,0,19,11,33.7,"https://stats.nba.com/media/img/teams/logos/season/2024-25/BOS_logo.svg","https://stats.nba.com/player/1628369","https://ak-static.cms.nba.com/wp-content/uploads/headshots/nba/latest/260x190/1628369.png","https://ak-static.cms.nba.com/wp-content/uploads/headshots/nba/latest/260x190/1628369.png","https://stats.nba.com/media/players/700/1628369.png","https://ak-static.cms.nba.com/wp-content/uploads/headshots/nba/latest/260x190/1628369.png"
"500",2025,"2024-25","NBA","Regular Season",2025-01-29,22400666,48,"Boston Celtics",1610612738,FALSE,FALSE,FALSE,"H","BOS vs. CHI","BOS",1,1,"CHI","BOS","CHI","W","Luke Kornet",42,1,1,1628436,TRUE,1,3,0.333,0,0,0,NA,TRUE,1,3,0.333333333333333,15,0,0,1,1,2,0,0,0,0,2,2,-1,4.4,"https://stats.nba.com/media/img/teams/logos/season/2024-25/BOS_logo.svg","https://stats.nba.com/player/1628436","https://ak-static.cms.nba.com/wp-content/uploads/headshots/nba/latest/260x190/1628436.png","https://ak-static.cms.nba.com/wp-content/uploads/headshots/nba/latest/260x190/1628436.png","https://stats.nba.com/media/players/700/1628436.png","https://ak-static.cms.nba.com/wp-content/uploads/headshots/nba/latest/260x190/1628436.png"
"501",2025,"2024-25","NBA","Regular Season",2025-01-29,22400666,48,"Boston Celtics",1610612738,FALSE,FALSE,FALSE,"H","BOS vs. CHI","BOS",1,1,"CHI","BOS","CHI","W","Jaden Springer",24,1,1,1630531,TRUE,1,3,0.333,1,2,0.5,0.5,TRUE,0,1,0,20,1,2,0,5,5,2,2,1,1,1,4,0,21,"https://stats.nba.com/media/img/teams/logos/season/2024-25/BOS_logo.svg","https://stats.nba.com/player/1630531","https://ak-static.cms.nba.com/wp-content/uploads/headshots/nba/latest/260x190/1630531.png","https://ak-static.cms.nba.com/wp-content/uploads/headshots/nba/latest/260x190/1630531.png","https://stats.nba.com/media/players/700/1630531.png","https://stats.nba.com/media/img/league/nba-headshot-fallback.png"
"502",2025,"2024-25","NBA","Regular Season",2025-01-29,22400666,48,"Boston Celtics",1610612738,FALSE,FALSE,FALSE,"H","BOS vs. CHI","BOS",1,1,"CHI","BOS","CHI","W","Jrue Holiday",41,1,1,201950,TRUE,3,9,0.333,0,4,0,NA,TRUE,3,5,0.6,23,0,0,4,3,7,3,1,0,2,1,6,15,19.9,"https://stats.nba.com/media/img/teams/logos/season/2024-25/BOS_logo.svg","https://stats.nba.com/player/201950","https://stats.nba.com/media/players/230x185/201950.png","https://ak-static.cms.nba.com/wp-content/uploads/headshots/nba/latest/260x190/201950.png","https://stats.nba.com/media/players/700/201950.png","https://ak-static.cms.nba.com/wp-content/uploads/headshots/nba/latest/260x190/201950.png"
"503",2025,"2024-25","NBA","Regular Season",2025-01-29,22400666,48,"Boston Celtics",1610612738,FALSE,FALSE,FALSE,"H","BOS vs. CHI","BOS",1,1,"CHI","BOS","CHI","W","Kristaps Porziņģis",23,1,1,204001,TRUE,10,18,0.556,8,14,0.571428571428571,1,TRUE,2,4,0.5,33,6,6,1,10,11,3,3,0,1,2,34,22,59.7,"https://stats.nba.com/media/img/teams/logos/season/2024-25/BOS_logo.svg","https://stats.nba.com/player/204001","https://stats.nba.com/media/players/230x185/204001.png","https://ak-static.cms.nba.com/wp-content/uploads/headshots/nba/latest/260x190/204001.png","https://stats.nba.com/media/players/700/204001.png","https://ak-static.cms.nba.com/wp-content/uploads/headshots/nba/latest/260x190/204001.png"
"504",2025,"2024-25","NBA","Regular Season",2025-01-29,22400666,48,"Boston Celtics",1610612738,FALSE,FALSE,FALSE,"H","BOS vs. CHI","BOS",1,1,"CHI","BOS","CHI","W","Jayson Tatum",45,1,1,1628369,TRUE,5,15,0.333,2,6,0.333333333333333,1,TRUE,3,9,0.333333333333333,32,4,4,0,8,8,5,0,0,3,1,16,14,30.1,"https://stats.nba.com/media/img/teams/logos/season/2024-25/BOS_logo.svg","https://stats.nba.com/player/1628369","https://ak-static.cms.nba.com/wp-content/uploads/headshots/nba/latest/260x190/1628369.png","https://ak-static.cms.nba.com/wp-content/uploads/headshots/nba/latest/260x190/1628369.png","https://stats.nba.com/media/players/700/1628369.png","https://ak-static.cms.nba.com/wp-content/uploads/headshots/nba/latest/260x190/1628369.png"
"505",2025,"2024-25","NBA","Regular Season",2025-01-29,22400666,48,"Boston Celtics",1610612738,FALSE,FALSE,FALSE,"H","BOS vs. CHI","BOS",1,1,"CHI","BOS","CHI","W","Derrick White",45,3,1,1628401,TRUE,7,14,0.5,4,10,0.4,1,TRUE,3,4,0.75,40,4,4,0,1,1,5,0,1,0,1,22,19,33.7,"https://stats.nba.com/media/img/teams/logos/season/2024-25/BOS_logo.svg","https://stats.nba.com/player/1628401","https://ak-static.cms.nba.com/wp-content/uploads/headshots/nba/latest/260x190/1628401.png","https://ak-static.cms.nba.com/wp-content/uploads/headshots/nba/latest/260x190/1628401.png","https://stats.nba.com/media/players/700/1628401.png","https://ak-static.cms.nba.com/wp-content/uploads/headshots/nba/latest/260x190/1628401.png"
"506",2025,"2024-25","NBA","Regular Season",2025-01-29,22400666,48,"Boston Celtics",1610612738,FALSE,FALSE,FALSE,"H","BOS vs. CHI","BOS",1,1,"CHI","BOS","CHI","W","Jordan Walsh",34,1,7,1641775,TRUE,0,0,NA,0,0,0,NA,TRUE,0,0,0,2,0,0,0,1,1,0,0,0,0,0,0,1,1.2,"https://stats.nba.com/media/img/teams/logos/season/2024-25/BOS_logo.svg","https://stats.nba.com/player/1641775","https://ak-static.cms.nba.com/wp-content/uploads/headshots/nba/latest/260x190/1641775.png","https://ak-static.cms.nba.com/wp-content/uploads/headshots/nba/latest/260x190/1641775.png","https://stats.nba.com/media/players/700/1641775.png","https://stats.nba.com/media/img/league/nba-headshot-fallback.png"
"507",2025,"2024-25","NBA","Regular Season",2025-01-29,22400666,48,"Boston Celtics",1610612738,FALSE,FALSE,FALSE,"H","BOS vs. CHI","BOS",1,1,"CHI","BOS","CHI","W","Jaylen Brown",41,1,1,1627759,TRUE,10,18,0.556,1,5,0.2,0.636,TRUE,9,13,0.692307692307692,36,7,11,0,6,6,6,1,0,0,3,28,23,47.2,"https://stats.nba.com/media/img/teams/logos/season/2024-25/BOS_logo.svg","https://stats.nba.com/player/1627759","https://stats.nba.com/media/players/230x185/1627759.png","https://ak-static.cms.nba.com/wp-content/uploads/headshots/nba/latest/260x190/1627759.png","https://stats.nba.com/media/players/700/1627759.png","https://ak-static.cms.nba.com/wp-content/uploads/headshots/nba/latest/260x190/1627759.png"
"508",2025,"2024-25","NBA","Regular Season",2025-01-29,22400666,48,"Boston Celtics",1610612738,FALSE,FALSE,FALSE,"H","BOS vs. CHI","BOS",1,1,"CHI","BOS","CHI","W","Drew Peterson",13,1,7,1641809,TRUE,0,1,0,0,0,0,NA,TRUE,0,1,0,5,0,0,0,2,2,0,0,0,0,1,0,3,2.4,"https://stats.nba.com/media/img/teams/logos/season/2024-25/BOS_logo.svg","https://stats.nba.com/player/1641809","https://ak-static.cms.nba.com/wp-content/uploads/headshots/nba/latest/260x190/1641809.png","https://ak-static.cms.nba.com/wp-content/uploads/headshots/nba/latest/260x190/1641809.png","https://stats.nba.com/media/players/700/1641809.png","https://stats.nba.com/media/img/league/nba-headshot-fallback.png"
"509",2025,"2024-25","NBA","Regular Season",2025-01-29,22400666,48,"Boston Celtics",1610612738,FALSE,FALSE,FALSE,"H","BOS vs. CHI","BOS",1,1,"CHI","BOS","CHI","W","Payton Pritchard",48,1,1,1630202,TRUE,4,6,0.667,2,3,0.666666666666667,NA,TRUE,2,3,0.666666666666667,34,0,0,0,2,2,7,2,1,1,1,10,13,30.9,"https://stats.nba.com/media/img/teams/logos/season/2024-25/BOS_logo.svg","https://stats.nba.com/player/1630202","https://ak-static.cms.nba.com/wp-content/uploads/headshots/nba/latest/260x190/1630202.png","https://ak-static.cms.nba.com/wp-content/uploads/headshots/nba/latest/260x190/1630202.png","https://stats.nba.com/media/players/700/1630202.png","https://stats.nba.com/media/img/league/nba-headshot-fallback.png"
"510",2025,"2024-25","NBA","Regular Season",2025-01-29,22400666,48,"Boston Celtics",1610612738,FALSE,FALSE,FALSE,"H","BOS vs. CHI","BOS",1,1,"CHI","BOS","CHI","W","Neemias Queta",39,1,7,1629674,TRUE,0,0,NA,0,0,0,NA,TRUE,0,0,0,2,0,0,0,0,0,1,0,0,0,0,0,1,1.5,"https://stats.nba.com/media/img/teams/logos/season/2024-25/BOS_logo.svg","https://stats.nba.com/player/1629674","https://ak-static.cms.nba.com/wp-content/uploads/headshots/nba/latest/260x190/1629674.png","https://ak-static.cms.nba.com/wp-content/uploads/headshots/nba/latest/260x190/1629674.png","https://stats.nba.com/media/players/700/1629674.png","https://stats.nba.com/media/img/league/nba-headshot-fallback.png"
"511",2025,"2024-25","NBA","Regular Season",2025-01-31,22400683,49,"Boston Celtics",1610612738,FALSE,FALSE,FALSE,"A","BOS @ NOP","BOS",1,1,"NOP","BOS","NOP","W","Jayson Tatum",46,1,1,1628369,TRUE,10,21,0.476,4,10,0.4,0.6,TRUE,6,11,0.545454545454545,39,3,5,1,5,6,10,1,0,5,2,27,4,47.2,"https://stats.nba.com/media/img/teams/logos/season/2024-25/BOS_logo.svg","https://stats.nba.com/player/1628369","https://ak-static.cms.nba.com/wp-content/uploads/headshots/nba/latest/260x190/1628369.png","https://ak-static.cms.nba.com/wp-content/uploads/headshots/nba/latest/260x190/1628369.png","https://stats.nba.com/media/players/700/1628369.png","https://ak-static.cms.nba.com/wp-content/uploads/headshots/nba/latest/260x190/1628369.png"
"512",2025,"2024-25","NBA","Regular Season",2025-01-31,22400683,49,"Boston Celtics",1610612738,FALSE,FALSE,FALSE,"A","BOS @ NOP","BOS",1,1,"NOP","BOS","NOP","W","Payton Pritchard",49,1,3,1630202,TRUE,1,4,0.25,1,3,0.333333333333333,NA,TRUE,0,1,0,17,0,0,0,1,1,0,3,1,1,1,3,0,15.2,"https://stats.nba.com/media/img/teams/logos/season/2024-25/BOS_logo.svg","https://stats.nba.com/player/1630202","https://ak-static.cms.nba.com/wp-content/uploads/headshots/nba/latest/260x190/1630202.png","https://ak-static.cms.nba.com/wp-content/uploads/headshots/nba/latest/260x190/1630202.png","https://stats.nba.com/media/players/700/1630202.png","https://stats.nba.com/media/img/league/nba-headshot-fallback.png"
"513",2025,"2024-25","NBA","Regular Season",2025-01-31,22400683,49,"Boston Celtics",1610612738,FALSE,FALSE,FALSE,"A","BOS @ NOP","BOS",1,1,"NOP","BOS","NOP","W","Jrue Holiday",42,1,1,201950,TRUE,2,5,0.4,0,1,0,NA,TRUE,2,4,0.5,30,0,0,0,3,3,5,1,0,1,2,4,1,17.1,"https://stats.nba.com/media/img/teams/logos/season/2024-25/BOS_logo.svg","https://stats.nba.com/player/201950","https://stats.nba.com/media/players/230x185/201950.png","https://ak-static.cms.nba.com/wp-content/uploads/headshots/nba/latest/260x190/201950.png","https://stats.nba.com/media/players/700/201950.png","https://ak-static.cms.nba.com/wp-content/uploads/headshots/nba/latest/260x190/201950.png"
"514",2025,"2024-25","NBA","Regular Season",2025-01-31,22400683,49,"Boston Celtics",1610612738,FALSE,FALSE,FALSE,"A","BOS @ NOP","BOS",1,1,"NOP","BOS","NOP","W","Kristaps Porziņģis",24,1,1,204001,TRUE,5,12,0.417,2,7,0.285714285714286,0.5,TRUE,3,5,0.6,30,4,8,1,4,5,6,3,4,1,3,16,3,51,"https://stats.nba.com/media/img/teams/logos/season/2024-25/BOS_logo.svg","https://stats.nba.com/player/204001","https://stats.nba.com/media/players/230x185/204001.png","https://ak-static.cms.nba.com/wp-content/uploads/headshots/nba/latest/260x190/204001.png","https://stats.nba.com/media/players/700/204001.png","https://ak-static.cms.nba.com/wp-content/uploads/headshots/nba/latest/260x190/204001.png"
"515",2025,"2024-25","NBA","Regular Season",2025-01-31,22400683,49,"Boston Celtics",1610612738,FALSE,FALSE,FALSE,"A","BOS @ NOP","BOS",1,1,"NOP","BOS","NOP","W","Jaylen Brown",42,1,1,1627759,TRUE,11,18,0.611,3,6,0.5,0.75,TRUE,8,12,0.666666666666667,35,3,4,1,5,6,4,0,0,1,4,28,2,40.2,"https://stats.nba.com/media/img/teams/logos/season/2024-25/BOS_logo.svg","https://stats.nba.com/player/1627759","https://stats.nba.com/media/players/230x185/1627759.png","https://ak-static.cms.nba.com/wp-content/uploads/headshots/nba/latest/260x190/1627759.png","https://stats.nba.com/media/players/700/1627759.png","https://ak-static.cms.nba.com/wp-content/uploads/headshots/nba/latest/260x190/1627759.png"
"516",2025,"2024-25","NBA","Regular Season",2025-01-31,22400683,49,"Boston Celtics",1610612738,FALSE,FALSE,FALSE,"A","BOS @ NOP","BOS",1,1,"NOP","BOS","NOP","W","Derrick White",46,1,1,1628401,TRUE,5,9,0.556,3,6,0.5,0.75,TRUE,2,3,0.666666666666667,34,3,4,0,4,4,3,2,0,1,2,16,2,30.3,"https://stats.nba.com/media/img/teams/logos/season/2024-25/BOS_logo.svg","https://stats.nba.com/player/1628401","https://ak-static.cms.nba.com/wp-content/uploads/headshots/nba/latest/260x190/1628401.png","https://ak-static.cms.nba.com/wp-content/uploads/headshots/nba/latest/260x190/1628401.png","https://stats.nba.com/media/players/700/1628401.png","https://ak-static.cms.nba.com/wp-content/uploads/headshots/nba/latest/260x190/1628401.png"
"517",2025,"2024-25","NBA","Regular Season",2025-01-31,22400683,49,"Boston Celtics",1610612738,FALSE,FALSE,FALSE,"A","BOS @ NOP","BOS",1,1,"NOP","BOS","NOP","W","Sam Hauser",40,5,1,1630573,TRUE,3,6,0.5,3,6,0.5,NA,TRUE,0,0,0,14,0,0,0,4,4,1,1,0,3,0,9,0,15.3,"https://stats.nba.com/media/img/teams/logos/season/2024-25/BOS_logo.svg","https://stats.nba.com/player/1630573","https://ak-static.cms.nba.com/wp-content/uploads/headshots/nba/latest/260x190/1630573.png","https://ak-static.cms.nba.com/wp-content/uploads/headshots/nba/latest/260x190/1630573.png","https://stats.nba.com/media/players/700/1630573.png","https://stats.nba.com/media/img/league/nba-headshot-fallback.png"
"518",2025,"2024-25","NBA","Regular Season",2025-01-31,22400683,49,"Boston Celtics",1610612738,FALSE,FALSE,FALSE,"A","BOS @ NOP","BOS",1,1,"NOP","BOS","NOP","W","Al Horford",37,5,1,201143,TRUE,1,5,0.2,0,2,0,1,TRUE,1,3,0.333333333333333,25,2,2,1,3,4,0,0,1,0,0,4,-4,11.8,"https://stats.nba.com/media/img/teams/logos/season/2024-25/BOS_logo.svg","https://stats.nba.com/player/201143","https://stats.nba.com/media/players/230x185/201143.png","https://ak-static.cms.nba.com/wp-content/uploads/headshots/nba/latest/260x190/201143.png","https://stats.nba.com/media/players/700/201143.png","https://ak-static.cms.nba.com/wp-content/uploads/headshots/nba/latest/260x190/201143.png"
"519",2025,"2024-25","NBA","Regular Season",2025-01-31,22400683,49,"Boston Celtics",1610612738,FALSE,FALSE,FALSE,"A","BOS @ NOP","BOS",1,1,"NOP","BOS","NOP","W","Jaden Springer",25,1,1,1630531,TRUE,0,0,NA,0,0,0,NA,TRUE,0,0,0,0,0,0,0,0,0,0,0,0,0,0,0,0,0,"https://stats.nba.com/media/img/teams/logos/season/2024-25/BOS_logo.svg","https://stats.nba.com/player/1630531","https://ak-static.cms.nba.com/wp-content/uploads/headshots/nba/latest/260x190/1630531.png","https://ak-static.cms.nba.com/wp-content/uploads/headshots/nba/latest/260x190/1630531.png","https://stats.nba.com/media/players/700/1630531.png","https://stats.nba.com/media/img/league/nba-headshot-fallback.png"
"520",2025,"2024-25","NBA","Regular Season",2025-01-31,22400683,49,"Boston Celtics",1610612738,FALSE,FALSE,FALSE,"A","BOS @ NOP","BOS",1,1,"NOP","BOS","NOP","W","Luke Kornet",43,1,1,1628436,TRUE,4,4,1,0,0,0,1,TRUE,4,4,1,16,3,3,1,1,2,3,1,1,0,2,11,2,23.9,"https://stats.nba.com/media/img/teams/logos/season/2024-25/BOS_logo.svg","https://stats.nba.com/player/1628436","https://ak-static.cms.nba.com/wp-content/uploads/headshots/nba/latest/260x190/1628436.png","https://ak-static.cms.nba.com/wp-content/uploads/headshots/nba/latest/260x190/1628436.png","https://stats.nba.com/media/players/700/1628436.png","https://ak-static.cms.nba.com/wp-content/uploads/headshots/nba/latest/260x190/1628436.png"
"521",2025,"2024-25","NBA","Regular Season",2025-02-02,22400698,50,"Boston Celtics",1610612738,FALSE,FALSE,FALSE,"A","BOS @ PHI","BOS",1,1,"PHI","BOS","PHI","W","Sam Hauser",41,1,1,1630573,TRUE,4,7,0.571,4,7,0.571428571428571,NA,TRUE,0,0,0,24,0,0,0,4,4,0,0,0,1,2,12,18,15.8,"https://stats.nba.com/media/img/teams/logos/season/2024-25/BOS_logo.svg","https://stats.nba.com/player/1630573","https://ak-static.cms.nba.com/wp-content/uploads/headshots/nba/latest/260x190/1630573.png","https://ak-static.cms.nba.com/wp-content/uploads/headshots/nba/latest/260x190/1630573.png","https://stats.nba.com/media/players/700/1630573.png","https://stats.nba.com/media/img/league/nba-headshot-fallback.png"
"522",2025,"2024-25","NBA","Regular Season",2025-02-02,22400698,50,"Boston Celtics",1610612738,FALSE,FALSE,FALSE,"A","BOS @ PHI","BOS",1,1,"PHI","BOS","PHI","W","Kristaps Porziņģis",25,1,1,204001,TRUE,5,14,0.357,3,7,0.428571428571429,0.833,TRUE,2,7,0.285714285714286,31,5,6,1,6,7,3,0,5,0,5,18,-1,45.9,"https://stats.nba.com/media/img/teams/logos/season/2024-25/BOS_logo.svg","https://stats.nba.com/player/204001","https://stats.nba.com/media/players/230x185/204001.png","https://ak-static.cms.nba.com/wp-content/uploads/headshots/nba/latest/260x190/204001.png","https://stats.nba.com/media/players/700/204001.png","https://ak-static.cms.nba.com/wp-content/uploads/headshots/nba/latest/260x190/204001.png"
"523",2025,"2024-25","NBA","Regular Season",2025-02-02,22400698,50,"Boston Celtics",1610612738,FALSE,FALSE,FALSE,"A","BOS @ PHI","BOS",1,1,"PHI","BOS","PHI","W","Jaylen Brown",43,1,1,1627759,TRUE,9,17,0.529,2,7,0.285714285714286,0.5,TRUE,7,10,0.7,42,1,2,3,7,10,6,1,0,2,4,21,17,43,"https://stats.nba.com/media/img/teams/logos/season/2024-25/BOS_logo.svg","https://stats.nba.com/player/1627759","https://stats.nba.com/media/players/230x185/1627759.png","https://ak-static.cms.nba.com/wp-content/uploads/headshots/nba/latest/260x190/1627759.png","https://stats.nba.com/media/players/700/1627759.png","https://ak-static.cms.nba.com/wp-content/uploads/headshots/nba/latest/260x190/1627759.png"
"524",2025,"2024-25","NBA","Regular Season",2025-02-02,22400698,50,"Boston Celtics",1610612738,FALSE,FALSE,FALSE,"A","BOS @ PHI","BOS",1,1,"PHI","BOS","PHI","W","Luke Kornet",44,1,1,1628436,TRUE,1,1,1,0,0,0,NA,TRUE,1,1,1,13,0,0,1,1,2,0,0,0,0,3,2,17,4.4,"https://stats.nba.com/media/img/teams/logos/season/2024-25/BOS_logo.svg","https://stats.nba.com/player/1628436","https://ak-static.cms.nba.com/wp-content/uploads/headshots/nba/latest/260x190/1628436.png","https://ak-static.cms.nba.com/wp-content/uploads/headshots/nba/latest/260x190/1628436.png","https://stats.nba.com/media/players/700/1628436.png","https://ak-static.cms.nba.com/wp-content/uploads/headshots/nba/latest/260x190/1628436.png"
"525",2025,"2024-25","NBA","Regular Season",2025-02-02,22400698,50,"Boston Celtics",1610612738,FALSE,FALSE,FALSE,"A","BOS @ PHI","BOS",1,1,"PHI","BOS","PHI","W","Al Horford",38,1,1,201143,TRUE,1,4,0.25,0,2,0,1,TRUE,1,2,0.5,11,2,2,0,2,2,0,1,0,0,0,4,-5,9.4,"https://stats.nba.com/media/img/teams/logos/season/2024-25/BOS_logo.svg","https://stats.nba.com/player/201143","https://stats.nba.com/media/players/230x185/201143.png","https://ak-static.cms.nba.com/wp-content/uploads/headshots/nba/latest/260x190/201143.png","https://stats.nba.com/media/players/700/201143.png","https://ak-static.cms.nba.com/wp-content/uploads/headshots/nba/latest/260x190/201143.png"
"526",2025,"2024-25","NBA","Regular Season",2025-02-02,22400698,50,"Boston Celtics",1610612738,FALSE,FALSE,FALSE,"A","BOS @ PHI","BOS",1,1,"PHI","BOS","PHI","W","Jrue Holiday",43,1,1,201950,TRUE,3,8,0.375,2,7,0.285714285714286,1,TRUE,1,1,1,34,1,1,0,5,5,5,0,1,1,2,9,-10,24.5,"https://stats.nba.com/media/img/teams/logos/season/2024-25/BOS_logo.svg","https://stats.nba.com/player/201950","https://stats.nba.com/media/players/230x185/201950.png","https://ak-static.cms.nba.com/wp-content/uploads/headshots/nba/latest/260x190/201950.png","https://stats.nba.com/media/players/700/201950.png","https://ak-static.cms.nba.com/wp-content/uploads/headshots/nba/latest/260x190/201950.png"
"527",2025,"2024-25","NBA","Regular Season",2025-02-02,22400698,50,"Boston Celtics",1610612738,FALSE,FALSE,FALSE,"A","BOS @ PHI","BOS",1,1,"PHI","BOS","PHI","W","Derrick White",47,1,1,1628401,TRUE,6,11,0.545,5,9,0.555555555555556,NA,TRUE,1,2,0.5,34,0,0,0,1,1,9,0,1,2,1,17,2,32.7,"https://stats.nba.com/media/img/teams/logos/season/2024-25/BOS_logo.svg","https://stats.nba.com/player/1628401","https://ak-static.cms.nba.com/wp-content/uploads/headshots/nba/latest/260x190/1628401.png","https://ak-static.cms.nba.com/wp-content/uploads/headshots/nba/latest/260x190/1628401.png","https://stats.nba.com/media/players/700/1628401.png","https://ak-static.cms.nba.com/wp-content/uploads/headshots/nba/latest/260x190/1628401.png"
"528",2025,"2024-25","NBA","Regular Season",2025-02-02,22400698,50,"Boston Celtics",1610612738,FALSE,FALSE,FALSE,"A","BOS @ PHI","BOS",1,1,"PHI","BOS","PHI","W","Jaden Springer",26,1,18,1630531,TRUE,0,2,0,0,2,0,NA,TRUE,0,0,0,7,0,0,0,0,0,0,0,0,0,1,0,0,0,"https://stats.nba.com/media/img/teams/logos/season/2024-25/BOS_logo.svg","https://stats.nba.com/player/1630531","https://ak-static.cms.nba.com/wp-content/uploads/headshots/nba/latest/260x190/1630531.png","https://ak-static.cms.nba.com/wp-content/uploads/headshots/nba/latest/260x190/1630531.png","https://stats.nba.com/media/players/700/1630531.png","https://stats.nba.com/media/img/league/nba-headshot-fallback.png"
"529",2025,"2024-25","NBA","Regular Season",2025-02-02,22400698,50,"Boston Celtics",1610612738,FALSE,FALSE,FALSE,"A","BOS @ PHI","BOS",1,1,"PHI","BOS","PHI","W","Jayson Tatum",47,1,1,1628369,TRUE,13,20,0.65,5,8,0.625,0.8,TRUE,8,12,0.666666666666667,44,4,5,0,7,7,11,1,1,3,3,35,2,62.9,"https://stats.nba.com/media/img/teams/logos/season/2024-25/BOS_logo.svg","https://stats.nba.com/player/1628369","https://ak-static.cms.nba.com/wp-content/uploads/headshots/nba/latest/260x190/1628369.png","https://ak-static.cms.nba.com/wp-content/uploads/headshots/nba/latest/260x190/1628369.png","https://stats.nba.com/media/players/700/1628369.png","https://ak-static.cms.nba.com/wp-content/uploads/headshots/nba/latest/260x190/1628369.png"
"530",2025,"2024-25","NBA","Regular Season",2025-02-04,22400710,51,"Boston Celtics",1610612738,FALSE,FALSE,FALSE,"A","BOS @ CLE","BOS",1,1,"CLE","BOS","CLE","W","Al Horford",39,1,1,201143,TRUE,5,12,0.417,3,9,0.333333333333333,NA,TRUE,2,3,0.666666666666667,27,0,0,3,7,10,2,0,1,1,3,13,19,30,"https://stats.nba.com/media/img/teams/logos/season/2024-25/BOS_logo.svg","https://stats.nba.com/player/201143","https://stats.nba.com/media/players/230x185/201143.png","https://ak-static.cms.nba.com/wp-content/uploads/headshots/nba/latest/260x190/201143.png","https://stats.nba.com/media/players/700/201143.png","https://ak-static.cms.nba.com/wp-content/uploads/headshots/nba/latest/260x190/201143.png"
"531",2025,"2024-25","NBA","Regular Season",2025-02-04,22400710,51,"Boston Celtics",1610612738,FALSE,FALSE,FALSE,"A","BOS @ CLE","BOS",1,1,"CLE","BOS","CLE","W","Kristaps Porziņģis",26,1,1,204001,TRUE,7,20,0.35,1,6,0.166666666666667,1,TRUE,6,14,0.428571428571429,35,4,4,1,6,7,2,2,2,2,4,19,-2,40.4,"https://stats.nba.com/media/img/teams/logos/season/2024-25/BOS_logo.svg","https://stats.nba.com/player/204001","https://stats.nba.com/media/players/230x185/204001.png","https://ak-static.cms.nba.com/wp-content/uploads/headshots/nba/latest/260x190/204001.png","https://stats.nba.com/media/players/700/204001.png","https://ak-static.cms.nba.com/wp-content/uploads/headshots/nba/latest/260x190/204001.png"
"532",2025,"2024-25","NBA","Regular Season",2025-02-04,22400710,51,"Boston Celtics",1610612738,FALSE,FALSE,FALSE,"A","BOS @ CLE","BOS",1,1,"CLE","BOS","CLE","W","Payton Pritchard",50,3,1,1630202,TRUE,3,7,0.429,3,7,0.428571428571429,NA,TRUE,0,0,0,29,0,0,3,3,6,3,1,0,2,2,9,19,21.7,"https://stats.nba.com/media/img/teams/logos/season/2024-25/BOS_logo.svg","https://stats.nba.com/player/1630202","https://ak-static.cms.nba.com/wp-content/uploads/headshots/nba/latest/260x190/1630202.png","https://ak-static.cms.nba.com/wp-content/uploads/headshots/nba/latest/260x190/1630202.png","https://stats.nba.com/media/players/700/1630202.png","https://stats.nba.com/media/img/league/nba-headshot-fallback.png"
"533",2025,"2024-25","NBA","Regular Season",2025-02-04,22400710,51,"Boston Celtics",1610612738,FALSE,FALSE,FALSE,"A","BOS @ CLE","BOS",1,1,"CLE","BOS","CLE","W","Jaylen Brown",44,1,1,1627759,TRUE,7,12,0.583,0,0,0,1,TRUE,7,12,0.583333333333333,28,2,2,2,7,9,6,0,0,5,5,16,-9,30.8,"https://stats.nba.com/media/img/teams/logos/season/2024-25/BOS_logo.svg","https://stats.nba.com/player/1627759","https://stats.nba.com/media/players/230x185/1627759.png","https://ak-static.cms.nba.com/wp-content/uploads/headshots/nba/latest/260x190/1627759.png","https://stats.nba.com/media/players/700/1627759.png","https://ak-static.cms.nba.com/wp-content/uploads/headshots/nba/latest/260x190/1627759.png"
"534",2025,"2024-25","NBA","Regular Season",2025-02-04,22400710,51,"Boston Celtics",1610612738,FALSE,FALSE,FALSE,"A","BOS @ CLE","BOS",1,1,"CLE","BOS","CLE","W","Jrue Holiday",44,1,15,201950,TRUE,1,6,0.167,0,2,0,1,TRUE,1,4,0.25,26,4,4,0,6,6,1,2,0,1,3,6,-10,19.7,"https://stats.nba.com/media/img/teams/logos/season/2024-25/BOS_logo.svg","https://stats.nba.com/player/201950","https://stats.nba.com/media/players/230x185/201950.png","https://ak-static.cms.nba.com/wp-content/uploads/headshots/nba/latest/260x190/201950.png","https://stats.nba.com/media/players/700/201950.png","https://ak-static.cms.nba.com/wp-content/uploads/headshots/nba/latest/260x190/201950.png"
"535",2025,"2024-25","NBA","Regular Season",2025-02-04,22400710,51,"Boston Celtics",1610612738,FALSE,FALSE,FALSE,"A","BOS @ CLE","BOS",1,1,"CLE","BOS","CLE","W","Luke Kornet",45,1,1,1628436,TRUE,2,2,1,0,0,0,NA,TRUE,2,2,1,12,0,0,3,0,3,3,1,0,0,2,4,10,15.1,"https://stats.nba.com/media/img/teams/logos/season/2024-25/BOS_logo.svg","https://stats.nba.com/player/1628436","https://ak-static.cms.nba.com/wp-content/uploads/headshots/nba/latest/260x190/1628436.png","https://ak-static.cms.nba.com/wp-content/uploads/headshots/nba/latest/260x190/1628436.png","https://stats.nba.com/media/players/700/1628436.png","https://ak-static.cms.nba.com/wp-content/uploads/headshots/nba/latest/260x190/1628436.png"
"536",2025,"2024-25","NBA","Regular Season",2025-02-04,22400710,51,"Boston Celtics",1610612738,FALSE,FALSE,FALSE,"A","BOS @ CLE","BOS",1,1,"CLE","BOS","CLE","W","Sam Hauser",42,1,1,1630573,TRUE,1,2,0.5,1,1,1,NA,TRUE,0,1,0,13,0,0,1,2,3,0,0,0,0,2,3,18,6.6,"https://stats.nba.com/media/img/teams/logos/season/2024-25/BOS_logo.svg","https://stats.nba.com/player/1630573","https://ak-static.cms.nba.com/wp-content/uploads/headshots/nba/latest/260x190/1630573.png","https://ak-static.cms.nba.com/wp-content/uploads/headshots/nba/latest/260x190/1630573.png","https://stats.nba.com/media/players/700/1630573.png","https://stats.nba.com/media/img/league/nba-headshot-fallback.png"
"537",2025,"2024-25","NBA","Regular Season",2025-02-04,22400710,51,"Boston Celtics",1610612738,FALSE,FALSE,FALSE,"A","BOS @ CLE","BOS",1,1,"CLE","BOS","CLE","W","Derrick White",48,1,1,1628401,TRUE,7,14,0.5,6,12,0.5,0,TRUE,1,2,0.5,35,0,2,2,3,5,2,2,1,0,0,20,-11,38,"https://stats.nba.com/media/img/teams/logos/season/2024-25/BOS_logo.svg","https://stats.nba.com/player/1628401","https://ak-static.cms.nba.com/wp-content/uploads/headshots/nba/latest/260x190/1628401.png","https://ak-static.cms.nba.com/wp-content/uploads/headshots/nba/latest/260x190/1628401.png","https://stats.nba.com/media/players/700/1628401.png","https://ak-static.cms.nba.com/wp-content/uploads/headshots/nba/latest/260x190/1628401.png"
"538",2025,"2024-25","NBA","Regular Season",2025-02-04,22400710,51,"Boston Celtics",1610612738,FALSE,FALSE,FALSE,"A","BOS @ CLE","BOS",1,1,"CLE","BOS","CLE","W","Jayson Tatum",48,1,1,1628369,TRUE,7,23,0.304,3,11,0.272727272727273,0.833,TRUE,4,12,0.333333333333333,35,5,6,0,4,4,7,2,2,1,0,22,1,48.3,"https://stats.nba.com/media/img/teams/logos/season/2024-25/BOS_logo.svg","https://stats.nba.com/player/1628369","https://ak-static.cms.nba.com/wp-content/uploads/headshots/nba/latest/260x190/1628369.png","https://ak-static.cms.nba.com/wp-content/uploads/headshots/nba/latest/260x190/1628369.png","https://stats.nba.com/media/players/700/1628369.png","https://ak-static.cms.nba.com/wp-content/uploads/headshots/nba/latest/260x190/1628369.png"
"539",2025,"2024-25","NBA","Regular Season",2025-02-06,22400728,52,"Boston Celtics",1610612738,FALSE,FALSE,FALSE,"H","BOS vs. DAL","BOS",1,1,"DAL","DAL","BOS","L","Jayson Tatum",49,1,1,1628369,FALSE,5,12,0.417,3,5,0.6,0.8,TRUE,2,7,0.285714285714286,29,4,5,2,2,4,4,0,1,4,2,17,-22,26.8,"https://stats.nba.com/media/img/teams/logos/season/2024-25/BOS_logo.svg","https://stats.nba.com/player/1628369","https://ak-static.cms.nba.com/wp-content/uploads/headshots/nba/latest/260x190/1628369.png","https://ak-static.cms.nba.com/wp-content/uploads/headshots/nba/latest/260x190/1628369.png","https://stats.nba.com/media/players/700/1628369.png","https://ak-static.cms.nba.com/wp-content/uploads/headshots/nba/latest/260x190/1628369.png"
"540",2025,"2024-25","NBA","Regular Season",2025-02-06,22400728,52,"Boston Celtics",1610612738,FALSE,FALSE,FALSE,"H","BOS vs. DAL","BOS",1,1,"DAL","DAL","BOS","L","Derrick White",49,1,1,1628401,FALSE,5,10,0.5,2,6,0.333333333333333,1,TRUE,3,4,0.75,26,1,1,0,3,3,3,0,1,1,2,13,-7,23.1,"https://stats.nba.com/media/img/teams/logos/season/2024-25/BOS_logo.svg","https://stats.nba.com/player/1628401","https://ak-static.cms.nba.com/wp-content/uploads/headshots/nba/latest/260x190/1628401.png","https://ak-static.cms.nba.com/wp-content/uploads/headshots/nba/latest/260x190/1628401.png","https://stats.nba.com/media/players/700/1628401.png","https://ak-static.cms.nba.com/wp-content/uploads/headshots/nba/latest/260x190/1628401.png"
"541",2025,"2024-25","NBA","Regular Season",2025-02-06,22400728,52,"Boston Celtics",1610612738,FALSE,FALSE,FALSE,"H","BOS vs. DAL","BOS",1,1,"DAL","DAL","BOS","L","Sam Hauser",43,1,1,1630573,FALSE,2,5,0.4,2,5,0.4,NA,TRUE,0,0,0,21,0,0,0,1,1,2,0,0,0,1,6,3,10.2,"https://stats.nba.com/media/img/teams/logos/season/2024-25/BOS_logo.svg","https://stats.nba.com/player/1630573","https://ak-static.cms.nba.com/wp-content/uploads/headshots/nba/latest/260x190/1630573.png","https://ak-static.cms.nba.com/wp-content/uploads/headshots/nba/latest/260x190/1630573.png","https://stats.nba.com/media/players/700/1630573.png","https://stats.nba.com/media/img/league/nba-headshot-fallback.png"
"542",2025,"2024-25","NBA","Regular Season",2025-02-06,22400728,52,"Boston Celtics",1610612738,FALSE,FALSE,FALSE,"H","BOS vs. DAL","BOS",1,1,"DAL","DAL","BOS","L","Luke Kornet",46,1,1,1628436,FALSE,3,5,0.6,0,0,0,0.5,TRUE,3,5,0.6,23,1,2,4,1,5,5,0,1,0,2,7,-20,23.5,"https://stats.nba.com/media/img/teams/logos/season/2024-25/BOS_logo.svg","https://stats.nba.com/player/1628436","https://ak-static.cms.nba.com/wp-content/uploads/headshots/nba/latest/260x190/1628436.png","https://ak-static.cms.nba.com/wp-content/uploads/headshots/nba/latest/260x190/1628436.png","https://stats.nba.com/media/players/700/1628436.png","https://ak-static.cms.nba.com/wp-content/uploads/headshots/nba/latest/260x190/1628436.png"
"543",2025,"2024-25","NBA","Regular Season",2025-02-06,22400728,52,"Boston Celtics",1610612738,FALSE,FALSE,FALSE,"H","BOS vs. DAL","BOS",1,1,"DAL","DAL","BOS","L","Neemias Queta",40,7,1,1629674,FALSE,3,6,0.5,0,0,0,NA,TRUE,3,6,0.5,10,0,0,2,0,2,1,0,0,0,1,6,17,9.9,"https://stats.nba.com/media/img/teams/logos/season/2024-25/BOS_logo.svg","https://stats.nba.com/player/1629674","https://ak-static.cms.nba.com/wp-content/uploads/headshots/nba/latest/260x190/1629674.png","https://ak-static.cms.nba.com/wp-content/uploads/headshots/nba/latest/260x190/1629674.png","https://stats.nba.com/media/players/700/1629674.png","https://stats.nba.com/media/img/league/nba-headshot-fallback.png"
"544",2025,"2024-25","NBA","Regular Season",2025-02-06,22400728,52,"Boston Celtics",1610612738,FALSE,FALSE,FALSE,"H","BOS vs. DAL","BOS",1,1,"DAL","DAL","BOS","L","Kristaps Porziņģis",27,1,3,204001,FALSE,7,13,0.538,1,3,0.333333333333333,0.667,TRUE,6,10,0.6,27,2,3,1,4,5,1,0,2,2,4,17,-9,28.5,"https://stats.nba.com/media/img/teams/logos/season/2024-25/BOS_logo.svg","https://stats.nba.com/player/204001","https://stats.nba.com/media/players/230x185/204001.png","https://ak-static.cms.nba.com/wp-content/uploads/headshots/nba/latest/260x190/204001.png","https://stats.nba.com/media/players/700/204001.png","https://ak-static.cms.nba.com/wp-content/uploads/headshots/nba/latest/260x190/204001.png"
"545",2025,"2024-25","NBA","Regular Season",2025-02-06,22400728,52,"Boston Celtics",1610612738,FALSE,FALSE,FALSE,"H","BOS vs. DAL","BOS",1,1,"DAL","DAL","BOS","L","Drew Peterson",14,7,19,1641809,FALSE,1,1,1,1,1,1,NA,TRUE,0,0,0,10,0,0,0,1,1,3,0,0,0,0,3,17,8.7,"https://stats.nba.com/media/img/teams/logos/season/2024-25/BOS_logo.svg","https://stats.nba.com/player/1641809","https://ak-static.cms.nba.com/wp-content/uploads/headshots/nba/latest/260x190/1641809.png","https://ak-static.cms.nba.com/wp-content/uploads/headshots/nba/latest/260x190/1641809.png","https://stats.nba.com/media/players/700/1641809.png","https://stats.nba.com/media/img/league/nba-headshot-fallback.png"
"546",2025,"2024-25","NBA","Regular Season",2025-02-06,22400728,52,"Boston Celtics",1610612738,FALSE,FALSE,FALSE,"H","BOS vs. DAL","BOS",1,1,"DAL","DAL","BOS","L","Al Horford",40,1,1,201143,FALSE,1,4,0.25,1,3,0.333333333333333,NA,TRUE,0,1,0,21,0,0,0,5,5,1,0,0,1,0,3,-13,9.5,"https://stats.nba.com/media/img/teams/logos/season/2024-25/BOS_logo.svg","https://stats.nba.com/player/201143","https://stats.nba.com/media/players/230x185/201143.png","https://ak-static.cms.nba.com/wp-content/uploads/headshots/nba/latest/260x190/201143.png","https://stats.nba.com/media/players/700/201143.png","https://ak-static.cms.nba.com/wp-content/uploads/headshots/nba/latest/260x190/201143.png"
"547",2025,"2024-25","NBA","Regular Season",2025-02-06,22400728,52,"Boston Celtics",1610612738,FALSE,FALSE,FALSE,"H","BOS vs. DAL","BOS",1,1,"DAL","DAL","BOS","L","Jaylen Brown",45,1,1,1627759,FALSE,9,16,0.563,3,4,0.75,1,TRUE,6,12,0.5,33,4,4,0,5,5,2,1,0,3,1,25,-15,34,"https://stats.nba.com/media/img/teams/logos/season/2024-25/BOS_logo.svg","https://stats.nba.com/player/1627759","https://stats.nba.com/media/players/230x185/1627759.png","https://ak-static.cms.nba.com/wp-content/uploads/headshots/nba/latest/260x190/1627759.png","https://stats.nba.com/media/players/700/1627759.png","https://ak-static.cms.nba.com/wp-content/uploads/headshots/nba/latest/260x190/1627759.png"
"548",2025,"2024-25","NBA","Regular Season",2025-02-06,22400728,52,"Boston Celtics",1610612738,FALSE,FALSE,FALSE,"H","BOS vs. DAL","BOS",1,1,"DAL","DAL","BOS","L","Payton Pritchard",51,1,1,1630202,FALSE,9,15,0.6,3,9,0.333333333333333,NA,TRUE,6,6,1,33,0,0,1,5,6,6,0,1,2,4,21,-3,38.2,"https://stats.nba.com/media/img/teams/logos/season/2024-25/BOS_logo.svg","https://stats.nba.com/player/1630202","https://ak-static.cms.nba.com/wp-content/uploads/headshots/nba/latest/260x190/1630202.png","https://ak-static.cms.nba.com/wp-content/uploads/headshots/nba/latest/260x190/1630202.png","https://stats.nba.com/media/players/700/1630202.png","https://stats.nba.com/media/img/league/nba-headshot-fallback.png"
"549",2025,"2024-25","NBA","Regular Season",2025-02-06,22400728,52,"Boston Celtics",1610612738,FALSE,FALSE,FALSE,"H","BOS vs. DAL","BOS",1,1,"DAL","DAL","BOS","L","Jordan Walsh",35,7,1,1641775,FALSE,1,2,0.5,0,1,0,NA,TRUE,1,1,1,10,0,0,1,2,3,2,1,0,1,0,2,17,10.6,"https://stats.nba.com/media/img/teams/logos/season/2024-25/BOS_logo.svg","https://stats.nba.com/player/1641775","https://ak-static.cms.nba.com/wp-content/uploads/headshots/nba/latest/260x190/1641775.png","https://ak-static.cms.nba.com/wp-content/uploads/headshots/nba/latest/260x190/1641775.png","https://stats.nba.com/media/players/700/1641775.png","https://stats.nba.com/media/img/league/nba-headshot-fallback.png"
"550",2025,"2024-25","NBA","Regular Season",2025-02-08,22400748,53,"Boston Celtics",1610612738,FALSE,FALSE,FALSE,"A","BOS @ NYK","BOS",1,1,"NYK","BOS","NYK","W","Jayson Tatum",50,1,1,1628369,TRUE,13,26,0.5,7,14,0.5,0.778,TRUE,6,12,0.5,37,7,9,0,6,6,4,0,0,1,1,40,18,52.2,"https://stats.nba.com/media/img/teams/logos/season/2024-25/BOS_logo.svg","https://stats.nba.com/player/1628369","https://ak-static.cms.nba.com/wp-content/uploads/headshots/nba/latest/260x190/1628369.png","https://ak-static.cms.nba.com/wp-content/uploads/headshots/nba/latest/260x190/1628369.png","https://stats.nba.com/media/players/700/1628369.png","https://ak-static.cms.nba.com/wp-content/uploads/headshots/nba/latest/260x190/1628369.png"
"551",2025,"2024-25","NBA","Regular Season",2025-02-08,22400748,53,"Boston Celtics",1610612738,FALSE,FALSE,FALSE,"A","BOS @ NYK","BOS",1,1,"NYK","BOS","NYK","W","Jaylen Brown",46,1,11,1627759,TRUE,5,14,0.357,0,3,0,1,TRUE,5,11,0.454545454545455,32,2,2,1,2,3,5,3,1,4,3,12,9,31.1,"https://stats.nba.com/media/img/teams/logos/season/2024-25/BOS_logo.svg","https://stats.nba.com/player/1627759","https://stats.nba.com/media/players/230x185/1627759.png","https://ak-static.cms.nba.com/wp-content/uploads/headshots/nba/latest/260x190/1627759.png","https://stats.nba.com/media/players/700/1627759.png","https://ak-static.cms.nba.com/wp-content/uploads/headshots/nba/latest/260x190/1627759.png"
"552",2025,"2024-25","NBA","Regular Season",2025-02-08,22400748,53,"Boston Celtics",1610612738,FALSE,FALSE,FALSE,"A","BOS @ NYK","BOS",1,1,"NYK","BOS","NYK","W","Xavier Tillman",27,11,17,1630214,TRUE,0,1,0,0,1,0,NA,TRUE,0,0,0,6,0,0,0,0,0,0,0,0,0,1,0,-12,0,"https://stats.nba.com/media/img/teams/logos/season/2024-25/BOS_logo.svg","https://stats.nba.com/player/1630214","https://ak-static.cms.nba.com/wp-content/uploads/headshots/nba/latest/260x190/1630214.png","https://ak-static.cms.nba.com/wp-content/uploads/headshots/nba/latest/260x190/1630214.png","https://stats.nba.com/media/players/700/1630214.png","https://stats.nba.com/media/img/league/nba-headshot-fallback.png"
"553",2025,"2024-25","NBA","Regular Season",2025-02-08,22400748,53,"Boston Celtics",1610612738,FALSE,FALSE,FALSE,"A","BOS @ NYK","BOS",1,1,"NYK","BOS","NYK","W","Jordan Walsh",36,1,3,1641775,TRUE,0,0,NA,0,0,0,1,TRUE,0,0,0,5,2,2,0,0,0,0,0,0,0,1,2,0,2,"https://stats.nba.com/media/img/teams/logos/season/2024-25/BOS_logo.svg","https://stats.nba.com/player/1641775","https://ak-static.cms.nba.com/wp-content/uploads/headshots/nba/latest/260x190/1641775.png","https://ak-static.cms.nba.com/wp-content/uploads/headshots/nba/latest/260x190/1641775.png","https://stats.nba.com/media/players/700/1641775.png","https://stats.nba.com/media/img/league/nba-headshot-fallback.png"
"554",2025,"2024-25","NBA","Regular Season",2025-02-08,22400748,53,"Boston Celtics",1610612738,FALSE,FALSE,FALSE,"A","BOS @ NYK","BOS",1,1,"NYK","BOS","NYK","W","Payton Pritchard",52,1,1,1630202,TRUE,9,13,0.692,6,8,0.75,0.5,TRUE,3,5,0.6,27,1,2,0,4,4,4,0,0,1,0,25,29,34.8,"https://stats.nba.com/media/img/teams/logos/season/2024-25/BOS_logo.svg","https://stats.nba.com/player/1630202","https://ak-static.cms.nba.com/wp-content/uploads/headshots/nba/latest/260x190/1630202.png","https://ak-static.cms.nba.com/wp-content/uploads/headshots/nba/latest/260x190/1630202.png","https://stats.nba.com/media/players/700/1630202.png","https://stats.nba.com/media/img/league/nba-headshot-fallback.png"
"555",2025,"2024-25","NBA","Regular Season",2025-02-08,22400748,53,"Boston Celtics",1610612738,FALSE,FALSE,FALSE,"A","BOS @ NYK","BOS",1,1,"NYK","BOS","NYK","W","Sam Hauser",44,1,1,1630573,TRUE,2,4,0.5,1,3,0.333333333333333,NA,TRUE,1,1,1,18,0,0,0,3,3,0,0,0,0,3,5,13,8.6,"https://stats.nba.com/media/img/teams/logos/season/2024-25/BOS_logo.svg","https://stats.nba.com/player/1630573","https://ak-static.cms.nba.com/wp-content/uploads/headshots/nba/latest/260x190/1630573.png","https://ak-static.cms.nba.com/wp-content/uploads/headshots/nba/latest/260x190/1630573.png","https://stats.nba.com/media/players/700/1630573.png","https://stats.nba.com/media/img/league/nba-headshot-fallback.png"
"556",2025,"2024-25","NBA","Regular Season",2025-02-08,22400748,53,"Boston Celtics",1610612738,FALSE,FALSE,FALSE,"A","BOS @ NYK","BOS",1,1,"NYK","BOS","NYK","W","Baylor Scheierman",10,15,1,1631248,TRUE,0,0,NA,0,0,0,NA,TRUE,0,0,0,5,0,0,0,1,1,2,1,0,1,0,0,0,6.2,"https://stats.nba.com/media/img/teams/logos/season/2024-25/BOS_logo.svg","https://stats.nba.com/player/1631248","https://ak-static.cms.nba.com/wp-content/uploads/headshots/nba/latest/260x190/1631248.png","https://ak-static.cms.nba.com/wp-content/uploads/headshots/nba/latest/260x190/1631248.png","https://stats.nba.com/media/players/700/1631248.png","https://stats.nba.com/media/img/league/nba-headshot-fallback.png"
"557",2025,"2024-25","NBA","Regular Season",2025-02-08,22400748,53,"Boston Celtics",1610612738,FALSE,FALSE,FALSE,"A","BOS @ NYK","BOS",1,1,"NYK","BOS","NYK","W","Derrick White",50,1,1,1628401,TRUE,5,9,0.556,4,7,0.571428571428571,1,TRUE,1,2,0.5,25,3,3,0,3,3,4,0,1,1,1,17,21,28.6,"https://stats.nba.com/media/img/teams/logos/season/2024-25/BOS_logo.svg","https://stats.nba.com/player/1628401","https://ak-static.cms.nba.com/wp-content/uploads/headshots/nba/latest/260x190/1628401.png","https://ak-static.cms.nba.com/wp-content/uploads/headshots/nba/latest/260x190/1628401.png","https://stats.nba.com/media/players/700/1628401.png","https://ak-static.cms.nba.com/wp-content/uploads/headshots/nba/latest/260x190/1628401.png"
"558",2025,"2024-25","NBA","Regular Season",2025-02-08,22400748,53,"Boston Celtics",1610612738,FALSE,FALSE,FALSE,"A","BOS @ NYK","BOS",1,1,"NYK","BOS","NYK","W","Al Horford",41,1,1,201143,TRUE,1,4,0.25,1,3,0.333333333333333,1,TRUE,0,1,0,31,2,2,2,6,8,1,0,1,1,3,5,24,18.1,"https://stats.nba.com/media/img/teams/logos/season/2024-25/BOS_logo.svg","https://stats.nba.com/player/201143","https://stats.nba.com/media/players/230x185/201143.png","https://ak-static.cms.nba.com/wp-content/uploads/headshots/nba/latest/260x190/201143.png","https://stats.nba.com/media/players/700/201143.png","https://ak-static.cms.nba.com/wp-content/uploads/headshots/nba/latest/260x190/201143.png"
"559",2025,"2024-25","NBA","Regular Season",2025-02-08,22400748,53,"Boston Celtics",1610612738,FALSE,FALSE,FALSE,"A","BOS @ NYK","BOS",1,1,"NYK","BOS","NYK","W","Luke Kornet",47,1,1,1628436,TRUE,7,7,1,0,0,0,NA,TRUE,7,7,1,29,0,0,5,7,12,1,1,3,0,4,14,21,41.9,"https://stats.nba.com/media/img/teams/logos/season/2024-25/BOS_logo.svg","https://stats.nba.com/player/1628436","https://ak-static.cms.nba.com/wp-content/uploads/headshots/nba/latest/260x190/1628436.png","https://ak-static.cms.nba.com/wp-content/uploads/headshots/nba/latest/260x190/1628436.png","https://stats.nba.com/media/players/700/1628436.png","https://ak-static.cms.nba.com/wp-content/uploads/headshots/nba/latest/260x190/1628436.png"
"560",2025,"2024-25","NBA","Regular Season",2025-02-08,22400748,53,"Boston Celtics",1610612738,FALSE,FALSE,FALSE,"A","BOS @ NYK","BOS",1,1,"NYK","BOS","NYK","W","Neemias Queta",41,1,1,1629674,TRUE,4,7,0.571,0,0,0,0.75,TRUE,4,7,0.571428571428571,26,3,4,3,5,8,0,1,1,1,4,11,12,25.6,"https://stats.nba.com/media/img/teams/logos/season/2024-25/BOS_logo.svg","https://stats.nba.com/player/1629674","https://ak-static.cms.nba.com/wp-content/uploads/headshots/nba/latest/260x190/1629674.png","https://ak-static.cms.nba.com/wp-content/uploads/headshots/nba/latest/260x190/1629674.png","https://stats.nba.com/media/players/700/1629674.png","https://stats.nba.com/media/img/league/nba-headshot-fallback.png"
"561",2025,"2024-25","NBA","Regular Season",2025-02-10,22400759,54,"Boston Celtics",1610612738,FALSE,FALSE,FALSE,"A","BOS @ MIA","BOS",1,1,"MIA","BOS","MIA","W","Al Horford",42,1,1,201143,TRUE,6,11,0.545,4,8,0.5,NA,TRUE,2,3,0.666666666666667,33,0,0,1,9,10,0,0,2,0,0,16,13,34,"https://stats.nba.com/media/img/teams/logos/season/2024-25/BOS_logo.svg","https://stats.nba.com/player/201143","https://stats.nba.com/media/players/230x185/201143.png","https://ak-static.cms.nba.com/wp-content/uploads/headshots/nba/latest/260x190/201143.png","https://stats.nba.com/media/players/700/201143.png","https://ak-static.cms.nba.com/wp-content/uploads/headshots/nba/latest/260x190/201143.png"
"562",2025,"2024-25","NBA","Regular Season",2025-02-10,22400759,54,"Boston Celtics",1610612738,FALSE,FALSE,FALSE,"A","BOS @ MIA","BOS",1,1,"MIA","BOS","MIA","W","Baylor Scheierman",11,1,1,1631248,TRUE,0,2,0,0,2,0,NA,TRUE,0,0,0,10,0,0,0,3,3,1,0,0,0,0,0,5,5.1,"https://stats.nba.com/media/img/teams/logos/season/2024-25/BOS_logo.svg","https://stats.nba.com/player/1631248","https://ak-static.cms.nba.com/wp-content/uploads/headshots/nba/latest/260x190/1631248.png","https://ak-static.cms.nba.com/wp-content/uploads/headshots/nba/latest/260x190/1631248.png","https://stats.nba.com/media/players/700/1631248.png","https://stats.nba.com/media/img/league/nba-headshot-fallback.png"
"563",2025,"2024-25","NBA","Regular Season",2025-02-10,22400759,54,"Boston Celtics",1610612738,FALSE,FALSE,FALSE,"A","BOS @ MIA","BOS",1,1,"MIA","BOS","MIA","W","Derrick White",51,1,1,1628401,TRUE,3,10,0.3,2,8,0.25,1,TRUE,1,2,0.5,38,5,5,1,3,4,7,0,0,2,1,13,13,26.3,"https://stats.nba.com/media/img/teams/logos/season/2024-25/BOS_logo.svg","https://stats.nba.com/player/1628401","https://ak-static.cms.nba.com/wp-content/uploads/headshots/nba/latest/260x190/1628401.png","https://ak-static.cms.nba.com/wp-content/uploads/headshots/nba/latest/260x190/1628401.png","https://stats.nba.com/media/players/700/1628401.png","https://ak-static.cms.nba.com/wp-content/uploads/headshots/nba/latest/260x190/1628401.png"
"564",2025,"2024-25","NBA","Regular Season",2025-02-10,22400759,54,"Boston Celtics",1610612738,FALSE,FALSE,FALSE,"A","BOS @ MIA","BOS",1,1,"MIA","BOS","MIA","W","Kristaps Porziņģis",28,3,1,204001,TRUE,8,15,0.533,1,6,0.166666666666667,NA,TRUE,7,9,0.777777777777778,32,0,0,0,9,9,2,0,2,1,2,17,19,35.8,"https://stats.nba.com/media/img/teams/logos/season/2024-25/BOS_logo.svg","https://stats.nba.com/player/204001","https://stats.nba.com/media/players/230x185/204001.png","https://ak-static.cms.nba.com/wp-content/uploads/headshots/nba/latest/260x190/204001.png","https://stats.nba.com/media/players/700/204001.png","https://ak-static.cms.nba.com/wp-content/uploads/headshots/nba/latest/260x190/204001.png"
"565",2025,"2024-25","NBA","Regular Season",2025-02-10,22400759,54,"Boston Celtics",1610612738,FALSE,FALSE,FALSE,"A","BOS @ MIA","BOS",1,1,"MIA","BOS","MIA","W","Luke Kornet",48,1,1,1628436,TRUE,0,2,0,0,1,0,NA,TRUE,0,1,0,22,0,0,1,2,3,2,2,0,2,3,0,-4,10.6,"https://stats.nba.com/media/img/teams/logos/season/2024-25/BOS_logo.svg","https://stats.nba.com/player/1628436","https://ak-static.cms.nba.com/wp-content/uploads/headshots/nba/latest/260x190/1628436.png","https://ak-static.cms.nba.com/wp-content/uploads/headshots/nba/latest/260x190/1628436.png","https://stats.nba.com/media/players/700/1628436.png","https://ak-static.cms.nba.com/wp-content/uploads/headshots/nba/latest/260x190/1628436.png"
"566",2025,"2024-25","NBA","Regular Season",2025-02-10,22400759,54,"Boston Celtics",1610612738,FALSE,FALSE,FALSE,"A","BOS @ MIA","BOS",1,1,"MIA","BOS","MIA","W","Neemias Queta",42,1,1,1629674,TRUE,2,2,1,0,0,0,NA,TRUE,2,2,1,6,0,0,0,1,1,0,0,0,1,1,4,4,4.2,"https://stats.nba.com/media/img/teams/logos/season/2024-25/BOS_logo.svg","https://stats.nba.com/player/1629674","https://ak-static.cms.nba.com/wp-content/uploads/headshots/nba/latest/260x190/1629674.png","https://ak-static.cms.nba.com/wp-content/uploads/headshots/nba/latest/260x190/1629674.png","https://stats.nba.com/media/players/700/1629674.png","https://stats.nba.com/media/img/league/nba-headshot-fallback.png"
"567",2025,"2024-25","NBA","Regular Season",2025-02-10,22400759,54,"Boston Celtics",1610612738,FALSE,FALSE,FALSE,"A","BOS @ MIA","BOS",1,1,"MIA","BOS","MIA","W","Payton Pritchard",53,1,1,1630202,TRUE,2,9,0.222,1,8,0.125,NA,TRUE,1,1,1,36,0,0,0,10,10,8,2,0,0,1,5,17,35,"https://stats.nba.com/media/img/teams/logos/season/2024-25/BOS_logo.svg","https://stats.nba.com/player/1630202","https://ak-static.cms.nba.com/wp-content/uploads/headshots/nba/latest/260x190/1630202.png","https://ak-static.cms.nba.com/wp-content/uploads/headshots/nba/latest/260x190/1630202.png","https://stats.nba.com/media/players/700/1630202.png","https://stats.nba.com/media/img/league/nba-headshot-fallback.png"
"568",2025,"2024-25","NBA","Regular Season",2025-02-10,22400759,54,"Boston Celtics",1610612738,FALSE,FALSE,FALSE,"A","BOS @ MIA","BOS",1,1,"MIA","BOS","MIA","W","Sam Hauser",45,1,1,1630573,TRUE,5,8,0.625,5,8,0.625,NA,TRUE,0,0,0,24,0,0,0,4,4,2,0,0,0,2,15,17,22.8,"https://stats.nba.com/media/img/teams/logos/season/2024-25/BOS_logo.svg","https://stats.nba.com/player/1630573","https://ak-static.cms.nba.com/wp-content/uploads/headshots/nba/latest/260x190/1630573.png","https://ak-static.cms.nba.com/wp-content/uploads/headshots/nba/latest/260x190/1630573.png","https://stats.nba.com/media/players/700/1630573.png","https://stats.nba.com/media/img/league/nba-headshot-fallback.png"
"569",2025,"2024-25","NBA","Regular Season",2025-02-10,22400759,54,"Boston Celtics",1610612738,FALSE,FALSE,FALSE,"A","BOS @ MIA","BOS",1,1,"MIA","BOS","MIA","W","Jayson Tatum",51,1,1,1628369,TRUE,13,26,0.5,4,12,0.333333333333333,1,TRUE,9,14,0.642857142857143,38,3,3,0,8,8,2,0,1,0,1,33,6,48.6,"https://stats.nba.com/media/img/teams/logos/season/2024-25/BOS_logo.svg","https://stats.nba.com/player/1628369","https://ak-static.cms.nba.com/wp-content/uploads/headshots/nba/latest/260x190/1628369.png","https://ak-static.cms.nba.com/wp-content/uploads/headshots/nba/latest/260x190/1628369.png","https://stats.nba.com/media/players/700/1628369.png","https://ak-static.cms.nba.com/wp-content/uploads/headshots/nba/latest/260x190/1628369.png"
"570",2025,"2024-25","NBA","Regular Season",2025-02-12,22400769,55,"Boston Celtics",1610612738,FALSE,FALSE,FALSE,"H","BOS vs. SAS","BOS",1,7,"SAS","BOS","SAS","W","Neemias Queta",43,1,7,1629674,TRUE,0,0,NA,0,0,0,NA,TRUE,0,0,0,0,0,0,0,0,0,0,0,0,0,0,0,0,0,"https://stats.nba.com/media/img/teams/logos/season/2024-25/BOS_logo.svg","https://stats.nba.com/player/1629674","https://ak-static.cms.nba.com/wp-content/uploads/headshots/nba/latest/260x190/1629674.png","https://ak-static.cms.nba.com/wp-content/uploads/headshots/nba/latest/260x190/1629674.png","https://stats.nba.com/media/players/700/1629674.png","https://stats.nba.com/media/img/league/nba-headshot-fallback.png"
"571",2025,"2024-25","NBA","Regular Season",2025-02-12,22400769,55,"Boston Celtics",1610612738,FALSE,FALSE,FALSE,"H","BOS vs. SAS","BOS",1,7,"SAS","BOS","SAS","W","Luke Kornet",49,1,7,1628436,TRUE,1,1,1,0,0,0,NA,TRUE,1,1,1,16,0,0,3,1,4,1,0,0,0,0,2,10,8.3,"https://stats.nba.com/media/img/teams/logos/season/2024-25/BOS_logo.svg","https://stats.nba.com/player/1628436","https://ak-static.cms.nba.com/wp-content/uploads/headshots/nba/latest/260x190/1628436.png","https://ak-static.cms.nba.com/wp-content/uploads/headshots/nba/latest/260x190/1628436.png","https://stats.nba.com/media/players/700/1628436.png","https://ak-static.cms.nba.com/wp-content/uploads/headshots/nba/latest/260x190/1628436.png"
"572",2025,"2024-25","NBA","Regular Season",2025-02-12,22400769,55,"Boston Celtics",1610612738,FALSE,FALSE,FALSE,"H","BOS vs. SAS","BOS",1,7,"SAS","BOS","SAS","W","Sam Hauser",46,1,7,1630573,TRUE,4,9,0.444,2,7,0.285714285714286,1,TRUE,2,2,1,29,2,2,1,6,7,0,1,0,0,2,12,9,23.4,"https://stats.nba.com/media/img/teams/logos/season/2024-25/BOS_logo.svg","https://stats.nba.com/player/1630573","https://ak-static.cms.nba.com/wp-content/uploads/headshots/nba/latest/260x190/1630573.png","https://ak-static.cms.nba.com/wp-content/uploads/headshots/nba/latest/260x190/1630573.png","https://stats.nba.com/media/players/700/1630573.png","https://stats.nba.com/media/img/league/nba-headshot-fallback.png"
"573",2025,"2024-25","NBA","Regular Season",2025-02-12,22400769,55,"Boston Celtics",1610612738,FALSE,FALSE,FALSE,"H","BOS vs. SAS","BOS",1,7,"SAS","BOS","SAS","W","Baylor Scheierman",12,1,7,1631248,TRUE,0,0,NA,0,0,0,NA,TRUE,0,0,0,5,0,0,0,1,1,0,0,0,0,0,0,1,1.2,"https://stats.nba.com/media/img/teams/logos/season/2024-25/BOS_logo.svg","https://stats.nba.com/player/1631248","https://ak-static.cms.nba.com/wp-content/uploads/headshots/nba/latest/260x190/1631248.png","https://ak-static.cms.nba.com/wp-content/uploads/headshots/nba/latest/260x190/1631248.png","https://stats.nba.com/media/players/700/1631248.png","https://stats.nba.com/media/img/league/nba-headshot-fallback.png"
"574",2025,"2024-25","NBA","Regular Season",2025-02-12,22400769,55,"Boston Celtics",1610612738,FALSE,FALSE,FALSE,"H","BOS vs. SAS","BOS",1,7,"SAS","BOS","SAS","W","Jordan Walsh",37,3,7,1641775,TRUE,0,0,NA,0,0,0,NA,TRUE,0,0,0,0,0,0,0,0,0,0,0,0,0,0,0,0,0,"https://stats.nba.com/media/img/teams/logos/season/2024-25/BOS_logo.svg","https://stats.nba.com/player/1641775","https://ak-static.cms.nba.com/wp-content/uploads/headshots/nba/latest/260x190/1641775.png","https://ak-static.cms.nba.com/wp-content/uploads/headshots/nba/latest/260x190/1641775.png","https://stats.nba.com/media/players/700/1641775.png","https://stats.nba.com/media/img/league/nba-headshot-fallback.png"
"575",2025,"2024-25","NBA","Regular Season",2025-02-12,22400769,55,"Boston Celtics",1610612738,FALSE,FALSE,FALSE,"H","BOS vs. SAS","BOS",1,7,"SAS","BOS","SAS","W","Kristaps Porziņģis",29,1,7,204001,TRUE,10,16,0.625,3,4,0.75,0.667,TRUE,7,12,0.583333333333333,37,6,9,3,3,6,1,1,1,5,2,29,4,38.7,"https://stats.nba.com/media/img/teams/logos/season/2024-25/BOS_logo.svg","https://stats.nba.com/player/204001","https://stats.nba.com/media/players/230x185/204001.png","https://ak-static.cms.nba.com/wp-content/uploads/headshots/nba/latest/260x190/204001.png","https://stats.nba.com/media/players/700/204001.png","https://ak-static.cms.nba.com/wp-content/uploads/headshots/nba/latest/260x190/204001.png"
"576",2025,"2024-25","NBA","Regular Season",2025-02-12,22400769,55,"Boston Celtics",1610612738,FALSE,FALSE,FALSE,"H","BOS vs. SAS","BOS",1,7,"SAS","BOS","SAS","W","Torrey Craig",10,43,7,1628470,TRUE,2,2,1,2,2,1,NA,TRUE,0,0,0,9,0,0,0,0,0,1,0,1,0,0,6,2,10.5,"https://stats.nba.com/media/img/teams/logos/season/2024-25/BOS_logo.svg","https://stats.nba.com/player/1628470","https://ak-static.cms.nba.com/wp-content/uploads/headshots/nba/latest/260x190/1628470.png","https://ak-static.cms.nba.com/wp-content/uploads/headshots/nba/latest/260x190/1628470.png","https://stats.nba.com/media/players/700/1628470.png","https://ak-static.cms.nba.com/wp-content/uploads/headshots/nba/latest/260x190/1628470.png"
"577",2025,"2024-25","NBA","Regular Season",2025-02-12,22400769,55,"Boston Celtics",1610612738,FALSE,FALSE,FALSE,"H","BOS vs. SAS","BOS",1,7,"SAS","BOS","SAS","W","Al Horford",43,1,7,201143,TRUE,2,10,0.2,2,7,0.285714285714286,NA,TRUE,0,3,0,34,0,0,2,8,10,3,0,2,1,1,6,4,27.5,"https://stats.nba.com/media/img/teams/logos/season/2024-25/BOS_logo.svg","https://stats.nba.com/player/201143","https://stats.nba.com/media/players/230x185/201143.png","https://ak-static.cms.nba.com/wp-content/uploads/headshots/nba/latest/260x190/201143.png","https://stats.nba.com/media/players/700/201143.png","https://ak-static.cms.nba.com/wp-content/uploads/headshots/nba/latest/260x190/201143.png"
"578",2025,"2024-25","NBA","Regular Season",2025-02-12,22400769,55,"Boston Celtics",1610612738,FALSE,FALSE,FALSE,"H","BOS vs. SAS","BOS",1,7,"SAS","BOS","SAS","W","Derrick White",52,1,7,1628401,TRUE,7,16,0.438,3,11,0.272727272727273,1,TRUE,4,5,0.8,39,2,2,1,6,7,9,1,0,6,1,19,11,37.9,"https://stats.nba.com/media/img/teams/logos/season/2024-25/BOS_logo.svg","https://stats.nba.com/player/1628401","https://ak-static.cms.nba.com/wp-content/uploads/headshots/nba/latest/260x190/1628401.png","https://ak-static.cms.nba.com/wp-content/uploads/headshots/nba/latest/260x190/1628401.png","https://stats.nba.com/media/players/700/1628401.png","https://ak-static.cms.nba.com/wp-content/uploads/headshots/nba/latest/260x190/1628401.png"
"579",2025,"2024-25","NBA","Regular Season",2025-02-12,22400769,55,"Boston Celtics",1610612738,FALSE,FALSE,FALSE,"H","BOS vs. SAS","BOS",1,7,"SAS","BOS","SAS","W","Payton Pritchard",54,1,7,1630202,TRUE,4,12,0.333,2,10,0.2,NA,TRUE,2,2,1,31,0,0,4,3,7,3,0,0,1,3,10,12,21.9,"https://stats.nba.com/media/img/teams/logos/season/2024-25/BOS_logo.svg","https://stats.nba.com/player/1630202","https://ak-static.cms.nba.com/wp-content/uploads/headshots/nba/latest/260x190/1630202.png","https://ak-static.cms.nba.com/wp-content/uploads/headshots/nba/latest/260x190/1630202.png","https://stats.nba.com/media/players/700/1630202.png","https://stats.nba.com/media/img/league/nba-headshot-fallback.png"
"580",2025,"2024-25","NBA","Regular Season",2025-02-12,22400769,55,"Boston Celtics",1610612738,FALSE,FALSE,FALSE,"H","BOS vs. SAS","BOS",1,7,"SAS","BOS","SAS","W","Jayson Tatum",52,1,7,1628369,TRUE,12,25,0.48,4,14,0.285714285714286,0.5,TRUE,8,11,0.727272727272727,38,4,8,1,13,14,7,0,1,2,3,32,12,60.3,"https://stats.nba.com/media/img/teams/logos/season/2024-25/BOS_logo.svg","https://stats.nba.com/player/1628369","https://ak-static.cms.nba.com/wp-content/uploads/headshots/nba/latest/260x190/1628369.png","https://ak-static.cms.nba.com/wp-content/uploads/headshots/nba/latest/260x190/1628369.png","https://stats.nba.com/media/players/700/1628369.png","https://ak-static.cms.nba.com/wp-content/uploads/headshots/nba/latest/260x190/1628369.png"
"581",2025,"2024-25","NBA","Regular Season",2025-02-20,22400789,56,"Boston Celtics",1610612738,FALSE,FALSE,FALSE,"A","BOS @ PHI","BOS",7,2,"PHI","BOS","PHI","W","Al Horford",44,7,2,201143,TRUE,4,7,0.571,3,5,0.6,NA,TRUE,1,2,0.5,18,0,0,1,3,4,1,0,0,0,2,11,20,17.3,"https://stats.nba.com/media/img/teams/logos/season/2024-25/BOS_logo.svg","https://stats.nba.com/player/201143","https://stats.nba.com/media/players/230x185/201143.png","https://ak-static.cms.nba.com/wp-content/uploads/headshots/nba/latest/260x190/201143.png","https://stats.nba.com/media/players/700/201143.png","https://ak-static.cms.nba.com/wp-content/uploads/headshots/nba/latest/260x190/201143.png"
"582",2025,"2024-25","NBA","Regular Season",2025-02-20,22400789,56,"Boston Celtics",1610612738,FALSE,FALSE,FALSE,"A","BOS @ PHI","BOS",7,2,"PHI","BOS","PHI","W","Jrue Holiday",45,15,2,201950,TRUE,3,6,0.5,2,3,0.666666666666667,NA,TRUE,1,3,0.333333333333333,20,0,0,0,1,1,2,0,0,0,3,8,8,12.2,"https://stats.nba.com/media/img/teams/logos/season/2024-25/BOS_logo.svg","https://stats.nba.com/player/201950","https://stats.nba.com/media/players/230x185/201950.png","https://ak-static.cms.nba.com/wp-content/uploads/headshots/nba/latest/260x190/201950.png","https://stats.nba.com/media/players/700/201950.png","https://ak-static.cms.nba.com/wp-content/uploads/headshots/nba/latest/260x190/201950.png"
"583",2025,"2024-25","NBA","Regular Season",2025-02-20,22400789,56,"Boston Celtics",1610612738,FALSE,FALSE,FALSE,"A","BOS @ PHI","BOS",7,2,"PHI","BOS","PHI","W","Derrick White",53,7,2,1628401,TRUE,5,10,0.5,3,7,0.428571428571429,1,TRUE,2,3,0.666666666666667,26,3,3,0,10,10,2,0,0,1,1,16,14,30,"https://stats.nba.com/media/img/teams/logos/season/2024-25/BOS_logo.svg","https://stats.nba.com/player/1628401","https://ak-static.cms.nba.com/wp-content/uploads/headshots/nba/latest/260x190/1628401.png","https://ak-static.cms.nba.com/wp-content/uploads/headshots/nba/latest/260x190/1628401.png","https://stats.nba.com/media/players/700/1628401.png","https://ak-static.cms.nba.com/wp-content/uploads/headshots/nba/latest/260x190/1628401.png"
"584",2025,"2024-25","NBA","Regular Season",2025-02-20,22400789,56,"Boston Celtics",1610612738,FALSE,FALSE,FALSE,"A","BOS @ PHI","BOS",7,2,"PHI","BOS","PHI","W","Jaylen Brown",47,11,2,1627759,TRUE,7,13,0.538,2,6,0.333333333333333,1,TRUE,5,7,0.714285714285714,27,4,4,3,3,6,6,0,0,3,1,20,6,33.2,"https://stats.nba.com/media/img/teams/logos/season/2024-25/BOS_logo.svg","https://stats.nba.com/player/1627759","https://stats.nba.com/media/players/230x185/1627759.png","https://ak-static.cms.nba.com/wp-content/uploads/headshots/nba/latest/260x190/1627759.png","https://stats.nba.com/media/players/700/1627759.png","https://ak-static.cms.nba.com/wp-content/uploads/headshots/nba/latest/260x190/1627759.png"
"585",2025,"2024-25","NBA","Regular Season",2025-02-20,22400789,56,"Boston Celtics",1610612738,FALSE,FALSE,FALSE,"A","BOS @ PHI","BOS",7,2,"PHI","BOS","PHI","W","Baylor Scheierman",13,7,4,1631248,TRUE,0,0,NA,0,0,0,NA,TRUE,0,0,0,1,0,0,0,0,0,0,0,0,0,0,0,-2,0,"https://stats.nba.com/media/img/teams/logos/season/2024-25/BOS_logo.svg","https://stats.nba.com/player/1631248","https://ak-static.cms.nba.com/wp-content/uploads/headshots/nba/latest/260x190/1631248.png","https://ak-static.cms.nba.com/wp-content/uploads/headshots/nba/latest/260x190/1631248.png","https://stats.nba.com/media/players/700/1631248.png","https://stats.nba.com/media/img/league/nba-headshot-fallback.png"
"586",2025,"2024-25","NBA","Regular Season",2025-02-20,22400789,56,"Boston Celtics",1610612738,FALSE,FALSE,FALSE,"A","BOS @ PHI","BOS",7,2,"PHI","BOS","PHI","W","Luke Kornet",50,7,2,1628436,TRUE,3,4,0.75,0,0,0,NA,TRUE,3,4,0.75,17,0,0,4,3,7,4,1,2,0,1,6,12,29.4,"https://stats.nba.com/media/img/teams/logos/season/2024-25/BOS_logo.svg","https://stats.nba.com/player/1628436","https://ak-static.cms.nba.com/wp-content/uploads/headshots/nba/latest/260x190/1628436.png","https://ak-static.cms.nba.com/wp-content/uploads/headshots/nba/latest/260x190/1628436.png","https://stats.nba.com/media/players/700/1628436.png","https://ak-static.cms.nba.com/wp-content/uploads/headshots/nba/latest/260x190/1628436.png"
"587",2025,"2024-25","NBA","Regular Season",2025-02-20,22400789,56,"Boston Celtics",1610612738,FALSE,FALSE,FALSE,"A","BOS @ PHI","BOS",7,2,"PHI","BOS","PHI","W","Payton Pritchard",55,7,2,1630202,TRUE,10,18,0.556,8,15,0.533333333333333,NA,TRUE,2,3,0.666666666666667,31,0,0,0,0,0,4,0,0,1,0,28,8,33,"https://stats.nba.com/media/img/teams/logos/season/2024-25/BOS_logo.svg","https://stats.nba.com/player/1630202","https://ak-static.cms.nba.com/wp-content/uploads/headshots/nba/latest/260x190/1630202.png","https://ak-static.cms.nba.com/wp-content/uploads/headshots/nba/latest/260x190/1630202.png","https://stats.nba.com/media/players/700/1630202.png","https://stats.nba.com/media/img/league/nba-headshot-fallback.png"
"588",2025,"2024-25","NBA","Regular Season",2025-02-20,22400789,56,"Boston Celtics",1610612738,FALSE,FALSE,FALSE,"A","BOS @ PHI","BOS",7,2,"PHI","BOS","PHI","W","Sam Hauser",47,7,2,1630573,TRUE,1,6,0.167,1,5,0.2,NA,TRUE,0,1,0,21,0,0,1,1,2,2,0,0,0,1,3,14,8.4,"https://stats.nba.com/media/img/teams/logos/season/2024-25/BOS_logo.svg","https://stats.nba.com/player/1630573","https://ak-static.cms.nba.com/wp-content/uploads/headshots/nba/latest/260x190/1630573.png","https://ak-static.cms.nba.com/wp-content/uploads/headshots/nba/latest/260x190/1630573.png","https://stats.nba.com/media/players/700/1630573.png","https://stats.nba.com/media/img/league/nba-headshot-fallback.png"
"589",2025,"2024-25","NBA","Regular Season",2025-02-20,22400789,56,"Boston Celtics",1610612738,FALSE,FALSE,FALSE,"A","BOS @ PHI","BOS",7,2,"PHI","BOS","PHI","W","Kristaps Porziņģis",30,7,2,204001,TRUE,5,11,0.455,3,6,0.5,0.8,TRUE,2,5,0.4,25,4,5,1,3,4,1,1,1,2,5,17,14,27.3,"https://stats.nba.com/media/img/teams/logos/season/2024-25/BOS_logo.svg","https://stats.nba.com/player/204001","https://stats.nba.com/media/players/230x185/204001.png","https://ak-static.cms.nba.com/wp-content/uploads/headshots/nba/latest/260x190/204001.png","https://stats.nba.com/media/players/700/204001.png","https://ak-static.cms.nba.com/wp-content/uploads/headshots/nba/latest/260x190/204001.png"
"590",2025,"2024-25","NBA","Regular Season",2025-02-20,22400789,56,"Boston Celtics",1610612738,FALSE,FALSE,FALSE,"A","BOS @ PHI","BOS",7,2,"PHI","BOS","PHI","W","Torrey Craig",11,7,4,1628470,TRUE,0,0,NA,0,0,0,NA,TRUE,0,0,0,9,0,0,1,1,2,1,0,3,0,0,0,-1,12.9,"https://stats.nba.com/media/img/teams/logos/season/2024-25/BOS_logo.svg","https://stats.nba.com/player/1628470","https://ak-static.cms.nba.com/wp-content/uploads/headshots/nba/latest/260x190/1628470.png","https://ak-static.cms.nba.com/wp-content/uploads/headshots/nba/latest/260x190/1628470.png","https://stats.nba.com/media/players/700/1628470.png","https://ak-static.cms.nba.com/wp-content/uploads/headshots/nba/latest/260x190/1628470.png"
"591",2025,"2024-25","NBA","Regular Season",2025-02-20,22400789,56,"Boston Celtics",1610612738,FALSE,FALSE,FALSE,"A","BOS @ PHI","BOS",7,2,"PHI","BOS","PHI","W","Jordan Walsh",38,7,4,1641775,TRUE,0,0,NA,0,0,0,NA,TRUE,0,0,0,5,0,0,0,0,0,0,0,0,0,0,0,-6,0,"https://stats.nba.com/media/img/teams/logos/season/2024-25/BOS_logo.svg","https://stats.nba.com/player/1641775","https://ak-static.cms.nba.com/wp-content/uploads/headshots/nba/latest/260x190/1641775.png","https://ak-static.cms.nba.com/wp-content/uploads/headshots/nba/latest/260x190/1641775.png","https://stats.nba.com/media/players/700/1641775.png","https://stats.nba.com/media/img/league/nba-headshot-fallback.png"
"592",2025,"2024-25","NBA","Regular Season",2025-02-20,22400789,56,"Boston Celtics",1610612738,FALSE,FALSE,FALSE,"A","BOS @ PHI","BOS",7,2,"PHI","BOS","PHI","W","Jayson Tatum",53,7,2,1628369,TRUE,5,13,0.385,2,7,0.285714285714286,1,TRUE,3,6,0.5,35,3,3,0,11,11,10,1,0,3,1,15,19,43.2,"https://stats.nba.com/media/img/teams/logos/season/2024-25/BOS_logo.svg","https://stats.nba.com/player/1628369","https://ak-static.cms.nba.com/wp-content/uploads/headshots/nba/latest/260x190/1628369.png","https://ak-static.cms.nba.com/wp-content/uploads/headshots/nba/latest/260x190/1628369.png","https://stats.nba.com/media/players/700/1628369.png","https://ak-static.cms.nba.com/wp-content/uploads/headshots/nba/latest/260x190/1628369.png"
"593",2025,"2024-25","NBA","Regular Season",2025-02-20,22400789,56,"Boston Celtics",1610612738,FALSE,FALSE,FALSE,"A","BOS @ PHI","BOS",7,2,"PHI","BOS","PHI","W","Neemias Queta",44,7,4,1629674,TRUE,0,1,0,0,0,0,NA,TRUE,0,1,0,5,0,0,0,2,2,0,0,0,0,1,0,-6,2.4,"https://stats.nba.com/media/img/teams/logos/season/2024-25/BOS_logo.svg","https://stats.nba.com/player/1629674","https://ak-static.cms.nba.com/wp-content/uploads/headshots/nba/latest/260x190/1629674.png","https://ak-static.cms.nba.com/wp-content/uploads/headshots/nba/latest/260x190/1629674.png","https://stats.nba.com/media/players/700/1629674.png","https://stats.nba.com/media/img/league/nba-headshot-fallback.png"
"594",2025,"2024-25","NBA","Regular Season",2025-02-23,22400811,57,"Boston Celtics",1610612738,FALSE,TRUE,FALSE,"H","BOS vs. NYK","BOS",2,1,"NYK","BOS","NYK","W","Al Horford",45,2,2,201143,TRUE,2,3,0.667,0,0,0,NA,TRUE,2,3,0.666666666666667,25,0,0,2,1,3,1,0,0,0,3,4,10,9.1,"https://stats.nba.com/media/img/teams/logos/season/2024-25/BOS_logo.svg","https://stats.nba.com/player/201143","https://stats.nba.com/media/players/230x185/201143.png","https://ak-static.cms.nba.com/wp-content/uploads/headshots/nba/latest/260x190/201143.png","https://stats.nba.com/media/players/700/201143.png","https://ak-static.cms.nba.com/wp-content/uploads/headshots/nba/latest/260x190/201143.png"
"595",2025,"2024-25","NBA","Regular Season",2025-02-23,22400811,57,"Boston Celtics",1610612738,FALSE,TRUE,FALSE,"H","BOS vs. NYK","BOS",2,1,"NYK","BOS","NYK","W","Jrue Holiday",46,2,2,201950,TRUE,6,9,0.667,2,4,0.5,NA,TRUE,4,5,0.8,32,0,0,1,3,4,2,3,1,2,1,14,12,31.8,"https://stats.nba.com/media/img/teams/logos/season/2024-25/BOS_logo.svg","https://stats.nba.com/player/201950","https://stats.nba.com/media/players/230x185/201950.png","https://ak-static.cms.nba.com/wp-content/uploads/headshots/nba/latest/260x190/201950.png","https://stats.nba.com/media/players/700/201950.png","https://ak-static.cms.nba.com/wp-content/uploads/headshots/nba/latest/260x190/201950.png"
"596",2025,"2024-25","NBA","Regular Season",2025-02-23,22400811,57,"Boston Celtics",1610612738,FALSE,TRUE,FALSE,"H","BOS vs. NYK","BOS",2,1,"NYK","BOS","NYK","W","Kristaps Porziņģis",31,2,2,204001,TRUE,6,15,0.4,2,9,0.222222222222222,1,TRUE,4,6,0.666666666666667,34,1,1,2,5,7,2,1,3,1,1,15,17,37.4,"https://stats.nba.com/media/img/teams/logos/season/2024-25/BOS_logo.svg","https://stats.nba.com/player/204001","https://stats.nba.com/media/players/230x185/204001.png","https://ak-static.cms.nba.com/wp-content/uploads/headshots/nba/latest/260x190/204001.png","https://stats.nba.com/media/players/700/204001.png","https://ak-static.cms.nba.com/wp-content/uploads/headshots/nba/latest/260x190/204001.png"
"597",2025,"2024-25","NBA","Regular Season",2025-02-23,22400811,57,"Boston Celtics",1610612738,FALSE,TRUE,FALSE,"H","BOS vs. NYK","BOS",2,1,"NYK","BOS","NYK","W","Jaylen Brown",48,2,1,1627759,TRUE,10,21,0.476,2,7,0.285714285714286,1,TRUE,8,14,0.571428571428571,37,2,2,1,7,8,2,2,0,2,2,24,14,40.6,"https://stats.nba.com/media/img/teams/logos/season/2024-25/BOS_logo.svg","https://stats.nba.com/player/1627759","https://stats.nba.com/media/players/230x185/1627759.png","https://ak-static.cms.nba.com/wp-content/uploads/headshots/nba/latest/260x190/1627759.png","https://stats.nba.com/media/players/700/1627759.png","https://ak-static.cms.nba.com/wp-content/uploads/headshots/nba/latest/260x190/1627759.png"
"598",2025,"2024-25","NBA","Regular Season",2025-02-23,22400811,57,"Boston Celtics",1610612738,FALSE,TRUE,FALSE,"H","BOS vs. NYK","BOS",2,1,"NYK","BOS","NYK","W","Jayson Tatum",54,2,1,1628369,TRUE,8,20,0.4,3,10,0.3,1,TRUE,5,10,0.5,37,6,6,0,10,10,9,1,0,3,3,25,12,50.5,"https://stats.nba.com/media/img/teams/logos/season/2024-25/BOS_logo.svg","https://stats.nba.com/player/1628369","https://ak-static.cms.nba.com/wp-content/uploads/headshots/nba/latest/260x190/1628369.png","https://ak-static.cms.nba.com/wp-content/uploads/headshots/nba/latest/260x190/1628369.png","https://stats.nba.com/media/players/700/1628369.png","https://ak-static.cms.nba.com/wp-content/uploads/headshots/nba/latest/260x190/1628369.png"
"599",2025,"2024-25","NBA","Regular Season",2025-02-23,22400811,57,"Boston Celtics",1610612738,FALSE,TRUE,FALSE,"H","BOS vs. NYK","BOS",2,1,"NYK","BOS","NYK","W","Derrick White",54,2,1,1628401,TRUE,7,10,0.7,5,6,0.833333333333333,NA,TRUE,2,4,0.5,37,0,0,2,7,9,7,1,0,2,1,19,19,41.3,"https://stats.nba.com/media/img/teams/logos/season/2024-25/BOS_logo.svg","https://stats.nba.com/player/1628401","https://ak-static.cms.nba.com/wp-content/uploads/headshots/nba/latest/260x190/1628401.png","https://ak-static.cms.nba.com/wp-content/uploads/headshots/nba/latest/260x190/1628401.png","https://stats.nba.com/media/players/700/1628401.png","https://ak-static.cms.nba.com/wp-content/uploads/headshots/nba/latest/260x190/1628401.png"
"600",2025,"2024-25","NBA","Regular Season",2025-02-23,22400811,57,"Boston Celtics",1610612738,FALSE,TRUE,FALSE,"H","BOS vs. NYK","BOS",2,1,"NYK","BOS","NYK","W","Payton Pritchard",56,2,1,1630202,TRUE,1,5,0.2,1,5,0.2,NA,TRUE,0,0,0,17,0,0,1,3,4,2,0,1,0,1,3,-12,13.8,"https://stats.nba.com/media/img/teams/logos/season/2024-25/BOS_logo.svg","https://stats.nba.com/player/1630202","https://ak-static.cms.nba.com/wp-content/uploads/headshots/nba/latest/260x190/1630202.png","https://ak-static.cms.nba.com/wp-content/uploads/headshots/nba/latest/260x190/1630202.png","https://stats.nba.com/media/players/700/1630202.png","https://stats.nba.com/media/img/league/nba-headshot-fallback.png"
"601",2025,"2024-25","NBA","Regular Season",2025-02-23,22400811,57,"Boston Celtics",1610612738,FALSE,TRUE,FALSE,"H","BOS vs. NYK","BOS",2,1,"NYK","BOS","NYK","W","Sam Hauser",48,2,1,1630573,TRUE,2,4,0.5,2,3,0.666666666666667,NA,TRUE,0,1,0,9,0,0,0,1,1,0,0,0,0,1,6,-4,7.2,"https://stats.nba.com/media/img/teams/logos/season/2024-25/BOS_logo.svg","https://stats.nba.com/player/1630573","https://ak-static.cms.nba.com/wp-content/uploads/headshots/nba/latest/260x190/1630573.png","https://ak-static.cms.nba.com/wp-content/uploads/headshots/nba/latest/260x190/1630573.png","https://stats.nba.com/media/players/700/1630573.png","https://stats.nba.com/media/img/league/nba-headshot-fallback.png"
"602",2025,"2024-25","NBA","Regular Season",2025-02-23,22400811,57,"Boston Celtics",1610612738,FALSE,TRUE,FALSE,"H","BOS vs. NYK","BOS",2,1,"NYK","BOS","NYK","W","Luke Kornet",51,2,4,1628436,TRUE,3,4,0.75,0,0,0,1,TRUE,3,4,0.75,14,2,2,3,0,3,2,0,0,0,1,8,-3,14.6,"https://stats.nba.com/media/img/teams/logos/season/2024-25/BOS_logo.svg","https://stats.nba.com/player/1628436","https://ak-static.cms.nba.com/wp-content/uploads/headshots/nba/latest/260x190/1628436.png","https://ak-static.cms.nba.com/wp-content/uploads/headshots/nba/latest/260x190/1628436.png","https://stats.nba.com/media/players/700/1628436.png","https://ak-static.cms.nba.com/wp-content/uploads/headshots/nba/latest/260x190/1628436.png"
"603",2025,"2024-25","NBA","Regular Season",2025-02-25,22400829,58,"Boston Celtics",1610612738,TRUE,FALSE,FALSE,"A","BOS @ TOR","BOS",1,0,"TOR","BOS","TOR","W","JD Davison",6,74,0,1631120,TRUE,0,1,0,0,0,0,NA,TRUE,0,1,0,4,0,0,0,1,1,1,1,0,0,0,0,-4,5.7,"https://stats.nba.com/media/img/teams/logos/season/2024-25/BOS_logo.svg","https://stats.nba.com/player/1631120","https://ak-static.cms.nba.com/wp-content/uploads/headshots/nba/latest/260x190/1631120.png","https://ak-static.cms.nba.com/wp-content/uploads/headshots/nba/latest/260x190/1631120.png","https://stats.nba.com/media/players/700/1631120.png","https://stats.nba.com/media/img/league/nba-headshot-fallback.png"
"604",2025,"2024-25","NBA","Regular Season",2025-02-25,22400829,58,"Boston Celtics",1610612738,TRUE,FALSE,FALSE,"A","BOS @ TOR","BOS",1,0,"TOR","BOS","TOR","W","Baylor Scheierman",14,4,0,1631248,TRUE,1,4,0.25,0,1,0,NA,TRUE,1,3,0.333333333333333,11,0,0,1,1,2,0,0,0,0,0,2,2,4.4,"https://stats.nba.com/media/img/teams/logos/season/2024-25/BOS_logo.svg","https://stats.nba.com/player/1631248","https://ak-static.cms.nba.com/wp-content/uploads/headshots/nba/latest/260x190/1631248.png","https://ak-static.cms.nba.com/wp-content/uploads/headshots/nba/latest/260x190/1631248.png","https://stats.nba.com/media/players/700/1631248.png","https://stats.nba.com/media/img/league/nba-headshot-fallback.png"
"605",2025,"2024-25","NBA","Regular Season",2025-02-25,22400829,58,"Boston Celtics",1610612738,TRUE,FALSE,FALSE,"A","BOS @ TOR","BOS",1,0,"TOR","BOS","TOR","W","Torrey Craig",12,4,2,1628470,TRUE,2,7,0.286,0,5,0,NA,TRUE,2,2,1,15,0,0,2,1,3,0,0,0,1,2,4,4,6.6,"https://stats.nba.com/media/img/teams/logos/season/2024-25/BOS_logo.svg","https://stats.nba.com/player/1628470","https://ak-static.cms.nba.com/wp-content/uploads/headshots/nba/latest/260x190/1628470.png","https://ak-static.cms.nba.com/wp-content/uploads/headshots/nba/latest/260x190/1628470.png","https://stats.nba.com/media/players/700/1628470.png","https://ak-static.cms.nba.com/wp-content/uploads/headshots/nba/latest/260x190/1628470.png"
"606",2025,"2024-25","NBA","Regular Season",2025-02-25,22400829,58,"Boston Celtics",1610612738,TRUE,FALSE,FALSE,"A","BOS @ TOR","BOS",1,0,"TOR","BOS","TOR","W","Payton Pritchard",57,1,0,1630202,TRUE,8,17,0.471,4,13,0.307692307692308,NA,TRUE,4,4,1,35,0,0,2,5,7,2,2,0,1,1,20,4,36.4,"https://stats.nba.com/media/img/teams/logos/season/2024-25/BOS_logo.svg","https://stats.nba.com/player/1630202","https://ak-static.cms.nba.com/wp-content/uploads/headshots/nba/latest/260x190/1630202.png","https://ak-static.cms.nba.com/wp-content/uploads/headshots/nba/latest/260x190/1630202.png","https://stats.nba.com/media/players/700/1630202.png","https://stats.nba.com/media/img/league/nba-headshot-fallback.png"
"607",2025,"2024-25","NBA","Regular Season",2025-02-25,22400829,58,"Boston Celtics",1610612738,TRUE,FALSE,FALSE,"A","BOS @ TOR","BOS",1,0,"TOR","BOS","TOR","W","Jordan Walsh",39,4,0,1641775,TRUE,1,1,1,0,0,0,NA,TRUE,1,1,1,5,0,0,1,1,2,1,0,0,0,0,2,-4,5.9,"https://stats.nba.com/media/img/teams/logos/season/2024-25/BOS_logo.svg","https://stats.nba.com/player/1641775","https://ak-static.cms.nba.com/wp-content/uploads/headshots/nba/latest/260x190/1641775.png","https://ak-static.cms.nba.com/wp-content/uploads/headshots/nba/latest/260x190/1641775.png","https://stats.nba.com/media/players/700/1641775.png","https://stats.nba.com/media/img/league/nba-headshot-fallback.png"
"608",2025,"2024-25","NBA","Regular Season",2025-02-25,22400829,58,"Boston Celtics",1610612738,TRUE,FALSE,FALSE,"A","BOS @ TOR","BOS",1,0,"TOR","BOS","TOR","W","Sam Hauser",49,1,0,1630573,TRUE,4,6,0.667,2,4,0.5,NA,TRUE,2,2,1,40,0,0,2,3,5,0,1,1,1,3,10,19,21,"https://stats.nba.com/media/img/teams/logos/season/2024-25/BOS_logo.svg","https://stats.nba.com/player/1630573","https://ak-static.cms.nba.com/wp-content/uploads/headshots/nba/latest/260x190/1630573.png","https://ak-static.cms.nba.com/wp-content/uploads/headshots/nba/latest/260x190/1630573.png","https://stats.nba.com/media/players/700/1630573.png","https://stats.nba.com/media/img/league/nba-headshot-fallback.png"
"609",2025,"2024-25","NBA","Regular Season",2025-02-25,22400829,58,"Boston Celtics",1610612738,TRUE,FALSE,FALSE,"A","BOS @ TOR","BOS",1,0,"TOR","BOS","TOR","W","Derrick White",55,1,0,1628401,TRUE,7,15,0.467,6,11,0.545454545454545,1,TRUE,1,4,0.25,38,2,2,0,3,3,5,3,2,2,2,22,5,46.1,"https://stats.nba.com/media/img/teams/logos/season/2024-25/BOS_logo.svg","https://stats.nba.com/player/1628401","https://ak-static.cms.nba.com/wp-content/uploads/headshots/nba/latest/260x190/1628401.png","https://ak-static.cms.nba.com/wp-content/uploads/headshots/nba/latest/260x190/1628401.png","https://stats.nba.com/media/players/700/1628401.png","https://ak-static.cms.nba.com/wp-content/uploads/headshots/nba/latest/260x190/1628401.png"
"610",2025,"2024-25","NBA","Regular Season",2025-02-25,22400829,58,"Boston Celtics",1610612738,TRUE,FALSE,FALSE,"A","BOS @ TOR","BOS",1,0,"TOR","BOS","TOR","W","Jaylen Brown",49,1,2,1627759,TRUE,10,18,0.556,0,5,0,1,TRUE,10,13,0.769230769230769,33,4,4,1,4,5,4,1,0,3,1,24,5,36,"https://stats.nba.com/media/img/teams/logos/season/2024-25/BOS_logo.svg","https://stats.nba.com/player/1627759","https://stats.nba.com/media/players/230x185/1627759.png","https://ak-static.cms.nba.com/wp-content/uploads/headshots/nba/latest/260x190/1627759.png","https://stats.nba.com/media/players/700/1627759.png","https://ak-static.cms.nba.com/wp-content/uploads/headshots/nba/latest/260x190/1627759.png"
"611",2025,"2024-25","NBA","Regular Season",2025-02-25,22400829,58,"Boston Celtics",1610612738,TRUE,FALSE,FALSE,"A","BOS @ TOR","BOS",1,0,"TOR","BOS","TOR","W","Jayson Tatum",55,1,0,1628369,TRUE,7,18,0.389,3,12,0.25,1,TRUE,4,6,0.666666666666667,40,2,2,1,5,6,11,1,0,6,2,19,20,39.7,"https://stats.nba.com/media/img/teams/logos/season/2024-25/BOS_logo.svg","https://stats.nba.com/player/1628369","https://ak-static.cms.nba.com/wp-content/uploads/headshots/nba/latest/260x190/1628369.png","https://ak-static.cms.nba.com/wp-content/uploads/headshots/nba/latest/260x190/1628369.png","https://stats.nba.com/media/players/700/1628369.png","https://ak-static.cms.nba.com/wp-content/uploads/headshots/nba/latest/260x190/1628369.png"
"612",2025,"2024-25","NBA","Regular Season",2025-02-25,22400829,58,"Boston Celtics",1610612738,TRUE,FALSE,FALSE,"A","BOS @ TOR","BOS",1,0,"TOR","BOS","TOR","W","Neemias Queta",45,4,0,1629674,TRUE,4,6,0.667,0,0,0,NA,TRUE,4,6,0.666666666666667,20,0,0,2,3,5,0,0,1,0,5,8,-1,17,"https://stats.nba.com/media/img/teams/logos/season/2024-25/BOS_logo.svg","https://stats.nba.com/player/1629674","https://ak-static.cms.nba.com/wp-content/uploads/headshots/nba/latest/260x190/1629674.png","https://ak-static.cms.nba.com/wp-content/uploads/headshots/nba/latest/260x190/1629674.png","https://stats.nba.com/media/players/700/1629674.png","https://stats.nba.com/media/img/league/nba-headshot-fallback.png"
"613",2025,"2024-25","NBA","Regular Season",2025-02-26,22400836,59,"Boston Celtics",1610612738,TRUE,FALSE,TRUE,"A","BOS @ DET","BOS",0,1,"DET","DET","BOS","L","Neemias Queta",46,0,3,1629674,FALSE,0,0,NA,0,0,0,NA,TRUE,0,0,0,11,0,0,0,1,1,1,1,0,1,1,0,-2,4.7,"https://stats.nba.com/media/img/teams/logos/season/2024-25/BOS_logo.svg","https://stats.nba.com/player/1629674","https://ak-static.cms.nba.com/wp-content/uploads/headshots/nba/latest/260x190/1629674.png","https://ak-static.cms.nba.com/wp-content/uploads/headshots/nba/latest/260x190/1629674.png","https://stats.nba.com/media/players/700/1629674.png","https://stats.nba.com/media/img/league/nba-headshot-fallback.png"
"614",2025,"2024-25","NBA","Regular Season",2025-02-26,22400836,59,"Boston Celtics",1610612738,TRUE,FALSE,TRUE,"A","BOS @ DET","BOS",0,1,"DET","DET","BOS","L","Jordan Walsh",40,0,6,1641775,FALSE,0,3,0,0,1,0,NA,TRUE,0,2,0,15,0,0,2,0,2,0,0,0,0,2,0,-7,2.4,"https://stats.nba.com/media/img/teams/logos/season/2024-25/BOS_logo.svg","https://stats.nba.com/player/1641775","https://ak-static.cms.nba.com/wp-content/uploads/headshots/nba/latest/260x190/1641775.png","https://ak-static.cms.nba.com/wp-content/uploads/headshots/nba/latest/260x190/1641775.png","https://stats.nba.com/media/players/700/1641775.png","https://stats.nba.com/media/img/league/nba-headshot-fallback.png"
"615",2025,"2024-25","NBA","Regular Season",2025-02-26,22400836,59,"Boston Celtics",1610612738,TRUE,FALSE,TRUE,"A","BOS @ DET","BOS",0,1,"DET","DET","BOS","L","Jayson Tatum",56,0,1,1628369,FALSE,10,19,0.526,4,9,0.444444444444444,0.75,TRUE,6,10,0.6,33,3,4,1,5,6,3,0,0,4,1,27,-11,34.7,"https://stats.nba.com/media/img/teams/logos/season/2024-25/BOS_logo.svg","https://stats.nba.com/player/1628369","https://ak-static.cms.nba.com/wp-content/uploads/headshots/nba/latest/260x190/1628369.png","https://ak-static.cms.nba.com/wp-content/uploads/headshots/nba/latest/260x190/1628369.png","https://stats.nba.com/media/players/700/1628369.png","https://ak-static.cms.nba.com/wp-content/uploads/headshots/nba/latest/260x190/1628369.png"
"616",2025,"2024-25","NBA","Regular Season",2025-02-26,22400836,59,"Boston Celtics",1610612738,TRUE,FALSE,TRUE,"A","BOS @ DET","BOS",0,1,"DET","DET","BOS","L","Derrick White",56,0,1,1628401,FALSE,6,12,0.5,5,10,0.5,0.5,TRUE,1,2,0.5,31,1,2,1,2,3,3,0,0,2,2,18,-11,24.1,"https://stats.nba.com/media/img/teams/logos/season/2024-25/BOS_logo.svg","https://stats.nba.com/player/1628401","https://ak-static.cms.nba.com/wp-content/uploads/headshots/nba/latest/260x190/1628401.png","https://ak-static.cms.nba.com/wp-content/uploads/headshots/nba/latest/260x190/1628401.png","https://stats.nba.com/media/players/700/1628401.png","https://ak-static.cms.nba.com/wp-content/uploads/headshots/nba/latest/260x190/1628401.png"
"617",2025,"2024-25","NBA","Regular Season",2025-02-26,22400836,59,"Boston Celtics",1610612738,TRUE,FALSE,TRUE,"A","BOS @ DET","BOS",0,1,"DET","DET","BOS","L","Payton Pritchard",58,0,1,1630202,FALSE,6,10,0.6,5,8,0.625,1,TRUE,1,2,0.5,31,1,1,1,2,3,4,1,0,1,0,18,-5,29.6,"https://stats.nba.com/media/img/teams/logos/season/2024-25/BOS_logo.svg","https://stats.nba.com/player/1630202","https://ak-static.cms.nba.com/wp-content/uploads/headshots/nba/latest/260x190/1630202.png","https://ak-static.cms.nba.com/wp-content/uploads/headshots/nba/latest/260x190/1630202.png","https://stats.nba.com/media/players/700/1630202.png","https://stats.nba.com/media/img/league/nba-headshot-fallback.png"
"618",2025,"2024-25","NBA","Regular Season",2025-02-26,22400836,59,"Boston Celtics",1610612738,TRUE,FALSE,TRUE,"A","BOS @ DET","BOS",0,1,"DET","DET","BOS","L","JD Davison",7,0,6,1631120,FALSE,0,1,0,0,1,0,1,TRUE,0,0,0,5,3,3,0,0,0,0,0,0,0,0,3,-2,3,"https://stats.nba.com/media/img/teams/logos/season/2024-25/BOS_logo.svg","https://stats.nba.com/player/1631120","https://ak-static.cms.nba.com/wp-content/uploads/headshots/nba/latest/260x190/1631120.png","https://ak-static.cms.nba.com/wp-content/uploads/headshots/nba/latest/260x190/1631120.png","https://stats.nba.com/media/players/700/1631120.png","https://stats.nba.com/media/img/league/nba-headshot-fallback.png"
"619",2025,"2024-25","NBA","Regular Season",2025-02-26,22400836,59,"Boston Celtics",1610612738,TRUE,FALSE,TRUE,"A","BOS @ DET","BOS",0,1,"DET","DET","BOS","L","Baylor Scheierman",15,0,7,1631248,FALSE,0,1,0,0,0,0,0.5,TRUE,0,1,0,5,1,2,0,0,0,0,0,0,0,0,1,-2,1,"https://stats.nba.com/media/img/teams/logos/season/2024-25/BOS_logo.svg","https://stats.nba.com/player/1631248","https://ak-static.cms.nba.com/wp-content/uploads/headshots/nba/latest/260x190/1631248.png","https://ak-static.cms.nba.com/wp-content/uploads/headshots/nba/latest/260x190/1631248.png","https://stats.nba.com/media/players/700/1631248.png","https://stats.nba.com/media/img/league/nba-headshot-fallback.png"
"620",2025,"2024-25","NBA","Regular Season",2025-02-26,22400836,59,"Boston Celtics",1610612738,TRUE,FALSE,TRUE,"A","BOS @ DET","BOS",0,1,"DET","DET","BOS","L","Drew Peterson",15,19,1,1641809,FALSE,1,1,1,1,1,1,NA,TRUE,0,0,0,5,0,0,0,0,0,0,1,0,1,0,3,-2,5,"https://stats.nba.com/media/img/teams/logos/season/2024-25/BOS_logo.svg","https://stats.nba.com/player/1641809","https://ak-static.cms.nba.com/wp-content/uploads/headshots/nba/latest/260x190/1641809.png","https://ak-static.cms.nba.com/wp-content/uploads/headshots/nba/latest/260x190/1641809.png","https://stats.nba.com/media/players/700/1641809.png","https://stats.nba.com/media/img/league/nba-headshot-fallback.png"
"621",2025,"2024-25","NBA","Regular Season",2025-02-26,22400836,59,"Boston Celtics",1610612738,TRUE,FALSE,TRUE,"A","BOS @ DET","BOS",0,1,"DET","DET","BOS","L","Jrue Holiday",47,2,9,201950,FALSE,2,10,0.2,0,5,0,NA,TRUE,2,5,0.4,31,0,0,0,2,2,6,0,0,3,2,4,-11,12.4,"https://stats.nba.com/media/img/teams/logos/season/2024-25/BOS_logo.svg","https://stats.nba.com/player/201950","https://stats.nba.com/media/players/230x185/201950.png","https://ak-static.cms.nba.com/wp-content/uploads/headshots/nba/latest/260x190/201950.png","https://stats.nba.com/media/players/700/201950.png","https://ak-static.cms.nba.com/wp-content/uploads/headshots/nba/latest/260x190/201950.png"
"622",2025,"2024-25","NBA","Regular Season",2025-02-26,22400836,59,"Boston Celtics",1610612738,TRUE,FALSE,TRUE,"A","BOS @ DET","BOS",0,1,"DET","DET","BOS","L","Xavier Tillman",28,17,7,1630214,FALSE,0,1,0,0,1,0,NA,TRUE,0,0,0,5,0,0,1,1,2,0,1,0,2,0,0,-2,3.4,"https://stats.nba.com/media/img/teams/logos/season/2024-25/BOS_logo.svg","https://stats.nba.com/player/1630214","https://ak-static.cms.nba.com/wp-content/uploads/headshots/nba/latest/260x190/1630214.png","https://ak-static.cms.nba.com/wp-content/uploads/headshots/nba/latest/260x190/1630214.png","https://stats.nba.com/media/players/700/1630214.png","https://stats.nba.com/media/img/league/nba-headshot-fallback.png"
"623",2025,"2024-25","NBA","Regular Season",2025-02-26,22400836,59,"Boston Celtics",1610612738,TRUE,FALSE,TRUE,"A","BOS @ DET","BOS",0,1,"DET","DET","BOS","L","Kristaps Porziņģis",32,2,16,204001,FALSE,4,11,0.364,2,3,0.666666666666667,0.333,TRUE,2,8,0.25,26,1,3,0,2,2,1,3,0,2,5,11,-24,21.9,"https://stats.nba.com/media/img/teams/logos/season/2024-25/BOS_logo.svg","https://stats.nba.com/player/204001","https://stats.nba.com/media/players/230x185/204001.png","https://ak-static.cms.nba.com/wp-content/uploads/headshots/nba/latest/260x190/204001.png","https://stats.nba.com/media/players/700/204001.png","https://ak-static.cms.nba.com/wp-content/uploads/headshots/nba/latest/260x190/204001.png"
"624",2025,"2024-25","NBA","Regular Season",2025-02-26,22400836,59,"Boston Celtics",1610612738,TRUE,FALSE,TRUE,"A","BOS @ DET","BOS",0,1,"DET","DET","BOS","L","Sam Hauser",50,0,1,1630573,FALSE,1,1,1,1,1,1,NA,TRUE,0,0,0,12,0,0,0,1,1,1,0,0,1,1,3,-7,4.7,"https://stats.nba.com/media/img/teams/logos/season/2024-25/BOS_logo.svg","https://stats.nba.com/player/1630573","https://ak-static.cms.nba.com/wp-content/uploads/headshots/nba/latest/260x190/1630573.png","https://ak-static.cms.nba.com/wp-content/uploads/headshots/nba/latest/260x190/1630573.png","https://stats.nba.com/media/players/700/1630573.png","https://stats.nba.com/media/img/league/nba-headshot-fallback.png"
"625",2025,"2024-25","NBA","Regular Season",2025-02-26,22400836,59,"Boston Celtics",1610612738,TRUE,FALSE,TRUE,"A","BOS @ DET","BOS",0,1,"DET","DET","BOS","L","Al Horford",46,2,1,201143,FALSE,3,10,0.3,3,9,0.333333333333333,NA,TRUE,0,1,0,30,0,0,1,9,10,2,2,1,0,1,9,-14,33,"https://stats.nba.com/media/img/teams/logos/season/2024-25/BOS_logo.svg","https://stats.nba.com/player/201143","https://stats.nba.com/media/players/230x185/201143.png","https://ak-static.cms.nba.com/wp-content/uploads/headshots/nba/latest/260x190/201143.png","https://stats.nba.com/media/players/700/201143.png","https://ak-static.cms.nba.com/wp-content/uploads/headshots/nba/latest/260x190/201143.png"
"626",2025,"2024-25","NBA","Regular Season",2025-02-28,22400852,60,"Boston Celtics",1610612738,FALSE,FALSE,FALSE,"H","BOS vs. CLE","BOS",1,1,"CLE","CLE","BOS","L","Al Horford",47,1,1,201143,FALSE,2,4,0.5,1,1,1,NA,TRUE,1,3,0.333333333333333,38,0,0,1,6,7,2,0,0,1,0,5,4,15.4,"https://stats.nba.com/media/img/teams/logos/season/2024-25/BOS_logo.svg","https://stats.nba.com/player/201143","https://stats.nba.com/media/players/230x185/201143.png","https://ak-static.cms.nba.com/wp-content/uploads/headshots/nba/latest/260x190/201143.png","https://stats.nba.com/media/players/700/201143.png","https://ak-static.cms.nba.com/wp-content/uploads/headshots/nba/latest/260x190/201143.png"
"627",2025,"2024-25","NBA","Regular Season",2025-02-28,22400852,60,"Boston Celtics",1610612738,FALSE,FALSE,FALSE,"H","BOS vs. CLE","BOS",1,1,"CLE","CLE","BOS","L","Jayson Tatum",57,1,1,1628369,FALSE,19,37,0.514,4,12,0.333333333333333,0.8,TRUE,15,25,0.6,41,4,5,5,11,16,9,0,3,3,4,46,5,84.7,"https://stats.nba.com/media/img/teams/logos/season/2024-25/BOS_logo.svg","https://stats.nba.com/player/1628369","https://ak-static.cms.nba.com/wp-content/uploads/headshots/nba/latest/260x190/1628369.png","https://ak-static.cms.nba.com/wp-content/uploads/headshots/nba/latest/260x190/1628369.png","https://stats.nba.com/media/players/700/1628369.png","https://ak-static.cms.nba.com/wp-content/uploads/headshots/nba/latest/260x190/1628369.png"
"628",2025,"2024-25","NBA","Regular Season",2025-02-28,22400852,60,"Boston Celtics",1610612738,FALSE,FALSE,FALSE,"H","BOS vs. CLE","BOS",1,1,"CLE","CLE","BOS","L","Torrey Craig",13,2,1,1628470,FALSE,0,0,NA,0,0,0,NA,TRUE,0,0,0,3,0,0,0,0,0,0,0,0,0,0,0,-8,0,"https://stats.nba.com/media/img/teams/logos/season/2024-25/BOS_logo.svg","https://stats.nba.com/player/1628470","https://ak-static.cms.nba.com/wp-content/uploads/headshots/nba/latest/260x190/1628470.png","https://ak-static.cms.nba.com/wp-content/uploads/headshots/nba/latest/260x190/1628470.png","https://stats.nba.com/media/players/700/1628470.png","https://ak-static.cms.nba.com/wp-content/uploads/headshots/nba/latest/260x190/1628470.png"
"629",2025,"2024-25","NBA","Regular Season",2025-02-28,22400852,60,"Boston Celtics",1610612738,FALSE,FALSE,FALSE,"H","BOS vs. CLE","BOS",1,1,"CLE","CLE","BOS","L","Jaylen Brown",50,2,1,1627759,FALSE,13,24,0.542,4,6,0.666666666666667,0.7,TRUE,9,18,0.5,34,7,10,4,1,5,2,0,0,3,4,37,10,43,"https://stats.nba.com/media/img/teams/logos/season/2024-25/BOS_logo.svg","https://stats.nba.com/player/1627759","https://stats.nba.com/media/players/230x185/1627759.png","https://ak-static.cms.nba.com/wp-content/uploads/headshots/nba/latest/260x190/1627759.png","https://stats.nba.com/media/players/700/1627759.png","https://ak-static.cms.nba.com/wp-content/uploads/headshots/nba/latest/260x190/1627759.png"
"630",2025,"2024-25","NBA","Regular Season",2025-02-28,22400852,60,"Boston Celtics",1610612738,FALSE,FALSE,FALSE,"H","BOS vs. CLE","BOS",1,1,"CLE","CLE","BOS","L","Luke Kornet",52,4,1,1628436,FALSE,0,0,NA,0,0,0,NA,TRUE,0,0,0,19,0,0,2,3,5,0,1,2,1,4,0,-26,14,"https://stats.nba.com/media/img/teams/logos/season/2024-25/BOS_logo.svg","https://stats.nba.com/player/1628436","https://ak-static.cms.nba.com/wp-content/uploads/headshots/nba/latest/260x190/1628436.png","https://ak-static.cms.nba.com/wp-content/uploads/headshots/nba/latest/260x190/1628436.png","https://stats.nba.com/media/players/700/1628436.png","https://ak-static.cms.nba.com/wp-content/uploads/headshots/nba/latest/260x190/1628436.png"
"631",2025,"2024-25","NBA","Regular Season",2025-02-28,22400852,60,"Boston Celtics",1610612738,FALSE,FALSE,FALSE,"H","BOS vs. CLE","BOS",1,1,"CLE","CLE","BOS","L","Payton Pritchard",59,1,1,1630202,FALSE,2,4,0.5,2,4,0.5,NA,TRUE,0,0,0,25,0,0,0,0,0,1,1,0,2,2,6,-36,8.5,"https://stats.nba.com/media/img/teams/logos/season/2024-25/BOS_logo.svg","https://stats.nba.com/player/1630202","https://ak-static.cms.nba.com/wp-content/uploads/headshots/nba/latest/260x190/1630202.png","https://ak-static.cms.nba.com/wp-content/uploads/headshots/nba/latest/260x190/1630202.png","https://stats.nba.com/media/players/700/1630202.png","https://stats.nba.com/media/img/league/nba-headshot-fallback.png"
"632",2025,"2024-25","NBA","Regular Season",2025-02-28,22400852,60,"Boston Celtics",1610612738,FALSE,FALSE,FALSE,"H","BOS vs. CLE","BOS",1,1,"CLE","CLE","BOS","L","Drew Peterson",16,1,4,1641809,FALSE,0,0,NA,0,0,0,NA,TRUE,0,0,0,1,0,0,0,0,0,0,0,0,0,0,0,0,0,"https://stats.nba.com/media/img/teams/logos/season/2024-25/BOS_logo.svg","https://stats.nba.com/player/1641809","https://ak-static.cms.nba.com/wp-content/uploads/headshots/nba/latest/260x190/1641809.png","https://ak-static.cms.nba.com/wp-content/uploads/headshots/nba/latest/260x190/1641809.png","https://stats.nba.com/media/players/700/1641809.png","https://stats.nba.com/media/img/league/nba-headshot-fallback.png"
"633",2025,"2024-25","NBA","Regular Season",2025-02-28,22400852,60,"Boston Celtics",1610612738,FALSE,FALSE,FALSE,"H","BOS vs. CLE","BOS",1,1,"CLE","CLE","BOS","L","Derrick White",57,1,1,1628401,FALSE,5,12,0.417,4,10,0.4,1,TRUE,1,2,0.5,41,2,2,0,1,1,5,3,0,1,3,16,-2,32.7,"https://stats.nba.com/media/img/teams/logos/season/2024-25/BOS_logo.svg","https://stats.nba.com/player/1628401","https://ak-static.cms.nba.com/wp-content/uploads/headshots/nba/latest/260x190/1628401.png","https://ak-static.cms.nba.com/wp-content/uploads/headshots/nba/latest/260x190/1628401.png","https://stats.nba.com/media/players/700/1628401.png","https://ak-static.cms.nba.com/wp-content/uploads/headshots/nba/latest/260x190/1628401.png"
"634",2025,"2024-25","NBA","Regular Season",2025-02-28,22400852,60,"Boston Celtics",1610612738,FALSE,FALSE,FALSE,"H","BOS vs. CLE","BOS",1,1,"CLE","CLE","BOS","L","Sam Hauser",51,1,1,1630573,FALSE,2,8,0.25,2,6,0.333333333333333,NA,TRUE,0,2,0,38,0,0,2,4,6,1,0,0,0,2,6,18,14.7,"https://stats.nba.com/media/img/teams/logos/season/2024-25/BOS_logo.svg","https://stats.nba.com/player/1630573","https://ak-static.cms.nba.com/wp-content/uploads/headshots/nba/latest/260x190/1630573.png","https://ak-static.cms.nba.com/wp-content/uploads/headshots/nba/latest/260x190/1630573.png","https://stats.nba.com/media/players/700/1630573.png","https://stats.nba.com/media/img/league/nba-headshot-fallback.png"
"635",2025,"2024-25","NBA","Regular Season",2025-03-02,22400866,61,"Boston Celtics",1610612738,FALSE,TRUE,FALSE,"H","BOS vs. DEN","BOS",1,2,"DEN","BOS","DEN","W","Neemias Queta",47,3,2,1629674,TRUE,4,5,0.8,0,0,0,NA,TRUE,4,5,0.8,17,0,0,3,7,10,1,0,0,0,4,8,11,21.5,"https://stats.nba.com/media/img/teams/logos/season/2024-25/BOS_logo.svg","https://stats.nba.com/player/1629674","https://ak-static.cms.nba.com/wp-content/uploads/headshots/nba/latest/260x190/1629674.png","https://ak-static.cms.nba.com/wp-content/uploads/headshots/nba/latest/260x190/1629674.png","https://stats.nba.com/media/players/700/1629674.png","https://stats.nba.com/media/img/league/nba-headshot-fallback.png"
"636",2025,"2024-25","NBA","Regular Season",2025-03-02,22400866,61,"Boston Celtics",1610612738,FALSE,TRUE,FALSE,"H","BOS vs. DEN","BOS",1,2,"DEN","BOS","DEN","W","Torrey Craig",14,1,3,1628470,TRUE,0,2,0,0,1,0,0.5,TRUE,0,1,0,6,1,2,1,2,3,0,0,0,0,1,1,-3,4.6,"https://stats.nba.com/media/img/teams/logos/season/2024-25/BOS_logo.svg","https://stats.nba.com/player/1628470","https://ak-static.cms.nba.com/wp-content/uploads/headshots/nba/latest/260x190/1628470.png","https://ak-static.cms.nba.com/wp-content/uploads/headshots/nba/latest/260x190/1628470.png","https://stats.nba.com/media/players/700/1628470.png","https://ak-static.cms.nba.com/wp-content/uploads/headshots/nba/latest/260x190/1628470.png"
"637",2025,"2024-25","NBA","Regular Season",2025-03-02,22400866,61,"Boston Celtics",1610612738,FALSE,TRUE,FALSE,"H","BOS vs. DEN","BOS",1,2,"DEN","BOS","DEN","W","Al Horford",48,1,2,201143,TRUE,7,12,0.583,1,3,0.333333333333333,1,TRUE,6,9,0.666666666666667,35,4,4,3,5,8,0,3,0,2,1,19,4,35.6,"https://stats.nba.com/media/img/teams/logos/season/2024-25/BOS_logo.svg","https://stats.nba.com/player/201143","https://stats.nba.com/media/players/230x185/201143.png","https://ak-static.cms.nba.com/wp-content/uploads/headshots/nba/latest/260x190/201143.png","https://stats.nba.com/media/players/700/201143.png","https://ak-static.cms.nba.com/wp-content/uploads/headshots/nba/latest/260x190/201143.png"
"638",2025,"2024-25","NBA","Regular Season",2025-03-02,22400866,61,"Boston Celtics",1610612738,FALSE,TRUE,FALSE,"H","BOS vs. DEN","BOS",1,2,"DEN","BOS","DEN","W","Payton Pritchard",60,1,2,1630202,TRUE,4,7,0.571,3,5,0.6,NA,TRUE,1,2,0.5,26,0,0,0,1,1,3,0,0,0,1,11,10,16.7,"https://stats.nba.com/media/img/teams/logos/season/2024-25/BOS_logo.svg","https://stats.nba.com/player/1630202","https://ak-static.cms.nba.com/wp-content/uploads/headshots/nba/latest/260x190/1630202.png","https://ak-static.cms.nba.com/wp-content/uploads/headshots/nba/latest/260x190/1630202.png","https://stats.nba.com/media/players/700/1630202.png","https://stats.nba.com/media/img/league/nba-headshot-fallback.png"
"639",2025,"2024-25","NBA","Regular Season",2025-03-02,22400866,61,"Boston Celtics",1610612738,FALSE,TRUE,FALSE,"H","BOS vs. DEN","BOS",1,2,"DEN","BOS","DEN","W","Jaylen Brown",51,1,2,1627759,TRUE,6,15,0.4,2,4,0.5,0.889,TRUE,4,11,0.363636363636364,37,8,9,0,5,5,8,2,2,5,2,22,10,47,"https://stats.nba.com/media/img/teams/logos/season/2024-25/BOS_logo.svg","https://stats.nba.com/player/1627759","https://stats.nba.com/media/players/230x185/1627759.png","https://ak-static.cms.nba.com/wp-content/uploads/headshots/nba/latest/260x190/1627759.png","https://stats.nba.com/media/players/700/1627759.png","https://ak-static.cms.nba.com/wp-content/uploads/headshots/nba/latest/260x190/1627759.png"
"640",2025,"2024-25","NBA","Regular Season",2025-03-02,22400866,61,"Boston Celtics",1610612738,FALSE,TRUE,FALSE,"H","BOS vs. DEN","BOS",1,2,"DEN","BOS","DEN","W","Jayson Tatum",58,1,3,1628369,TRUE,4,15,0.267,1,7,0.142857142857143,0.875,TRUE,3,8,0.375,38,7,8,0,11,11,7,0,0,6,5,16,-2,33.7,"https://stats.nba.com/media/img/teams/logos/season/2024-25/BOS_logo.svg","https://stats.nba.com/player/1628369","https://ak-static.cms.nba.com/wp-content/uploads/headshots/nba/latest/260x190/1628369.png","https://ak-static.cms.nba.com/wp-content/uploads/headshots/nba/latest/260x190/1628369.png","https://stats.nba.com/media/players/700/1628369.png","https://ak-static.cms.nba.com/wp-content/uploads/headshots/nba/latest/260x190/1628369.png"
"641",2025,"2024-25","NBA","Regular Season",2025-03-02,22400866,61,"Boston Celtics",1610612738,FALSE,TRUE,FALSE,"H","BOS vs. DEN","BOS",1,2,"DEN","BOS","DEN","W","Luke Kornet",53,1,2,1628436,TRUE,3,5,0.6,0,0,0,0.5,TRUE,3,5,0.6,31,2,4,1,0,1,4,0,1,0,2,8,-4,18.2,"https://stats.nba.com/media/img/teams/logos/season/2024-25/BOS_logo.svg","https://stats.nba.com/player/1628436","https://ak-static.cms.nba.com/wp-content/uploads/headshots/nba/latest/260x190/1628436.png","https://ak-static.cms.nba.com/wp-content/uploads/headshots/nba/latest/260x190/1628436.png","https://stats.nba.com/media/players/700/1628436.png","https://ak-static.cms.nba.com/wp-content/uploads/headshots/nba/latest/260x190/1628436.png"
"642",2025,"2024-25","NBA","Regular Season",2025-03-02,22400866,61,"Boston Celtics",1610612738,FALSE,TRUE,FALSE,"H","BOS vs. DEN","BOS",1,2,"DEN","BOS","DEN","W","Sam Hauser",52,1,2,1630573,TRUE,3,4,0.75,2,3,0.666666666666667,NA,TRUE,1,1,1,17,0,0,1,2,3,1,0,1,1,0,8,3,15.1,"https://stats.nba.com/media/img/teams/logos/season/2024-25/BOS_logo.svg","https://stats.nba.com/player/1630573","https://ak-static.cms.nba.com/wp-content/uploads/headshots/nba/latest/260x190/1630573.png","https://ak-static.cms.nba.com/wp-content/uploads/headshots/nba/latest/260x190/1630573.png","https://stats.nba.com/media/players/700/1630573.png","https://stats.nba.com/media/img/league/nba-headshot-fallback.png"
"643",2025,"2024-25","NBA","Regular Season",2025-03-02,22400866,61,"Boston Celtics",1610612738,FALSE,TRUE,FALSE,"H","BOS vs. DEN","BOS",1,2,"DEN","BOS","DEN","W","Derrick White",58,1,2,1628401,TRUE,6,13,0.462,5,11,0.454545454545455,NA,TRUE,1,2,0.5,33,0,0,1,2,3,2,2,0,0,2,17,6,29.6,"https://stats.nba.com/media/img/teams/logos/season/2024-25/BOS_logo.svg","https://stats.nba.com/player/1628401","https://ak-static.cms.nba.com/wp-content/uploads/headshots/nba/latest/260x190/1628401.png","https://ak-static.cms.nba.com/wp-content/uploads/headshots/nba/latest/260x190/1628401.png","https://stats.nba.com/media/players/700/1628401.png","https://ak-static.cms.nba.com/wp-content/uploads/headshots/nba/latest/260x190/1628401.png"
"644",2025,"2024-25","NBA","Regular Season",2025-03-05,22400891,62,"Boston Celtics",1610612738,TRUE,FALSE,FALSE,"H","BOS vs. POR","BOS",2,0,"POR","BOS","POR","W","Jaylen Brown",52,2,2,1627759,TRUE,7,23,0.304,0,4,0,0.667,TRUE,7,19,0.368421052631579,40,4,6,3,5,8,8,1,0,3,2,18,15,39.6,"https://stats.nba.com/media/img/teams/logos/season/2024-25/BOS_logo.svg","https://stats.nba.com/player/1627759","https://stats.nba.com/media/players/230x185/1627759.png","https://ak-static.cms.nba.com/wp-content/uploads/headshots/nba/latest/260x190/1627759.png","https://stats.nba.com/media/players/700/1627759.png","https://ak-static.cms.nba.com/wp-content/uploads/headshots/nba/latest/260x190/1627759.png"
"645",2025,"2024-25","NBA","Regular Season",2025-03-05,22400891,62,"Boston Celtics",1610612738,TRUE,FALSE,FALSE,"H","BOS vs. POR","BOS",2,0,"POR","BOS","POR","W","Payton Pritchard",61,2,0,1630202,TRUE,14,20,0.7,10,16,0.625,1,TRUE,4,4,1,43,5,5,4,6,10,5,0,0,0,2,43,12,62.5,"https://stats.nba.com/media/img/teams/logos/season/2024-25/BOS_logo.svg","https://stats.nba.com/player/1630202","https://ak-static.cms.nba.com/wp-content/uploads/headshots/nba/latest/260x190/1630202.png","https://ak-static.cms.nba.com/wp-content/uploads/headshots/nba/latest/260x190/1630202.png","https://stats.nba.com/media/players/700/1630202.png","https://stats.nba.com/media/img/league/nba-headshot-fallback.png"
"646",2025,"2024-25","NBA","Regular Season",2025-03-05,22400891,62,"Boston Celtics",1610612738,TRUE,FALSE,FALSE,"H","BOS vs. POR","BOS",2,0,"POR","BOS","POR","W","Jordan Walsh",41,6,0,1641775,TRUE,1,1,1,1,1,1,NA,TRUE,0,0,0,21,0,0,3,3,6,1,0,1,0,3,3,-1,14.7,"https://stats.nba.com/media/img/teams/logos/season/2024-25/BOS_logo.svg","https://stats.nba.com/player/1641775","https://ak-static.cms.nba.com/wp-content/uploads/headshots/nba/latest/260x190/1641775.png","https://ak-static.cms.nba.com/wp-content/uploads/headshots/nba/latest/260x190/1641775.png","https://stats.nba.com/media/players/700/1641775.png","https://stats.nba.com/media/img/league/nba-headshot-fallback.png"
"647",2025,"2024-25","NBA","Regular Season",2025-03-05,22400891,62,"Boston Celtics",1610612738,TRUE,FALSE,FALSE,"H","BOS vs. POR","BOS",2,0,"POR","BOS","POR","W","Al Horford",49,2,2,201143,TRUE,4,9,0.444,2,7,0.285714285714286,1,TRUE,2,2,1,31,2,2,1,8,9,4,0,2,2,3,12,12,32.8,"https://stats.nba.com/media/img/teams/logos/season/2024-25/BOS_logo.svg","https://stats.nba.com/player/201143","https://stats.nba.com/media/players/230x185/201143.png","https://ak-static.cms.nba.com/wp-content/uploads/headshots/nba/latest/260x190/201143.png","https://stats.nba.com/media/players/700/201143.png","https://ak-static.cms.nba.com/wp-content/uploads/headshots/nba/latest/260x190/201143.png"
"648",2025,"2024-25","NBA","Regular Season",2025-03-05,22400891,62,"Boston Celtics",1610612738,TRUE,FALSE,FALSE,"H","BOS vs. POR","BOS",2,0,"POR","BOS","POR","W","Neemias Queta",48,2,0,1629674,TRUE,2,5,0.4,0,1,0,NA,TRUE,2,4,0.5,11,0,0,3,1,4,0,0,1,0,0,4,-4,11.8,"https://stats.nba.com/media/img/teams/logos/season/2024-25/BOS_logo.svg","https://stats.nba.com/player/1629674","https://ak-static.cms.nba.com/wp-content/uploads/headshots/nba/latest/260x190/1629674.png","https://ak-static.cms.nba.com/wp-content/uploads/headshots/nba/latest/260x190/1629674.png","https://stats.nba.com/media/players/700/1629674.png","https://stats.nba.com/media/img/league/nba-headshot-fallback.png"
"649",2025,"2024-25","NBA","Regular Season",2025-03-05,22400891,62,"Boston Celtics",1610612738,TRUE,FALSE,FALSE,"H","BOS vs. POR","BOS",2,0,"POR","BOS","POR","W","JD Davison",8,6,0,1631120,TRUE,0,0,NA,0,0,0,NA,TRUE,0,0,0,0,0,0,0,0,0,0,0,0,0,0,0,2,0,"https://stats.nba.com/media/img/teams/logos/season/2024-25/BOS_logo.svg","https://stats.nba.com/player/1631120","https://ak-static.cms.nba.com/wp-content/uploads/headshots/nba/latest/260x190/1631120.png","https://ak-static.cms.nba.com/wp-content/uploads/headshots/nba/latest/260x190/1631120.png","https://stats.nba.com/media/players/700/1631120.png","https://stats.nba.com/media/img/league/nba-headshot-fallback.png"
"650",2025,"2024-25","NBA","Regular Season",2025-03-05,22400891,62,"Boston Celtics",1610612738,TRUE,FALSE,FALSE,"H","BOS vs. POR","BOS",2,0,"POR","BOS","POR","W","Derrick White",59,2,0,1628401,TRUE,14,26,0.538,9,17,0.529411764705882,1,TRUE,5,9,0.555555555555556,39,4,4,0,3,3,2,3,1,1,0,41,8,58.6,"https://stats.nba.com/media/img/teams/logos/season/2024-25/BOS_logo.svg","https://stats.nba.com/player/1628401","https://ak-static.cms.nba.com/wp-content/uploads/headshots/nba/latest/260x190/1628401.png","https://ak-static.cms.nba.com/wp-content/uploads/headshots/nba/latest/260x190/1628401.png","https://stats.nba.com/media/players/700/1628401.png","https://ak-static.cms.nba.com/wp-content/uploads/headshots/nba/latest/260x190/1628401.png"
"651",2025,"2024-25","NBA","Regular Season",2025-03-05,22400891,62,"Boston Celtics",1610612738,TRUE,FALSE,FALSE,"H","BOS vs. POR","BOS",2,0,"POR","BOS","POR","W","Sam Hauser",53,2,2,1630573,TRUE,2,9,0.222,1,8,0.125,NA,TRUE,1,1,1,32,0,0,1,5,6,0,1,0,0,2,5,8,15.2,"https://stats.nba.com/media/img/teams/logos/season/2024-25/BOS_logo.svg","https://stats.nba.com/player/1630573","https://ak-static.cms.nba.com/wp-content/uploads/headshots/nba/latest/260x190/1630573.png","https://ak-static.cms.nba.com/wp-content/uploads/headshots/nba/latest/260x190/1630573.png","https://stats.nba.com/media/players/700/1630573.png","https://stats.nba.com/media/img/league/nba-headshot-fallback.png"
"652",2025,"2024-25","NBA","Regular Season",2025-03-05,22400891,62,"Boston Celtics",1610612738,TRUE,FALSE,FALSE,"H","BOS vs. POR","BOS",2,0,"POR","BOS","POR","W","Drew Peterson",17,4,0,1641809,TRUE,0,0,NA,0,0,0,NA,TRUE,0,0,0,0,0,0,0,0,0,0,0,0,0,0,0,2,0,"https://stats.nba.com/media/img/teams/logos/season/2024-25/BOS_logo.svg","https://stats.nba.com/player/1641809","https://ak-static.cms.nba.com/wp-content/uploads/headshots/nba/latest/260x190/1641809.png","https://ak-static.cms.nba.com/wp-content/uploads/headshots/nba/latest/260x190/1641809.png","https://stats.nba.com/media/players/700/1641809.png","https://stats.nba.com/media/img/league/nba-headshot-fallback.png"
"653",2025,"2024-25","NBA","Regular Season",2025-03-05,22400891,62,"Boston Celtics",1610612738,TRUE,FALSE,FALSE,"H","BOS vs. POR","BOS",2,0,"POR","BOS","POR","W","Luke Kornet",54,2,0,1628436,TRUE,1,4,0.25,0,0,0,NA,TRUE,1,4,0.25,23,0,0,3,3,6,4,0,1,3,2,2,-4,15.2,"https://stats.nba.com/media/img/teams/logos/season/2024-25/BOS_logo.svg","https://stats.nba.com/player/1628436","https://ak-static.cms.nba.com/wp-content/uploads/headshots/nba/latest/260x190/1628436.png","https://ak-static.cms.nba.com/wp-content/uploads/headshots/nba/latest/260x190/1628436.png","https://stats.nba.com/media/players/700/1628436.png","https://ak-static.cms.nba.com/wp-content/uploads/headshots/nba/latest/260x190/1628436.png"
"654",2025,"2024-25","NBA","Regular Season",2025-03-06,22400900,63,"Boston Celtics",1610612738,TRUE,FALSE,TRUE,"H","BOS vs. PHI","BOS",0,1,"PHI","BOS","PHI","W","Derrick White",60,0,1,1628401,TRUE,4,14,0.286,2,10,0.2,1,TRUE,2,4,0.5,24,2,2,0,3,3,6,0,0,0,2,12,9,24.6,"https://stats.nba.com/media/img/teams/logos/season/2024-25/BOS_logo.svg","https://stats.nba.com/player/1628401","https://ak-static.cms.nba.com/wp-content/uploads/headshots/nba/latest/260x190/1628401.png","https://ak-static.cms.nba.com/wp-content/uploads/headshots/nba/latest/260x190/1628401.png","https://stats.nba.com/media/players/700/1628401.png","https://ak-static.cms.nba.com/wp-content/uploads/headshots/nba/latest/260x190/1628401.png"
"655",2025,"2024-25","NBA","Regular Season",2025-03-06,22400900,63,"Boston Celtics",1610612738,TRUE,FALSE,TRUE,"H","BOS vs. PHI","BOS",0,1,"PHI","BOS","PHI","W","JD Davison",9,0,14,1631120,TRUE,1,2,0.5,1,2,0.5,NA,TRUE,0,0,0,7,0,0,0,0,0,1,0,0,0,0,3,-6,4.5,"https://stats.nba.com/media/img/teams/logos/season/2024-25/BOS_logo.svg","https://stats.nba.com/player/1631120","https://ak-static.cms.nba.com/wp-content/uploads/headshots/nba/latest/260x190/1631120.png","https://ak-static.cms.nba.com/wp-content/uploads/headshots/nba/latest/260x190/1631120.png","https://stats.nba.com/media/players/700/1631120.png","https://stats.nba.com/media/img/league/nba-headshot-fallback.png"
"656",2025,"2024-25","NBA","Regular Season",2025-03-06,22400900,63,"Boston Celtics",1610612738,TRUE,FALSE,TRUE,"H","BOS vs. PHI","BOS",0,1,"PHI","BOS","PHI","W","Xavier Tillman",29,7,24,1630214,TRUE,2,4,0.5,1,3,0.333333333333333,NA,TRUE,1,1,1,7,0,0,0,0,0,0,0,0,1,1,5,-6,4,"https://stats.nba.com/media/img/teams/logos/season/2024-25/BOS_logo.svg","https://stats.nba.com/player/1630214","https://ak-static.cms.nba.com/wp-content/uploads/headshots/nba/latest/260x190/1630214.png","https://ak-static.cms.nba.com/wp-content/uploads/headshots/nba/latest/260x190/1630214.png","https://stats.nba.com/media/players/700/1630214.png","https://stats.nba.com/media/img/league/nba-headshot-fallback.png"
"657",2025,"2024-25","NBA","Regular Season",2025-03-06,22400900,63,"Boston Celtics",1610612738,TRUE,FALSE,TRUE,"H","BOS vs. PHI","BOS",0,1,"PHI","BOS","PHI","W","Drew Peterson",18,0,14,1641809,TRUE,0,3,0,0,3,0,NA,TRUE,0,0,0,16,0,0,0,3,3,2,1,0,0,1,0,4,9.6,"https://stats.nba.com/media/img/teams/logos/season/2024-25/BOS_logo.svg","https://stats.nba.com/player/1641809","https://ak-static.cms.nba.com/wp-content/uploads/headshots/nba/latest/260x190/1641809.png","https://ak-static.cms.nba.com/wp-content/uploads/headshots/nba/latest/260x190/1641809.png","https://stats.nba.com/media/players/700/1641809.png","https://stats.nba.com/media/img/league/nba-headshot-fallback.png"
"658",2025,"2024-25","NBA","Regular Season",2025-03-06,22400900,63,"Boston Celtics",1610612738,TRUE,FALSE,TRUE,"H","BOS vs. PHI","BOS",0,1,"PHI","BOS","PHI","W","Jayson Tatum",59,3,1,1628369,TRUE,14,23,0.609,5,11,0.454545454545455,1,TRUE,9,12,0.75,31,2,2,1,6,7,2,3,0,4,2,35,19,51.4,"https://stats.nba.com/media/img/teams/logos/season/2024-25/BOS_logo.svg","https://stats.nba.com/player/1628369","https://ak-static.cms.nba.com/wp-content/uploads/headshots/nba/latest/260x190/1628369.png","https://ak-static.cms.nba.com/wp-content/uploads/headshots/nba/latest/260x190/1628369.png","https://stats.nba.com/media/players/700/1628369.png","https://ak-static.cms.nba.com/wp-content/uploads/headshots/nba/latest/260x190/1628369.png"
"659",2025,"2024-25","NBA","Regular Season",2025-03-06,22400900,63,"Boston Celtics",1610612738,TRUE,FALSE,TRUE,"H","BOS vs. PHI","BOS",0,1,"PHI","BOS","PHI","W","Luke Kornet",55,0,1,1628436,TRUE,4,4,1,0,0,0,0.5,TRUE,4,4,1,32,1,2,3,4,7,4,0,4,1,2,9,26,34.4,"https://stats.nba.com/media/img/teams/logos/season/2024-25/BOS_logo.svg","https://stats.nba.com/player/1628436","https://ak-static.cms.nba.com/wp-content/uploads/headshots/nba/latest/260x190/1628436.png","https://ak-static.cms.nba.com/wp-content/uploads/headshots/nba/latest/260x190/1628436.png","https://stats.nba.com/media/players/700/1628436.png","https://ak-static.cms.nba.com/wp-content/uploads/headshots/nba/latest/260x190/1628436.png"
"660",2025,"2024-25","NBA","Regular Season",2025-03-06,22400900,63,"Boston Celtics",1610612738,TRUE,FALSE,TRUE,"H","BOS vs. PHI","BOS",0,1,"PHI","BOS","PHI","W","Neemias Queta",49,0,3,1629674,TRUE,4,10,0.4,0,0,0,NA,TRUE,4,10,0.4,24,0,0,4,5,9,4,0,2,2,2,8,7,28.8,"https://stats.nba.com/media/img/teams/logos/season/2024-25/BOS_logo.svg","https://stats.nba.com/player/1629674","https://ak-static.cms.nba.com/wp-content/uploads/headshots/nba/latest/260x190/1629674.png","https://ak-static.cms.nba.com/wp-content/uploads/headshots/nba/latest/260x190/1629674.png","https://stats.nba.com/media/players/700/1629674.png","https://stats.nba.com/media/img/league/nba-headshot-fallback.png"
"661",2025,"2024-25","NBA","Regular Season",2025-03-06,22400900,63,"Boston Celtics",1610612738,TRUE,FALSE,TRUE,"H","BOS vs. PHI","BOS",0,1,"PHI","BOS","PHI","W","Torrey Craig",15,3,3,1628470,TRUE,4,5,0.8,2,2,1,1,TRUE,2,3,0.666666666666667,20,2,2,4,0,4,1,0,0,0,2,12,3,18.3,"https://stats.nba.com/media/img/teams/logos/season/2024-25/BOS_logo.svg","https://stats.nba.com/player/1628470","https://ak-static.cms.nba.com/wp-content/uploads/headshots/nba/latest/260x190/1628470.png","https://ak-static.cms.nba.com/wp-content/uploads/headshots/nba/latest/260x190/1628470.png","https://stats.nba.com/media/players/700/1628470.png","https://ak-static.cms.nba.com/wp-content/uploads/headshots/nba/latest/260x190/1628470.png"
"662",2025,"2024-25","NBA","Regular Season",2025-03-06,22400900,63,"Boston Celtics",1610612738,TRUE,FALSE,TRUE,"H","BOS vs. PHI","BOS",0,1,"PHI","BOS","PHI","W","Jordan Walsh",42,0,7,1641775,TRUE,2,3,0.667,1,2,0.5,NA,TRUE,1,1,1,13,0,0,0,4,4,3,1,0,2,2,5,6,15.3,"https://stats.nba.com/media/img/teams/logos/season/2024-25/BOS_logo.svg","https://stats.nba.com/player/1641775","https://ak-static.cms.nba.com/wp-content/uploads/headshots/nba/latest/260x190/1641775.png","https://ak-static.cms.nba.com/wp-content/uploads/headshots/nba/latest/260x190/1641775.png","https://stats.nba.com/media/players/700/1641775.png","https://stats.nba.com/media/img/league/nba-headshot-fallback.png"
"663",2025,"2024-25","NBA","Regular Season",2025-03-06,22400900,63,"Boston Celtics",1610612738,TRUE,FALSE,TRUE,"H","BOS vs. PHI","BOS",0,1,"PHI","BOS","PHI","W","Miles Norris",1,120,120,1641936,TRUE,0,0,NA,0,0,0,NA,TRUE,0,0,0,4,0,0,0,2,2,0,0,0,0,0,0,-4,2.4,"https://stats.nba.com/media/img/teams/logos/season/2024-25/BOS_logo.svg","https://stats.nba.com/player/1641936","https://ak-static.cms.nba.com/wp-content/uploads/headshots/nba/latest/260x190/1641936.png","https://ak-static.cms.nba.com/wp-content/uploads/headshots/nba/latest/260x190/1641936.png","https://stats.nba.com/media/players/700/1641936.png","https://stats.nba.com/media/img/league/nba-headshot-fallback.png"
"664",2025,"2024-25","NBA","Regular Season",2025-03-06,22400900,63,"Boston Celtics",1610612738,TRUE,FALSE,TRUE,"H","BOS vs. PHI","BOS",0,1,"PHI","BOS","PHI","W","Payton Pritchard",62,0,1,1630202,TRUE,6,13,0.462,4,8,0.5,1,TRUE,2,5,0.4,32,3,3,3,1,4,6,2,0,0,1,19,14,38.8,"https://stats.nba.com/media/img/teams/logos/season/2024-25/BOS_logo.svg","https://stats.nba.com/player/1630202","https://ak-static.cms.nba.com/wp-content/uploads/headshots/nba/latest/260x190/1630202.png","https://ak-static.cms.nba.com/wp-content/uploads/headshots/nba/latest/260x190/1630202.png","https://stats.nba.com/media/players/700/1630202.png","https://stats.nba.com/media/img/league/nba-headshot-fallback.png"
"665",2025,"2024-25","NBA","Regular Season",2025-03-06,22400900,63,"Boston Celtics",1610612738,TRUE,FALSE,TRUE,"H","BOS vs. PHI","BOS",0,1,"PHI","BOS","PHI","W","Baylor Scheierman",16,7,3,1631248,TRUE,5,10,0.5,3,7,0.428571428571429,1,TRUE,2,3,0.666666666666667,30,2,2,1,2,3,3,1,0,0,1,15,18,26.1,"https://stats.nba.com/media/img/teams/logos/season/2024-25/BOS_logo.svg","https://stats.nba.com/player/1631248","https://ak-static.cms.nba.com/wp-content/uploads/headshots/nba/latest/260x190/1631248.png","https://ak-static.cms.nba.com/wp-content/uploads/headshots/nba/latest/260x190/1631248.png","https://stats.nba.com/media/players/700/1631248.png","https://stats.nba.com/media/img/league/nba-headshot-fallback.png"
"666",2025,"2024-25","NBA","Regular Season",2025-03-08,22400918,64,"Boston Celtics",1610612738,FALSE,FALSE,FALSE,"H","BOS vs. LAL","BOS",1,1,"LAL","BOS","LAL","W","Jayson Tatum",60,1,3,1628369,TRUE,12,28,0.429,6,16,0.375,0.833,TRUE,6,12,0.5,45,10,12,1,11,12,8,2,1,3,3,40,12,72.4,"https://stats.nba.com/media/img/teams/logos/season/2024-25/BOS_logo.svg","https://stats.nba.com/player/1628369","https://ak-static.cms.nba.com/wp-content/uploads/headshots/nba/latest/260x190/1628369.png","https://ak-static.cms.nba.com/wp-content/uploads/headshots/nba/latest/260x190/1628369.png","https://stats.nba.com/media/players/700/1628369.png","https://ak-static.cms.nba.com/wp-content/uploads/headshots/nba/latest/260x190/1628369.png"
"667",2025,"2024-25","NBA","Regular Season",2025-03-08,22400918,64,"Boston Celtics",1610612738,FALSE,FALSE,FALSE,"H","BOS vs. LAL","BOS",1,1,"LAL","BOS","LAL","W","Al Horford",50,2,3,201143,TRUE,5,9,0.556,1,3,0.333333333333333,0.75,TRUE,4,6,0.666666666666667,37,3,4,1,8,9,4,3,1,0,1,14,16,42.8,"https://stats.nba.com/media/img/teams/logos/season/2024-25/BOS_logo.svg","https://stats.nba.com/player/201143","https://stats.nba.com/media/players/230x185/201143.png","https://ak-static.cms.nba.com/wp-content/uploads/headshots/nba/latest/260x190/201143.png","https://stats.nba.com/media/players/700/201143.png","https://ak-static.cms.nba.com/wp-content/uploads/headshots/nba/latest/260x190/201143.png"
"668",2025,"2024-25","NBA","Regular Season",2025-03-08,22400918,64,"Boston Celtics",1610612738,FALSE,FALSE,FALSE,"H","BOS vs. LAL","BOS",1,1,"LAL","BOS","LAL","W","Luke Kornet",56,1,1,1628436,TRUE,3,3,1,0,0,0,0,TRUE,3,3,1,11,0,2,3,1,4,0,0,0,0,1,6,-6,10.8,"https://stats.nba.com/media/img/teams/logos/season/2024-25/BOS_logo.svg","https://stats.nba.com/player/1628436","https://ak-static.cms.nba.com/wp-content/uploads/headshots/nba/latest/260x190/1628436.png","https://ak-static.cms.nba.com/wp-content/uploads/headshots/nba/latest/260x190/1628436.png","https://stats.nba.com/media/players/700/1628436.png","https://ak-static.cms.nba.com/wp-content/uploads/headshots/nba/latest/260x190/1628436.png"
"669",2025,"2024-25","NBA","Regular Season",2025-03-08,22400918,64,"Boston Celtics",1610612738,FALSE,FALSE,FALSE,"H","BOS vs. LAL","BOS",1,1,"LAL","BOS","LAL","W","Sam Hauser",54,2,1,1630573,TRUE,0,1,0,0,1,0,NA,TRUE,0,0,0,12,0,0,0,0,0,0,0,0,0,1,0,-7,0,"https://stats.nba.com/media/img/teams/logos/season/2024-25/BOS_logo.svg","https://stats.nba.com/player/1630573","https://ak-static.cms.nba.com/wp-content/uploads/headshots/nba/latest/260x190/1630573.png","https://ak-static.cms.nba.com/wp-content/uploads/headshots/nba/latest/260x190/1630573.png","https://stats.nba.com/media/players/700/1630573.png","https://stats.nba.com/media/img/league/nba-headshot-fallback.png"
"670",2025,"2024-25","NBA","Regular Season",2025-03-08,22400918,64,"Boston Celtics",1610612738,FALSE,FALSE,FALSE,"H","BOS vs. LAL","BOS",1,1,"LAL","BOS","LAL","W","Jrue Holiday",48,9,1,201950,TRUE,3,6,0.5,1,3,0.333333333333333,NA,TRUE,2,3,0.666666666666667,35,0,0,4,1,5,1,0,0,2,2,7,9,12.5,"https://stats.nba.com/media/img/teams/logos/season/2024-25/BOS_logo.svg","https://stats.nba.com/player/201950","https://stats.nba.com/media/players/230x185/201950.png","https://ak-static.cms.nba.com/wp-content/uploads/headshots/nba/latest/260x190/201950.png","https://stats.nba.com/media/players/700/201950.png","https://ak-static.cms.nba.com/wp-content/uploads/headshots/nba/latest/260x190/201950.png"
"671",2025,"2024-25","NBA","Regular Season",2025-03-08,22400918,64,"Boston Celtics",1610612738,FALSE,FALSE,FALSE,"H","BOS vs. LAL","BOS",1,1,"LAL","BOS","LAL","W","Jaylen Brown",53,2,1,1627759,TRUE,13,25,0.52,3,6,0.5,0.5,TRUE,10,19,0.526315789473684,42,2,4,1,5,6,2,3,0,2,2,31,11,48.2,"https://stats.nba.com/media/img/teams/logos/season/2024-25/BOS_logo.svg","https://stats.nba.com/player/1627759","https://stats.nba.com/media/players/230x185/1627759.png","https://ak-static.cms.nba.com/wp-content/uploads/headshots/nba/latest/260x190/1627759.png","https://stats.nba.com/media/players/700/1627759.png","https://ak-static.cms.nba.com/wp-content/uploads/headshots/nba/latest/260x190/1627759.png"
"672",2025,"2024-25","NBA","Regular Season",2025-03-08,22400918,64,"Boston Celtics",1610612738,FALSE,FALSE,FALSE,"H","BOS vs. LAL","BOS",1,1,"LAL","BOS","LAL","W","Payton Pritchard",63,1,1,1630202,TRUE,1,5,0.2,1,4,0.25,NA,TRUE,0,1,0,23,0,0,0,2,2,2,0,2,0,1,3,-2,14.4,"https://stats.nba.com/media/img/teams/logos/season/2024-25/BOS_logo.svg","https://stats.nba.com/player/1630202","https://ak-static.cms.nba.com/wp-content/uploads/headshots/nba/latest/260x190/1630202.png","https://ak-static.cms.nba.com/wp-content/uploads/headshots/nba/latest/260x190/1630202.png","https://stats.nba.com/media/players/700/1630202.png","https://stats.nba.com/media/img/league/nba-headshot-fallback.png"
"673",2025,"2024-25","NBA","Regular Season",2025-03-08,22400918,64,"Boston Celtics",1610612738,FALSE,FALSE,FALSE,"H","BOS vs. LAL","BOS",1,1,"LAL","BOS","LAL","W","Derrick White",61,1,1,1628401,TRUE,3,7,0.429,1,5,0.2,1,TRUE,2,2,1,36,3,3,1,4,5,7,1,1,2,0,10,17,30.5,"https://stats.nba.com/media/img/teams/logos/season/2024-25/BOS_logo.svg","https://stats.nba.com/player/1628401","https://ak-static.cms.nba.com/wp-content/uploads/headshots/nba/latest/260x190/1628401.png","https://ak-static.cms.nba.com/wp-content/uploads/headshots/nba/latest/260x190/1628401.png","https://stats.nba.com/media/players/700/1628401.png","https://ak-static.cms.nba.com/wp-content/uploads/headshots/nba/latest/260x190/1628401.png"
"674",2025,"2024-25","NBA","Regular Season",2025-03-10,22400929,65,"Boston Celtics",1610612738,FALSE,FALSE,FALSE,"H","BOS vs. UTA","BOS",1,1,"UTA","BOS","UTA","W","Jrue Holiday",49,1,1,201950,TRUE,4,9,0.444,2,5,0.4,NA,TRUE,2,4,0.5,32,0,0,2,4,6,4,2,1,1,1,10,15,31.2,"https://stats.nba.com/media/img/teams/logos/season/2024-25/BOS_logo.svg","https://stats.nba.com/player/201950","https://stats.nba.com/media/players/230x185/201950.png","https://ak-static.cms.nba.com/wp-content/uploads/headshots/nba/latest/260x190/201950.png","https://stats.nba.com/media/players/700/201950.png","https://ak-static.cms.nba.com/wp-content/uploads/headshots/nba/latest/260x190/201950.png"
"675",2025,"2024-25","NBA","Regular Season",2025-03-10,22400929,65,"Boston Celtics",1610612738,FALSE,FALSE,FALSE,"H","BOS vs. UTA","BOS",1,1,"UTA","BOS","UTA","W","Neemias Queta",50,3,3,1629674,TRUE,4,4,1,0,0,0,NA,TRUE,4,4,1,17,0,0,1,7,8,1,0,1,3,2,8,-5,19.1,"https://stats.nba.com/media/img/teams/logos/season/2024-25/BOS_logo.svg","https://stats.nba.com/player/1629674","https://ak-static.cms.nba.com/wp-content/uploads/headshots/nba/latest/260x190/1629674.png","https://ak-static.cms.nba.com/wp-content/uploads/headshots/nba/latest/260x190/1629674.png","https://stats.nba.com/media/players/700/1629674.png","https://stats.nba.com/media/img/league/nba-headshot-fallback.png"
"676",2025,"2024-25","NBA","Regular Season",2025-03-10,22400929,65,"Boston Celtics",1610612738,FALSE,FALSE,FALSE,"H","BOS vs. UTA","BOS",1,1,"UTA","BOS","UTA","W","Payton Pritchard",64,1,1,1630202,TRUE,3,11,0.273,2,8,0.25,NA,TRUE,1,3,0.333333333333333,26,0,0,0,1,1,3,2,0,0,1,8,-4,19.7,"https://stats.nba.com/media/img/teams/logos/season/2024-25/BOS_logo.svg","https://stats.nba.com/player/1630202","https://ak-static.cms.nba.com/wp-content/uploads/headshots/nba/latest/260x190/1630202.png","https://ak-static.cms.nba.com/wp-content/uploads/headshots/nba/latest/260x190/1630202.png","https://stats.nba.com/media/players/700/1630202.png","https://stats.nba.com/media/img/league/nba-headshot-fallback.png"
"677",2025,"2024-25","NBA","Regular Season",2025-03-10,22400929,65,"Boston Celtics",1610612738,FALSE,FALSE,FALSE,"H","BOS vs. UTA","BOS",1,1,"UTA","BOS","UTA","W","Sam Hauser",55,1,1,1630573,TRUE,11,23,0.478,9,19,0.473684210526316,1,TRUE,2,4,0.5,35,2,2,3,3,6,1,1,0,0,0,33,13,44.7,"https://stats.nba.com/media/img/teams/logos/season/2024-25/BOS_logo.svg","https://stats.nba.com/player/1630573","https://ak-static.cms.nba.com/wp-content/uploads/headshots/nba/latest/260x190/1630573.png","https://ak-static.cms.nba.com/wp-content/uploads/headshots/nba/latest/260x190/1630573.png","https://stats.nba.com/media/players/700/1630573.png","https://stats.nba.com/media/img/league/nba-headshot-fallback.png"
"678",2025,"2024-25","NBA","Regular Season",2025-03-10,22400929,65,"Boston Celtics",1610612738,FALSE,FALSE,FALSE,"H","BOS vs. UTA","BOS",1,1,"UTA","BOS","UTA","W","Derrick White",62,1,1,1628401,TRUE,6,16,0.375,3,11,0.272727272727273,1,TRUE,3,5,0.6,36,3,3,0,5,5,10,0,3,1,2,18,3,47,"https://stats.nba.com/media/img/teams/logos/season/2024-25/BOS_logo.svg","https://stats.nba.com/player/1628401","https://ak-static.cms.nba.com/wp-content/uploads/headshots/nba/latest/260x190/1628401.png","https://ak-static.cms.nba.com/wp-content/uploads/headshots/nba/latest/260x190/1628401.png","https://stats.nba.com/media/players/700/1628401.png","https://ak-static.cms.nba.com/wp-content/uploads/headshots/nba/latest/260x190/1628401.png"
"679",2025,"2024-25","NBA","Regular Season",2025-03-10,22400929,65,"Boston Celtics",1610612738,FALSE,FALSE,FALSE,"H","BOS vs. UTA","BOS",1,1,"UTA","BOS","UTA","W","Torrey Craig",16,3,1,1628470,TRUE,2,5,0.4,2,4,0.5,NA,TRUE,0,1,0,12,0,0,2,1,3,0,0,1,1,1,6,-11,11.6,"https://stats.nba.com/media/img/teams/logos/season/2024-25/BOS_logo.svg","https://stats.nba.com/player/1628470","https://ak-static.cms.nba.com/wp-content/uploads/headshots/nba/latest/260x190/1628470.png","https://ak-static.cms.nba.com/wp-content/uploads/headshots/nba/latest/260x190/1628470.png","https://stats.nba.com/media/players/700/1628470.png","https://ak-static.cms.nba.com/wp-content/uploads/headshots/nba/latest/260x190/1628470.png"
"680",2025,"2024-25","NBA","Regular Season",2025-03-10,22400929,65,"Boston Celtics",1610612738,FALSE,FALSE,FALSE,"H","BOS vs. UTA","BOS",1,1,"UTA","BOS","UTA","W","Jaylen Brown",54,1,1,1627759,TRUE,8,20,0.4,0,5,0,0.909,TRUE,8,15,0.533333333333333,38,10,11,0,8,8,7,3,1,3,1,26,17,55.1,"https://stats.nba.com/media/img/teams/logos/season/2024-25/BOS_logo.svg","https://stats.nba.com/player/1627759","https://stats.nba.com/media/players/230x185/1627759.png","https://ak-static.cms.nba.com/wp-content/uploads/headshots/nba/latest/260x190/1627759.png","https://stats.nba.com/media/players/700/1627759.png","https://ak-static.cms.nba.com/wp-content/uploads/headshots/nba/latest/260x190/1627759.png"
"681",2025,"2024-25","NBA","Regular Season",2025-03-10,22400929,65,"Boston Celtics",1610612738,FALSE,FALSE,FALSE,"H","BOS vs. UTA","BOS",1,1,"UTA","BOS","UTA","W","Baylor Scheierman",17,3,4,1631248,TRUE,0,1,0,0,1,0,NA,TRUE,0,0,0,12,0,0,1,1,2,2,1,0,0,2,0,-11,8.4,"https://stats.nba.com/media/img/teams/logos/season/2024-25/BOS_logo.svg","https://stats.nba.com/player/1631248","https://ak-static.cms.nba.com/wp-content/uploads/headshots/nba/latest/260x190/1631248.png","https://ak-static.cms.nba.com/wp-content/uploads/headshots/nba/latest/260x190/1631248.png","https://stats.nba.com/media/players/700/1631248.png","https://stats.nba.com/media/img/league/nba-headshot-fallback.png"
"682",2025,"2024-25","NBA","Regular Season",2025-03-10,22400929,65,"Boston Celtics",1610612738,FALSE,FALSE,FALSE,"H","BOS vs. UTA","BOS",1,1,"UTA","BOS","UTA","W","Luke Kornet",57,1,1,1628436,TRUE,2,4,0.5,0,0,0,0.5,TRUE,2,4,0.5,30,1,2,3,5,8,0,2,1,0,2,5,13,23.6,"https://stats.nba.com/media/img/teams/logos/season/2024-25/BOS_logo.svg","https://stats.nba.com/player/1628436","https://ak-static.cms.nba.com/wp-content/uploads/headshots/nba/latest/260x190/1628436.png","https://ak-static.cms.nba.com/wp-content/uploads/headshots/nba/latest/260x190/1628436.png","https://stats.nba.com/media/players/700/1628436.png","https://ak-static.cms.nba.com/wp-content/uploads/headshots/nba/latest/260x190/1628436.png"
"683",2025,"2024-25","NBA","Regular Season",2025-03-12,22400946,66,"Boston Celtics",1610612738,FALSE,TRUE,FALSE,"H","BOS vs. OKC","BOS",1,1,"OKC","OKC","BOS","L","Jaylen Brown",55,1,2,1627759,FALSE,5,15,0.333,0,5,0,NA,TRUE,5,10,0.5,38,0,0,1,4,5,2,2,1,2,6,10,-2,26,"https://stats.nba.com/media/img/teams/logos/season/2024-25/BOS_logo.svg","https://stats.nba.com/player/1627759","https://stats.nba.com/media/players/230x185/1627759.png","https://ak-static.cms.nba.com/wp-content/uploads/headshots/nba/latest/260x190/1627759.png","https://stats.nba.com/media/players/700/1627759.png","https://ak-static.cms.nba.com/wp-content/uploads/headshots/nba/latest/260x190/1627759.png"
"684",2025,"2024-25","NBA","Regular Season",2025-03-12,22400946,66,"Boston Celtics",1610612738,FALSE,TRUE,FALSE,"H","BOS vs. OKC","BOS",1,1,"OKC","OKC","BOS","L","Jrue Holiday",50,1,1,201950,FALSE,4,10,0.4,1,7,0.142857142857143,NA,TRUE,3,3,1,35,0,0,2,1,3,2,3,0,0,2,9,-14,24.6,"https://stats.nba.com/media/img/teams/logos/season/2024-25/BOS_logo.svg","https://stats.nba.com/player/201950","https://stats.nba.com/media/players/230x185/201950.png","https://ak-static.cms.nba.com/wp-content/uploads/headshots/nba/latest/260x190/201950.png","https://stats.nba.com/media/players/700/201950.png","https://ak-static.cms.nba.com/wp-content/uploads/headshots/nba/latest/260x190/201950.png"
"685",2025,"2024-25","NBA","Regular Season",2025-03-12,22400946,66,"Boston Celtics",1610612738,FALSE,TRUE,FALSE,"H","BOS vs. OKC","BOS",1,1,"OKC","OKC","BOS","L","Derrick White",63,1,1,1628401,FALSE,7,14,0.5,6,12,0.5,0.667,TRUE,1,2,0.5,37,2,3,2,6,8,5,2,3,3,6,22,-13,51.1,"https://stats.nba.com/media/img/teams/logos/season/2024-25/BOS_logo.svg","https://stats.nba.com/player/1628401","https://ak-static.cms.nba.com/wp-content/uploads/headshots/nba/latest/260x190/1628401.png","https://ak-static.cms.nba.com/wp-content/uploads/headshots/nba/latest/260x190/1628401.png","https://stats.nba.com/media/players/700/1628401.png","https://ak-static.cms.nba.com/wp-content/uploads/headshots/nba/latest/260x190/1628401.png"
"686",2025,"2024-25","NBA","Regular Season",2025-03-12,22400946,66,"Boston Celtics",1610612738,FALSE,TRUE,FALSE,"H","BOS vs. OKC","BOS",1,1,"OKC","OKC","BOS","L","Payton Pritchard",65,1,1,1630202,FALSE,3,10,0.3,2,9,0.222222222222222,NA,TRUE,1,1,1,25,0,0,1,0,1,1,0,0,1,1,8,1,9.7,"https://stats.nba.com/media/img/teams/logos/season/2024-25/BOS_logo.svg","https://stats.nba.com/player/1630202","https://ak-static.cms.nba.com/wp-content/uploads/headshots/nba/latest/260x190/1630202.png","https://ak-static.cms.nba.com/wp-content/uploads/headshots/nba/latest/260x190/1630202.png","https://stats.nba.com/media/players/700/1630202.png","https://stats.nba.com/media/img/league/nba-headshot-fallback.png"
"687",2025,"2024-25","NBA","Regular Season",2025-03-12,22400946,66,"Boston Celtics",1610612738,FALSE,TRUE,FALSE,"H","BOS vs. OKC","BOS",1,1,"OKC","OKC","BOS","L","Al Horford",51,3,1,201143,FALSE,6,14,0.429,6,12,0.5,NA,TRUE,0,2,0,34,0,0,3,7,10,6,1,2,2,1,18,-9,46,"https://stats.nba.com/media/img/teams/logos/season/2024-25/BOS_logo.svg","https://stats.nba.com/player/201143","https://stats.nba.com/media/players/230x185/201143.png","https://ak-static.cms.nba.com/wp-content/uploads/headshots/nba/latest/260x190/201143.png","https://stats.nba.com/media/players/700/201143.png","https://ak-static.cms.nba.com/wp-content/uploads/headshots/nba/latest/260x190/201143.png"
"688",2025,"2024-25","NBA","Regular Season",2025-03-12,22400946,66,"Boston Celtics",1610612738,FALSE,TRUE,FALSE,"H","BOS vs. OKC","BOS",1,1,"OKC","OKC","BOS","L","Jayson Tatum",61,3,1,1628369,FALSE,12,23,0.522,4,13,0.307692307692308,1,TRUE,8,10,0.8,41,5,5,2,6,8,8,0,0,4,2,33,4,50.6,"https://stats.nba.com/media/img/teams/logos/season/2024-25/BOS_logo.svg","https://stats.nba.com/player/1628369","https://ak-static.cms.nba.com/wp-content/uploads/headshots/nba/latest/260x190/1628369.png","https://ak-static.cms.nba.com/wp-content/uploads/headshots/nba/latest/260x190/1628369.png","https://stats.nba.com/media/players/700/1628369.png","https://ak-static.cms.nba.com/wp-content/uploads/headshots/nba/latest/260x190/1628369.png"
"689",2025,"2024-25","NBA","Regular Season",2025-03-12,22400946,66,"Boston Celtics",1610612738,FALSE,TRUE,FALSE,"H","BOS vs. OKC","BOS",1,1,"OKC","OKC","BOS","L","Sam Hauser",56,1,1,1630573,FALSE,1,4,0.25,1,4,0.25,NA,TRUE,0,0,0,11,0,0,0,2,2,1,0,0,1,1,3,6,5.9,"https://stats.nba.com/media/img/teams/logos/season/2024-25/BOS_logo.svg","https://stats.nba.com/player/1630573","https://ak-static.cms.nba.com/wp-content/uploads/headshots/nba/latest/260x190/1630573.png","https://ak-static.cms.nba.com/wp-content/uploads/headshots/nba/latest/260x190/1630573.png","https://stats.nba.com/media/players/700/1630573.png","https://stats.nba.com/media/img/league/nba-headshot-fallback.png"
"690",2025,"2024-25","NBA","Regular Season",2025-03-12,22400946,66,"Boston Celtics",1610612738,FALSE,TRUE,FALSE,"H","BOS vs. OKC","BOS",1,1,"OKC","OKC","BOS","L","Luke Kornet",58,1,1,1628436,FALSE,3,3,1,0,0,0,0.75,TRUE,3,3,1,15,3,4,4,0,4,0,0,0,0,3,9,-1,13.8,"https://stats.nba.com/media/img/teams/logos/season/2024-25/BOS_logo.svg","https://stats.nba.com/player/1628436","https://ak-static.cms.nba.com/wp-content/uploads/headshots/nba/latest/260x190/1628436.png","https://ak-static.cms.nba.com/wp-content/uploads/headshots/nba/latest/260x190/1628436.png","https://stats.nba.com/media/players/700/1628436.png","https://ak-static.cms.nba.com/wp-content/uploads/headshots/nba/latest/260x190/1628436.png"
"691",2025,"2024-25","NBA","Regular Season",2025-03-12,22400946,66,"Boston Celtics",1610612738,FALSE,TRUE,FALSE,"H","BOS vs. OKC","BOS",1,1,"OKC","OKC","BOS","L","Torrey Craig",17,1,5,1628470,FALSE,0,1,0,0,1,0,NA,TRUE,0,0,0,4,0,0,0,0,0,0,1,0,0,3,0,-2,3,"https://stats.nba.com/media/img/teams/logos/season/2024-25/BOS_logo.svg","https://stats.nba.com/player/1628470","https://ak-static.cms.nba.com/wp-content/uploads/headshots/nba/latest/260x190/1628470.png","https://ak-static.cms.nba.com/wp-content/uploads/headshots/nba/latest/260x190/1628470.png","https://stats.nba.com/media/players/700/1628470.png","https://ak-static.cms.nba.com/wp-content/uploads/headshots/nba/latest/260x190/1628470.png"
"692",2025,"2024-25","NBA","Regular Season",2025-03-14,22400958,67,"Boston Celtics",1610612738,TRUE,FALSE,FALSE,"A","BOS @ MIA","BOS",1,0,"MIA","BOS","MIA","W","Payton Pritchard",66,1,0,1630202,TRUE,4,12,0.333,3,9,0.333333333333333,NA,TRUE,1,3,0.333333333333333,27,0,0,1,2,3,0,3,0,2,2,11,0,21.6,"https://stats.nba.com/media/img/teams/logos/season/2024-25/BOS_logo.svg","https://stats.nba.com/player/1630202","https://ak-static.cms.nba.com/wp-content/uploads/headshots/nba/latest/260x190/1630202.png","https://ak-static.cms.nba.com/wp-content/uploads/headshots/nba/latest/260x190/1630202.png","https://stats.nba.com/media/players/700/1630202.png","https://stats.nba.com/media/img/league/nba-headshot-fallback.png"
"693",2025,"2024-25","NBA","Regular Season",2025-03-14,22400958,67,"Boston Celtics",1610612738,TRUE,FALSE,FALSE,"A","BOS @ MIA","BOS",1,0,"MIA","BOS","MIA","W","Neemias Queta",51,3,0,1629674,TRUE,0,2,0,0,0,0,1,TRUE,0,2,0,23,2,2,3,5,8,0,0,1,3,4,2,9,11.6,"https://stats.nba.com/media/img/teams/logos/season/2024-25/BOS_logo.svg","https://stats.nba.com/player/1629674","https://ak-static.cms.nba.com/wp-content/uploads/headshots/nba/latest/260x190/1629674.png","https://ak-static.cms.nba.com/wp-content/uploads/headshots/nba/latest/260x190/1629674.png","https://stats.nba.com/media/players/700/1629674.png","https://stats.nba.com/media/img/league/nba-headshot-fallback.png"
"694",2025,"2024-25","NBA","Regular Season",2025-03-14,22400958,67,"Boston Celtics",1610612738,TRUE,FALSE,FALSE,"A","BOS @ MIA","BOS",1,0,"MIA","BOS","MIA","W","Derrick White",64,1,3,1628401,TRUE,7,18,0.389,3,11,0.272727272727273,0.5,TRUE,4,7,0.571428571428571,37,1,2,1,4,5,4,2,0,2,0,18,12,34,"https://stats.nba.com/media/img/teams/logos/season/2024-25/BOS_logo.svg","https://stats.nba.com/player/1628401","https://ak-static.cms.nba.com/wp-content/uploads/headshots/nba/latest/260x190/1628401.png","https://ak-static.cms.nba.com/wp-content/uploads/headshots/nba/latest/260x190/1628401.png","https://stats.nba.com/media/players/700/1628401.png","https://ak-static.cms.nba.com/wp-content/uploads/headshots/nba/latest/260x190/1628401.png"
"695",2025,"2024-25","NBA","Regular Season",2025-03-14,22400958,67,"Boston Celtics",1610612738,TRUE,FALSE,FALSE,"A","BOS @ MIA","BOS",1,0,"MIA","BOS","MIA","W","Sam Hauser",57,1,0,1630573,TRUE,2,4,0.5,2,4,0.5,NA,TRUE,0,0,0,21,0,0,0,3,3,0,0,0,0,2,6,-2,9.6,"https://stats.nba.com/media/img/teams/logos/season/2024-25/BOS_logo.svg","https://stats.nba.com/player/1630573","https://ak-static.cms.nba.com/wp-content/uploads/headshots/nba/latest/260x190/1630573.png","https://ak-static.cms.nba.com/wp-content/uploads/headshots/nba/latest/260x190/1630573.png","https://stats.nba.com/media/players/700/1630573.png","https://stats.nba.com/media/img/league/nba-headshot-fallback.png"
"696",2025,"2024-25","NBA","Regular Season",2025-03-14,22400958,67,"Boston Celtics",1610612738,TRUE,FALSE,FALSE,"A","BOS @ MIA","BOS",1,0,"MIA","BOS","MIA","W","Jordan Walsh",43,7,6,1641775,TRUE,0,1,0,0,1,0,NA,TRUE,0,0,0,7,0,0,0,1,1,0,0,0,0,1,0,-6,1.2,"https://stats.nba.com/media/img/teams/logos/season/2024-25/BOS_logo.svg","https://stats.nba.com/player/1641775","https://ak-static.cms.nba.com/wp-content/uploads/headshots/nba/latest/260x190/1641775.png","https://ak-static.cms.nba.com/wp-content/uploads/headshots/nba/latest/260x190/1641775.png","https://stats.nba.com/media/players/700/1641775.png","https://stats.nba.com/media/img/league/nba-headshot-fallback.png"
"697",2025,"2024-25","NBA","Regular Season",2025-03-14,22400958,67,"Boston Celtics",1610612738,TRUE,FALSE,FALSE,"A","BOS @ MIA","BOS",1,0,"MIA","BOS","MIA","W","Al Horford",52,1,3,201143,TRUE,3,7,0.429,1,4,0.25,1,TRUE,2,3,0.666666666666667,32,2,2,3,6,9,5,0,1,1,1,9,15,29.3,"https://stats.nba.com/media/img/teams/logos/season/2024-25/BOS_logo.svg","https://stats.nba.com/player/201143","https://stats.nba.com/media/players/230x185/201143.png","https://ak-static.cms.nba.com/wp-content/uploads/headshots/nba/latest/260x190/201143.png","https://stats.nba.com/media/players/700/201143.png","https://ak-static.cms.nba.com/wp-content/uploads/headshots/nba/latest/260x190/201143.png"
"698",2025,"2024-25","NBA","Regular Season",2025-03-14,22400958,67,"Boston Celtics",1610612738,TRUE,FALSE,FALSE,"A","BOS @ MIA","BOS",1,0,"MIA","BOS","MIA","W","Jrue Holiday",51,1,0,201950,TRUE,10,15,0.667,5,8,0.625,NA,TRUE,5,7,0.714285714285714,35,0,0,1,3,4,3,1,2,1,2,25,12,42.3,"https://stats.nba.com/media/img/teams/logos/season/2024-25/BOS_logo.svg","https://stats.nba.com/player/201950","https://stats.nba.com/media/players/230x185/201950.png","https://ak-static.cms.nba.com/wp-content/uploads/headshots/nba/latest/260x190/201950.png","https://stats.nba.com/media/players/700/201950.png","https://ak-static.cms.nba.com/wp-content/uploads/headshots/nba/latest/260x190/201950.png"
"699",2025,"2024-25","NBA","Regular Season",2025-03-14,22400958,67,"Boston Celtics",1610612738,TRUE,FALSE,FALSE,"A","BOS @ MIA","BOS",1,0,"MIA","BOS","MIA","W","Jayson Tatum",62,1,0,1628369,TRUE,8,21,0.381,5,12,0.416666666666667,1,TRUE,3,9,0.333333333333333,37,7,7,0,4,4,5,1,0,5,2,28,10,38.3,"https://stats.nba.com/media/img/teams/logos/season/2024-25/BOS_logo.svg","https://stats.nba.com/player/1628369","https://ak-static.cms.nba.com/wp-content/uploads/headshots/nba/latest/260x190/1628369.png","https://ak-static.cms.nba.com/wp-content/uploads/headshots/nba/latest/260x190/1628369.png","https://stats.nba.com/media/players/700/1628369.png","https://ak-static.cms.nba.com/wp-content/uploads/headshots/nba/latest/260x190/1628369.png"
"700",2025,"2024-25","NBA","Regular Season",2025-03-14,22400958,67,"Boston Celtics",1610612738,TRUE,FALSE,FALSE,"A","BOS @ MIA","BOS",1,0,"MIA","BOS","MIA","W","Luke Kornet",59,1,0,1628436,TRUE,2,3,0.667,0,1,0,NA,TRUE,2,2,1,22,0,0,0,4,4,1,1,0,0,3,4,10,13.3,"https://stats.nba.com/media/img/teams/logos/season/2024-25/BOS_logo.svg","https://stats.nba.com/player/1628436","https://ak-static.cms.nba.com/wp-content/uploads/headshots/nba/latest/260x190/1628436.png","https://ak-static.cms.nba.com/wp-content/uploads/headshots/nba/latest/260x190/1628436.png","https://stats.nba.com/media/players/700/1628436.png","https://ak-static.cms.nba.com/wp-content/uploads/headshots/nba/latest/260x190/1628436.png"
"701",2025,"2024-25","NBA","Regular Season",2025-03-15,22400968,68,"Boston Celtics",1610612738,TRUE,FALSE,TRUE,"A","BOS @ BKN","BOS",0,2,"BKN","BOS","BKN","W","Payton Pritchard",67,0,2,1630202,TRUE,7,11,0.636,5,8,0.625,0.75,TRUE,2,3,0.666666666666667,33,3,4,2,4,6,3,2,0,2,1,22,6,37.7,"https://stats.nba.com/media/img/teams/logos/season/2024-25/BOS_logo.svg","https://stats.nba.com/player/1630202","https://ak-static.cms.nba.com/wp-content/uploads/headshots/nba/latest/260x190/1630202.png","https://ak-static.cms.nba.com/wp-content/uploads/headshots/nba/latest/260x190/1630202.png","https://stats.nba.com/media/players/700/1630202.png","https://stats.nba.com/media/img/league/nba-headshot-fallback.png"
"702",2025,"2024-25","NBA","Regular Season",2025-03-15,22400968,68,"Boston Celtics",1610612738,TRUE,FALSE,TRUE,"A","BOS @ BKN","BOS",0,2,"BKN","BOS","BKN","W","Baylor Scheierman",18,4,2,1631248,TRUE,1,2,0.5,1,2,0.5,NA,TRUE,0,0,0,11,0,0,0,0,0,1,0,0,1,1,3,-8,3.5,"https://stats.nba.com/media/img/teams/logos/season/2024-25/BOS_logo.svg","https://stats.nba.com/player/1631248","https://ak-static.cms.nba.com/wp-content/uploads/headshots/nba/latest/260x190/1631248.png","https://ak-static.cms.nba.com/wp-content/uploads/headshots/nba/latest/260x190/1631248.png","https://stats.nba.com/media/players/700/1631248.png","https://stats.nba.com/media/img/league/nba-headshot-fallback.png"
"703",2025,"2024-25","NBA","Regular Season",2025-03-15,22400968,68,"Boston Celtics",1610612738,TRUE,FALSE,TRUE,"A","BOS @ BKN","BOS",0,2,"BKN","BOS","BKN","W","Jrue Holiday",52,0,2,201950,TRUE,5,12,0.417,1,5,0.2,NA,TRUE,4,7,0.571428571428571,38,0,0,4,1,5,12,2,2,2,4,11,6,45,"https://stats.nba.com/media/img/teams/logos/season/2024-25/BOS_logo.svg","https://stats.nba.com/player/201950","https://stats.nba.com/media/players/230x185/201950.png","https://ak-static.cms.nba.com/wp-content/uploads/headshots/nba/latest/260x190/201950.png","https://stats.nba.com/media/players/700/201950.png","https://ak-static.cms.nba.com/wp-content/uploads/headshots/nba/latest/260x190/201950.png"
"704",2025,"2024-25","NBA","Regular Season",2025-03-15,22400968,68,"Boston Celtics",1610612738,TRUE,FALSE,TRUE,"A","BOS @ BKN","BOS",0,2,"BKN","BOS","BKN","W","Jaylen Brown",56,2,8,1627759,TRUE,3,8,0.375,1,3,0.333333333333333,0.5,TRUE,2,5,0.4,24,1,2,0,6,6,3,1,2,0,0,8,9,28.7,"https://stats.nba.com/media/img/teams/logos/season/2024-25/BOS_logo.svg","https://stats.nba.com/player/1627759","https://stats.nba.com/media/players/230x185/1627759.png","https://ak-static.cms.nba.com/wp-content/uploads/headshots/nba/latest/260x190/1627759.png","https://stats.nba.com/media/players/700/1627759.png","https://ak-static.cms.nba.com/wp-content/uploads/headshots/nba/latest/260x190/1627759.png"
"705",2025,"2024-25","NBA","Regular Season",2025-03-15,22400968,68,"Boston Celtics",1610612738,TRUE,FALSE,TRUE,"A","BOS @ BKN","BOS",0,2,"BKN","BOS","BKN","W","Neemias Queta",52,0,2,1629674,TRUE,2,2,1,0,0,0,0.667,TRUE,2,2,1,13,2,3,1,0,1,0,0,0,0,2,6,8,7.2,"https://stats.nba.com/media/img/teams/logos/season/2024-25/BOS_logo.svg","https://stats.nba.com/player/1629674","https://ak-static.cms.nba.com/wp-content/uploads/headshots/nba/latest/260x190/1629674.png","https://ak-static.cms.nba.com/wp-content/uploads/headshots/nba/latest/260x190/1629674.png","https://stats.nba.com/media/players/700/1629674.png","https://stats.nba.com/media/img/league/nba-headshot-fallback.png"
"706",2025,"2024-25","NBA","Regular Season",2025-03-15,22400968,68,"Boston Celtics",1610612738,TRUE,FALSE,TRUE,"A","BOS @ BKN","BOS",0,2,"BKN","BOS","BKN","W","Sam Hauser",58,0,2,1630573,TRUE,4,7,0.571,3,6,0.5,NA,TRUE,1,1,1,28,0,0,1,1,2,1,0,0,0,1,11,-9,14.9,"https://stats.nba.com/media/img/teams/logos/season/2024-25/BOS_logo.svg","https://stats.nba.com/player/1630573","https://ak-static.cms.nba.com/wp-content/uploads/headshots/nba/latest/260x190/1630573.png","https://ak-static.cms.nba.com/wp-content/uploads/headshots/nba/latest/260x190/1630573.png","https://stats.nba.com/media/players/700/1630573.png","https://stats.nba.com/media/img/league/nba-headshot-fallback.png"
"707",2025,"2024-25","NBA","Regular Season",2025-03-15,22400968,68,"Boston Celtics",1610612738,TRUE,FALSE,TRUE,"A","BOS @ BKN","BOS",0,2,"BKN","BOS","BKN","W","Kristaps Porziņģis",33,16,2,204001,TRUE,9,16,0.563,1,7,0.142857142857143,0.833,TRUE,8,9,0.888888888888889,32,5,6,0,2,2,0,0,1,0,1,24,13,29.4,"https://stats.nba.com/media/img/teams/logos/season/2024-25/BOS_logo.svg","https://stats.nba.com/player/204001","https://stats.nba.com/media/players/230x185/204001.png","https://ak-static.cms.nba.com/wp-content/uploads/headshots/nba/latest/260x190/204001.png","https://stats.nba.com/media/players/700/204001.png","https://ak-static.cms.nba.com/wp-content/uploads/headshots/nba/latest/260x190/204001.png"
"708",2025,"2024-25","NBA","Regular Season",2025-03-15,22400968,68,"Boston Celtics",1610612738,TRUE,FALSE,TRUE,"A","BOS @ BKN","BOS",0,2,"BKN","BOS","BKN","W","Luke Kornet",60,0,2,1628436,TRUE,5,7,0.714,0,0,0,0,TRUE,5,7,0.714285714285714,25,0,1,5,3,8,1,0,2,0,1,10,0,27.1,"https://stats.nba.com/media/img/teams/logos/season/2024-25/BOS_logo.svg","https://stats.nba.com/player/1628436","https://ak-static.cms.nba.com/wp-content/uploads/headshots/nba/latest/260x190/1628436.png","https://ak-static.cms.nba.com/wp-content/uploads/headshots/nba/latest/260x190/1628436.png","https://stats.nba.com/media/players/700/1628436.png","https://ak-static.cms.nba.com/wp-content/uploads/headshots/nba/latest/260x190/1628436.png"
"709",2025,"2024-25","NBA","Regular Season",2025-03-15,22400968,68,"Boston Celtics",1610612738,TRUE,FALSE,TRUE,"A","BOS @ BKN","BOS",0,2,"BKN","BOS","BKN","W","Jayson Tatum",63,0,5,1628369,TRUE,8,19,0.421,1,7,0.142857142857143,1,TRUE,7,12,0.583333333333333,36,3,3,0,8,8,8,0,0,2,3,20,-15,39.6,"https://stats.nba.com/media/img/teams/logos/season/2024-25/BOS_logo.svg","https://stats.nba.com/player/1628369","https://ak-static.cms.nba.com/wp-content/uploads/headshots/nba/latest/260x190/1628369.png","https://ak-static.cms.nba.com/wp-content/uploads/headshots/nba/latest/260x190/1628369.png","https://stats.nba.com/media/players/700/1628369.png","https://ak-static.cms.nba.com/wp-content/uploads/headshots/nba/latest/260x190/1628369.png"
"710",2025,"2024-25","NBA","Regular Season",2025-03-18,22400994,69,"Boston Celtics",1610612738,FALSE,FALSE,FALSE,"H","BOS vs. BKN","BOS",2,2,"BKN","BOS","BKN","W","Derrick White",65,3,2,1628401,TRUE,6,19,0.316,3,11,0.272727272727273,1,TRUE,3,8,0.375,33,3,3,0,5,5,4,0,1,4,3,18,2,29,"https://stats.nba.com/media/img/teams/logos/season/2024-25/BOS_logo.svg","https://stats.nba.com/player/1628401","https://ak-static.cms.nba.com/wp-content/uploads/headshots/nba/latest/260x190/1628401.png","https://ak-static.cms.nba.com/wp-content/uploads/headshots/nba/latest/260x190/1628401.png","https://stats.nba.com/media/players/700/1628401.png","https://ak-static.cms.nba.com/wp-content/uploads/headshots/nba/latest/260x190/1628401.png"
"711",2025,"2024-25","NBA","Regular Season",2025-03-18,22400994,69,"Boston Celtics",1610612738,FALSE,FALSE,FALSE,"H","BOS vs. BKN","BOS",2,2,"BKN","BOS","BKN","W","Jrue Holiday",53,2,2,201950,TRUE,5,14,0.357,0,5,0,1,TRUE,5,9,0.555555555555556,38,2,2,1,5,6,8,3,1,2,2,12,13,41.2,"https://stats.nba.com/media/img/teams/logos/season/2024-25/BOS_logo.svg","https://stats.nba.com/player/201950","https://stats.nba.com/media/players/230x185/201950.png","https://ak-static.cms.nba.com/wp-content/uploads/headshots/nba/latest/260x190/201950.png","https://stats.nba.com/media/players/700/201950.png","https://ak-static.cms.nba.com/wp-content/uploads/headshots/nba/latest/260x190/201950.png"
"712",2025,"2024-25","NBA","Regular Season",2025-03-18,22400994,69,"Boston Celtics",1610612738,FALSE,FALSE,FALSE,"H","BOS vs. BKN","BOS",2,2,"BKN","BOS","BKN","W","Payton Pritchard",68,2,2,1630202,TRUE,3,9,0.333,3,7,0.428571428571429,1,TRUE,0,2,0,34,1,1,1,3,4,2,0,0,0,0,10,14,17.8,"https://stats.nba.com/media/img/teams/logos/season/2024-25/BOS_logo.svg","https://stats.nba.com/player/1630202","https://ak-static.cms.nba.com/wp-content/uploads/headshots/nba/latest/260x190/1630202.png","https://ak-static.cms.nba.com/wp-content/uploads/headshots/nba/latest/260x190/1630202.png","https://stats.nba.com/media/players/700/1630202.png","https://stats.nba.com/media/img/league/nba-headshot-fallback.png"
"713",2025,"2024-25","NBA","Regular Season",2025-03-18,22400994,69,"Boston Celtics",1610612738,FALSE,FALSE,FALSE,"H","BOS vs. BKN","BOS",2,2,"BKN","BOS","BKN","W","Al Horford",53,3,2,201143,TRUE,1,5,0.2,1,5,0.2,0.5,TRUE,0,0,0,32,1,2,0,5,5,6,0,0,2,2,4,18,17,"https://stats.nba.com/media/img/teams/logos/season/2024-25/BOS_logo.svg","https://stats.nba.com/player/201143","https://stats.nba.com/media/players/230x185/201143.png","https://ak-static.cms.nba.com/wp-content/uploads/headshots/nba/latest/260x190/201143.png","https://stats.nba.com/media/players/700/201143.png","https://ak-static.cms.nba.com/wp-content/uploads/headshots/nba/latest/260x190/201143.png"
"714",2025,"2024-25","NBA","Regular Season",2025-03-18,22400994,69,"Boston Celtics",1610612738,FALSE,FALSE,FALSE,"H","BOS vs. BKN","BOS",2,2,"BKN","BOS","BKN","W","Torrey Craig",18,5,2,1628470,TRUE,0,2,0,0,2,0,1,TRUE,0,0,0,8,2,2,0,2,2,0,0,0,0,1,2,-1,4.4,"https://stats.nba.com/media/img/teams/logos/season/2024-25/BOS_logo.svg","https://stats.nba.com/player/1628470","https://ak-static.cms.nba.com/wp-content/uploads/headshots/nba/latest/260x190/1628470.png","https://ak-static.cms.nba.com/wp-content/uploads/headshots/nba/latest/260x190/1628470.png","https://stats.nba.com/media/players/700/1628470.png","https://ak-static.cms.nba.com/wp-content/uploads/headshots/nba/latest/260x190/1628470.png"
"715",2025,"2024-25","NBA","Regular Season",2025-03-18,22400994,69,"Boston Celtics",1610612738,FALSE,FALSE,FALSE,"H","BOS vs. BKN","BOS",2,2,"BKN","BOS","BKN","W","Sam Hauser",59,2,2,1630573,TRUE,3,8,0.375,2,7,0.285714285714286,NA,TRUE,1,1,1,29,0,0,0,7,7,0,0,0,0,4,8,-7,16.4,"https://stats.nba.com/media/img/teams/logos/season/2024-25/BOS_logo.svg","https://stats.nba.com/player/1630573","https://ak-static.cms.nba.com/wp-content/uploads/headshots/nba/latest/260x190/1630573.png","https://ak-static.cms.nba.com/wp-content/uploads/headshots/nba/latest/260x190/1630573.png","https://stats.nba.com/media/players/700/1630573.png","https://stats.nba.com/media/img/league/nba-headshot-fallback.png"
"716",2025,"2024-25","NBA","Regular Season",2025-03-18,22400994,69,"Boston Celtics",1610612738,FALSE,FALSE,FALSE,"H","BOS vs. BKN","BOS",2,2,"BKN","BOS","BKN","W","Kristaps Porziņģis",34,2,2,204001,TRUE,9,13,0.692,1,4,0.25,0.75,TRUE,8,9,0.888888888888889,29,6,8,2,11,13,3,1,3,4,0,25,12,53.1,"https://stats.nba.com/media/img/teams/logos/season/2024-25/BOS_logo.svg","https://stats.nba.com/player/204001","https://stats.nba.com/media/players/230x185/204001.png","https://ak-static.cms.nba.com/wp-content/uploads/headshots/nba/latest/260x190/204001.png","https://stats.nba.com/media/players/700/204001.png","https://ak-static.cms.nba.com/wp-content/uploads/headshots/nba/latest/260x190/204001.png"
"717",2025,"2024-25","NBA","Regular Season",2025-03-18,22400994,69,"Boston Celtics",1610612738,FALSE,FALSE,FALSE,"H","BOS vs. BKN","BOS",2,2,"BKN","BOS","BKN","W","Neemias Queta",53,2,2,1629674,TRUE,1,1,1,0,0,0,1,TRUE,1,1,1,9,2,2,0,2,2,0,0,0,0,0,4,-5,6.4,"https://stats.nba.com/media/img/teams/logos/season/2024-25/BOS_logo.svg","https://stats.nba.com/player/1629674","https://ak-static.cms.nba.com/wp-content/uploads/headshots/nba/latest/260x190/1629674.png","https://ak-static.cms.nba.com/wp-content/uploads/headshots/nba/latest/260x190/1629674.png","https://stats.nba.com/media/players/700/1629674.png","https://stats.nba.com/media/img/league/nba-headshot-fallback.png"
"718",2025,"2024-25","NBA","Regular Season",2025-03-18,22400994,69,"Boston Celtics",1610612738,FALSE,FALSE,FALSE,"H","BOS vs. BKN","BOS",2,2,"BKN","BOS","BKN","W","Baylor Scheierman",19,2,2,1631248,TRUE,7,8,0.875,6,7,0.857142857142857,NA,TRUE,1,1,1,16,0,0,2,1,3,1,2,0,0,1,20,4,31.1,"https://stats.nba.com/media/img/teams/logos/season/2024-25/BOS_logo.svg","https://stats.nba.com/player/1631248","https://ak-static.cms.nba.com/wp-content/uploads/headshots/nba/latest/260x190/1631248.png","https://ak-static.cms.nba.com/wp-content/uploads/headshots/nba/latest/260x190/1631248.png","https://stats.nba.com/media/players/700/1631248.png","https://stats.nba.com/media/img/league/nba-headshot-fallback.png"
"719",2025,"2024-25","NBA","Regular Season",2025-03-18,22400994,69,"Boston Celtics",1610612738,FALSE,FALSE,FALSE,"H","BOS vs. BKN","BOS",2,2,"BKN","BOS","BKN","W","Luke Kornet",61,2,2,1628436,TRUE,0,0,NA,0,0,0,0.5,TRUE,0,0,0,12,1,2,0,1,1,0,0,0,1,1,1,-10,1.2,"https://stats.nba.com/media/img/teams/logos/season/2024-25/BOS_logo.svg","https://stats.nba.com/player/1628436","https://ak-static.cms.nba.com/wp-content/uploads/headshots/nba/latest/260x190/1628436.png","https://ak-static.cms.nba.com/wp-content/uploads/headshots/nba/latest/260x190/1628436.png","https://stats.nba.com/media/players/700/1628436.png","https://ak-static.cms.nba.com/wp-content/uploads/headshots/nba/latest/260x190/1628436.png"
"720",2025,"2024-25","NBA","Regular Season",2025-03-21,22401020,70,"Boston Celtics",1610612738,FALSE,TRUE,FALSE,"A","BOS @ UTA","BOS",2,1,"UTA","BOS","UTA","W","Jrue Holiday",54,2,2,201950,TRUE,3,6,0.5,0,1,0,1,TRUE,3,5,0.6,23,2,2,0,2,2,4,3,0,1,3,8,6,24.4,"https://stats.nba.com/media/img/teams/logos/season/2024-25/BOS_logo.svg","https://stats.nba.com/player/201950","https://stats.nba.com/media/players/230x185/201950.png","https://ak-static.cms.nba.com/wp-content/uploads/headshots/nba/latest/260x190/201950.png","https://stats.nba.com/media/players/700/201950.png","https://ak-static.cms.nba.com/wp-content/uploads/headshots/nba/latest/260x190/201950.png"
"721",2025,"2024-25","NBA","Regular Season",2025-03-21,22401020,70,"Boston Celtics",1610612738,FALSE,TRUE,FALSE,"A","BOS @ UTA","BOS",2,1,"UTA","BOS","UTA","W","Luke Kornet",62,2,1,1628436,TRUE,2,4,0.5,0,0,0,NA,TRUE,2,4,0.5,17,0,0,3,5,8,0,0,3,0,1,4,23,22.6,"https://stats.nba.com/media/img/teams/logos/season/2024-25/BOS_logo.svg","https://stats.nba.com/player/1628436","https://ak-static.cms.nba.com/wp-content/uploads/headshots/nba/latest/260x190/1628436.png","https://ak-static.cms.nba.com/wp-content/uploads/headshots/nba/latest/260x190/1628436.png","https://stats.nba.com/media/players/700/1628436.png","https://ak-static.cms.nba.com/wp-content/uploads/headshots/nba/latest/260x190/1628436.png"
"722",2025,"2024-25","NBA","Regular Season",2025-03-21,22401020,70,"Boston Celtics",1610612738,FALSE,TRUE,FALSE,"A","BOS @ UTA","BOS",2,1,"UTA","BOS","UTA","W","Jayson Tatum",64,5,1,1628369,TRUE,11,25,0.44,3,10,0.3,1,TRUE,8,15,0.533333333333333,33,1,1,0,6,6,6,3,0,6,1,26,18,45.2,"https://stats.nba.com/media/img/teams/logos/season/2024-25/BOS_logo.svg","https://stats.nba.com/player/1628369","https://ak-static.cms.nba.com/wp-content/uploads/headshots/nba/latest/260x190/1628369.png","https://ak-static.cms.nba.com/wp-content/uploads/headshots/nba/latest/260x190/1628369.png","https://stats.nba.com/media/players/700/1628369.png","https://ak-static.cms.nba.com/wp-content/uploads/headshots/nba/latest/260x190/1628369.png"
"723",2025,"2024-25","NBA","Regular Season",2025-03-21,22401020,70,"Boston Celtics",1610612738,FALSE,TRUE,FALSE,"A","BOS @ UTA","BOS",2,1,"UTA","BOS","UTA","W","Torrey Craig",19,2,1,1628470,TRUE,0,0,NA,0,0,0,NA,TRUE,0,0,0,1,0,0,0,0,0,0,0,0,0,0,0,-3,0,"https://stats.nba.com/media/img/teams/logos/season/2024-25/BOS_logo.svg","https://stats.nba.com/player/1628470","https://ak-static.cms.nba.com/wp-content/uploads/headshots/nba/latest/260x190/1628470.png","https://ak-static.cms.nba.com/wp-content/uploads/headshots/nba/latest/260x190/1628470.png","https://stats.nba.com/media/players/700/1628470.png","https://ak-static.cms.nba.com/wp-content/uploads/headshots/nba/latest/260x190/1628470.png"
"724",2025,"2024-25","NBA","Regular Season",2025-03-21,22401020,70,"Boston Celtics",1610612738,FALSE,TRUE,FALSE,"A","BOS @ UTA","BOS",2,1,"UTA","BOS","UTA","W","Baylor Scheierman",20,2,1,1631248,TRUE,0,4,0,0,4,0,NA,TRUE,0,0,0,12,0,0,0,0,0,0,0,0,0,0,0,5,0,"https://stats.nba.com/media/img/teams/logos/season/2024-25/BOS_logo.svg","https://stats.nba.com/player/1631248","https://ak-static.cms.nba.com/wp-content/uploads/headshots/nba/latest/260x190/1631248.png","https://ak-static.cms.nba.com/wp-content/uploads/headshots/nba/latest/260x190/1631248.png","https://stats.nba.com/media/players/700/1631248.png","https://stats.nba.com/media/img/league/nba-headshot-fallback.png"
"725",2025,"2024-25","NBA","Regular Season",2025-03-21,22401020,70,"Boston Celtics",1610612738,FALSE,TRUE,FALSE,"A","BOS @ UTA","BOS",2,1,"UTA","BOS","UTA","W","Drew Peterson",19,14,2,1641809,TRUE,0,0,NA,0,0,0,NA,TRUE,0,0,0,2,0,0,0,0,0,0,1,0,0,0,0,2,3,"https://stats.nba.com/media/img/teams/logos/season/2024-25/BOS_logo.svg","https://stats.nba.com/player/1641809","https://ak-static.cms.nba.com/wp-content/uploads/headshots/nba/latest/260x190/1641809.png","https://ak-static.cms.nba.com/wp-content/uploads/headshots/nba/latest/260x190/1641809.png","https://stats.nba.com/media/players/700/1641809.png","https://stats.nba.com/media/img/league/nba-headshot-fallback.png"
"726",2025,"2024-25","NBA","Regular Season",2025-03-21,22401020,70,"Boston Celtics",1610612738,FALSE,TRUE,FALSE,"A","BOS @ UTA","BOS",2,1,"UTA","BOS","UTA","W","Kristaps Porziņģis",35,2,2,204001,TRUE,9,15,0.6,3,5,0.6,1,TRUE,6,10,0.6,25,6,6,4,6,10,6,1,0,1,4,27,3,50,"https://stats.nba.com/media/img/teams/logos/season/2024-25/BOS_logo.svg","https://stats.nba.com/player/204001","https://stats.nba.com/media/players/230x185/204001.png","https://ak-static.cms.nba.com/wp-content/uploads/headshots/nba/latest/260x190/204001.png","https://stats.nba.com/media/players/700/204001.png","https://ak-static.cms.nba.com/wp-content/uploads/headshots/nba/latest/260x190/204001.png"
"727",2025,"2024-25","NBA","Regular Season",2025-03-21,22401020,70,"Boston Celtics",1610612738,FALSE,TRUE,FALSE,"A","BOS @ UTA","BOS",2,1,"UTA","BOS","UTA","W","Sam Hauser",60,2,1,1630573,TRUE,5,10,0.5,4,8,0.5,NA,TRUE,1,2,0.5,29,0,0,0,1,1,0,1,0,0,0,14,15,18.2,"https://stats.nba.com/media/img/teams/logos/season/2024-25/BOS_logo.svg","https://stats.nba.com/player/1630573","https://ak-static.cms.nba.com/wp-content/uploads/headshots/nba/latest/260x190/1630573.png","https://ak-static.cms.nba.com/wp-content/uploads/headshots/nba/latest/260x190/1630573.png","https://stats.nba.com/media/players/700/1630573.png","https://stats.nba.com/media/img/league/nba-headshot-fallback.png"
"728",2025,"2024-25","NBA","Regular Season",2025-03-21,22401020,70,"Boston Celtics",1610612738,FALSE,TRUE,FALSE,"A","BOS @ UTA","BOS",2,1,"UTA","BOS","UTA","W","Jordan Walsh",44,6,2,1641775,TRUE,2,2,1,0,0,0,NA,TRUE,2,2,1,2,0,0,1,0,1,0,0,0,0,0,4,2,5.2,"https://stats.nba.com/media/img/teams/logos/season/2024-25/BOS_logo.svg","https://stats.nba.com/player/1641775","https://ak-static.cms.nba.com/wp-content/uploads/headshots/nba/latest/260x190/1641775.png","https://ak-static.cms.nba.com/wp-content/uploads/headshots/nba/latest/260x190/1641775.png","https://stats.nba.com/media/players/700/1641775.png","https://stats.nba.com/media/img/league/nba-headshot-fallback.png"
"729",2025,"2024-25","NBA","Regular Season",2025-03-21,22401020,70,"Boston Celtics",1610612738,FALSE,TRUE,FALSE,"A","BOS @ UTA","BOS",2,1,"UTA","BOS","UTA","W","Derrick White",66,2,1,1628401,TRUE,3,8,0.375,2,7,0.285714285714286,0.75,TRUE,1,1,1,32,3,4,0,5,5,4,3,1,1,4,11,7,34,"https://stats.nba.com/media/img/teams/logos/season/2024-25/BOS_logo.svg","https://stats.nba.com/player/1628401","https://ak-static.cms.nba.com/wp-content/uploads/headshots/nba/latest/260x190/1628401.png","https://ak-static.cms.nba.com/wp-content/uploads/headshots/nba/latest/260x190/1628401.png","https://stats.nba.com/media/players/700/1628401.png","https://ak-static.cms.nba.com/wp-content/uploads/headshots/nba/latest/260x190/1628401.png"
"730",2025,"2024-25","NBA","Regular Season",2025-03-21,22401020,70,"Boston Celtics",1610612738,FALSE,TRUE,FALSE,"A","BOS @ UTA","BOS",2,1,"UTA","BOS","UTA","W","Neemias Queta",54,2,2,1629674,TRUE,0,0,NA,0,0,0,NA,TRUE,0,0,0,2,0,0,1,0,1,1,0,0,0,0,0,2,2.7,"https://stats.nba.com/media/img/teams/logos/season/2024-25/BOS_logo.svg","https://stats.nba.com/player/1629674","https://ak-static.cms.nba.com/wp-content/uploads/headshots/nba/latest/260x190/1629674.png","https://ak-static.cms.nba.com/wp-content/uploads/headshots/nba/latest/260x190/1629674.png","https://stats.nba.com/media/players/700/1629674.png","https://stats.nba.com/media/img/league/nba-headshot-fallback.png"
"731",2025,"2024-25","NBA","Regular Season",2025-03-21,22401020,70,"Boston Celtics",1610612738,FALSE,TRUE,FALSE,"A","BOS @ UTA","BOS",2,1,"UTA","BOS","UTA","W","Payton Pritchard",69,2,1,1630202,TRUE,6,13,0.462,4,11,0.363636363636364,0.667,TRUE,2,2,1,32,2,3,1,1,2,4,1,0,1,2,18,14,28.4,"https://stats.nba.com/media/img/teams/logos/season/2024-25/BOS_logo.svg","https://stats.nba.com/player/1630202","https://ak-static.cms.nba.com/wp-content/uploads/headshots/nba/latest/260x190/1630202.png","https://ak-static.cms.nba.com/wp-content/uploads/headshots/nba/latest/260x190/1630202.png","https://stats.nba.com/media/players/700/1630202.png","https://stats.nba.com/media/img/league/nba-headshot-fallback.png"
"732",2025,"2024-25","NBA","Regular Season",2025-03-21,22401020,70,"Boston Celtics",1610612738,FALSE,TRUE,FALSE,"A","BOS @ UTA","BOS",2,1,"UTA","BOS","UTA","W","JD Davison",10,14,1,1631120,TRUE,2,3,0.667,0,1,0,NA,TRUE,2,2,1,3,0,0,1,2,3,0,0,0,0,0,4,4,7.6,"https://stats.nba.com/media/img/teams/logos/season/2024-25/BOS_logo.svg","https://stats.nba.com/player/1631120","https://ak-static.cms.nba.com/wp-content/uploads/headshots/nba/latest/260x190/1631120.png","https://ak-static.cms.nba.com/wp-content/uploads/headshots/nba/latest/260x190/1631120.png","https://stats.nba.com/media/players/700/1631120.png","https://stats.nba.com/media/img/league/nba-headshot-fallback.png"
"733",2025,"2024-25","NBA","Regular Season",2025-03-21,22401020,70,"Boston Celtics",1610612738,FALSE,TRUE,FALSE,"A","BOS @ UTA","BOS",2,1,"UTA","BOS","UTA","W","Al Horford",54,2,1,201143,TRUE,2,7,0.286,1,4,0.25,NA,TRUE,1,3,0.333333333333333,27,0,0,5,4,9,2,0,0,0,0,5,12,18.8,"https://stats.nba.com/media/img/teams/logos/season/2024-25/BOS_logo.svg","https://stats.nba.com/player/201143","https://stats.nba.com/media/players/230x185/201143.png","https://ak-static.cms.nba.com/wp-content/uploads/headshots/nba/latest/260x190/201143.png","https://stats.nba.com/media/players/700/201143.png","https://ak-static.cms.nba.com/wp-content/uploads/headshots/nba/latest/260x190/201143.png"
"734",2025,"2024-25","NBA","Regular Season",2025-03-23,22401034,71,"Boston Celtics",1610612738,TRUE,FALSE,FALSE,"A","BOS @ POR","BOS",1,0,"POR","BOS","POR","W","Derrick White",67,1,0,1628401,TRUE,6,12,0.5,4,10,0.4,0.5,TRUE,2,2,1,37,1,2,1,2,3,8,2,1,3,0,17,11,38.6,"https://stats.nba.com/media/img/teams/logos/season/2024-25/BOS_logo.svg","https://stats.nba.com/player/1628401","https://ak-static.cms.nba.com/wp-content/uploads/headshots/nba/latest/260x190/1628401.png","https://ak-static.cms.nba.com/wp-content/uploads/headshots/nba/latest/260x190/1628401.png","https://stats.nba.com/media/players/700/1628401.png","https://ak-static.cms.nba.com/wp-content/uploads/headshots/nba/latest/260x190/1628401.png"
"735",2025,"2024-25","NBA","Regular Season",2025-03-23,22401034,71,"Boston Celtics",1610612738,TRUE,FALSE,FALSE,"A","BOS @ POR","BOS",1,0,"POR","BOS","POR","W","Torrey Craig",20,1,2,1628470,TRUE,2,3,0.667,1,2,0.5,0,TRUE,1,1,1,13,0,2,2,0,2,1,1,0,0,1,5,10,11.9,"https://stats.nba.com/media/img/teams/logos/season/2024-25/BOS_logo.svg","https://stats.nba.com/player/1628470","https://ak-static.cms.nba.com/wp-content/uploads/headshots/nba/latest/260x190/1628470.png","https://ak-static.cms.nba.com/wp-content/uploads/headshots/nba/latest/260x190/1628470.png","https://stats.nba.com/media/players/700/1628470.png","https://ak-static.cms.nba.com/wp-content/uploads/headshots/nba/latest/260x190/1628470.png"
"736",2025,"2024-25","NBA","Regular Season",2025-03-23,22401034,71,"Boston Celtics",1610612738,TRUE,FALSE,FALSE,"A","BOS @ POR","BOS",1,0,"POR","BOS","POR","W","Payton Pritchard",70,1,0,1630202,TRUE,6,14,0.429,4,9,0.444444444444444,NA,TRUE,2,5,0.4,32,0,0,1,3,4,5,0,0,0,3,16,6,28.3,"https://stats.nba.com/media/img/teams/logos/season/2024-25/BOS_logo.svg","https://stats.nba.com/player/1630202","https://ak-static.cms.nba.com/wp-content/uploads/headshots/nba/latest/260x190/1630202.png","https://ak-static.cms.nba.com/wp-content/uploads/headshots/nba/latest/260x190/1630202.png","https://stats.nba.com/media/players/700/1630202.png","https://stats.nba.com/media/img/league/nba-headshot-fallback.png"
"737",2025,"2024-25","NBA","Regular Season",2025-03-23,22401034,71,"Boston Celtics",1610612738,TRUE,FALSE,FALSE,"A","BOS @ POR","BOS",1,0,"POR","BOS","POR","W","Jayson Tatum",65,1,0,1628369,TRUE,11,24,0.458,1,7,0.142857142857143,1,TRUE,10,17,0.588235294117647,37,7,7,2,7,9,9,1,2,3,2,30,16,60.3,"https://stats.nba.com/media/img/teams/logos/season/2024-25/BOS_logo.svg","https://stats.nba.com/player/1628369","https://ak-static.cms.nba.com/wp-content/uploads/headshots/nba/latest/260x190/1628369.png","https://ak-static.cms.nba.com/wp-content/uploads/headshots/nba/latest/260x190/1628369.png","https://stats.nba.com/media/players/700/1628369.png","https://ak-static.cms.nba.com/wp-content/uploads/headshots/nba/latest/260x190/1628369.png"
"738",2025,"2024-25","NBA","Regular Season",2025-03-23,22401034,71,"Boston Celtics",1610612738,TRUE,FALSE,FALSE,"A","BOS @ POR","BOS",1,0,"POR","BOS","POR","W","Baylor Scheierman",21,1,0,1631248,TRUE,2,5,0.4,2,5,0.4,NA,TRUE,0,0,0,26,0,0,1,4,5,3,0,1,1,2,6,-1,18.5,"https://stats.nba.com/media/img/teams/logos/season/2024-25/BOS_logo.svg","https://stats.nba.com/player/1631248","https://ak-static.cms.nba.com/wp-content/uploads/headshots/nba/latest/260x190/1631248.png","https://ak-static.cms.nba.com/wp-content/uploads/headshots/nba/latest/260x190/1631248.png","https://stats.nba.com/media/players/700/1631248.png","https://stats.nba.com/media/img/league/nba-headshot-fallback.png"
"739",2025,"2024-25","NBA","Regular Season",2025-03-23,22401034,71,"Boston Celtics",1610612738,TRUE,FALSE,FALSE,"A","BOS @ POR","BOS",1,0,"POR","BOS","POR","W","Al Horford",55,1,2,201143,TRUE,6,12,0.5,2,6,0.333333333333333,NA,TRUE,4,6,0.666666666666667,30,0,0,1,5,6,1,1,1,1,0,14,4,27.7,"https://stats.nba.com/media/img/teams/logos/season/2024-25/BOS_logo.svg","https://stats.nba.com/player/201143","https://stats.nba.com/media/players/230x185/201143.png","https://ak-static.cms.nba.com/wp-content/uploads/headshots/nba/latest/260x190/201143.png","https://stats.nba.com/media/players/700/201143.png","https://ak-static.cms.nba.com/wp-content/uploads/headshots/nba/latest/260x190/201143.png"
"740",2025,"2024-25","NBA","Regular Season",2025-03-23,22401034,71,"Boston Celtics",1610612738,TRUE,FALSE,FALSE,"A","BOS @ POR","BOS",1,0,"POR","BOS","POR","W","Sam Hauser",61,1,2,1630573,TRUE,8,11,0.727,8,10,0.8,NA,TRUE,0,1,0,39,0,0,0,3,3,0,0,1,0,4,24,6,30.6,"https://stats.nba.com/media/img/teams/logos/season/2024-25/BOS_logo.svg","https://stats.nba.com/player/1630573","https://ak-static.cms.nba.com/wp-content/uploads/headshots/nba/latest/260x190/1630573.png","https://ak-static.cms.nba.com/wp-content/uploads/headshots/nba/latest/260x190/1630573.png","https://stats.nba.com/media/players/700/1630573.png","https://stats.nba.com/media/img/league/nba-headshot-fallback.png"
"741",2025,"2024-25","NBA","Regular Season",2025-03-23,22401034,71,"Boston Celtics",1610612738,TRUE,FALSE,FALSE,"A","BOS @ POR","BOS",1,0,"POR","BOS","POR","W","Luke Kornet",63,1,0,1628436,TRUE,6,6,1,0,0,0,1,TRUE,6,6,1,19,1,1,3,2,5,3,0,0,0,2,13,11,23.5,"https://stats.nba.com/media/img/teams/logos/season/2024-25/BOS_logo.svg","https://stats.nba.com/player/1628436","https://ak-static.cms.nba.com/wp-content/uploads/headshots/nba/latest/260x190/1628436.png","https://ak-static.cms.nba.com/wp-content/uploads/headshots/nba/latest/260x190/1628436.png","https://stats.nba.com/media/players/700/1628436.png","https://ak-static.cms.nba.com/wp-content/uploads/headshots/nba/latest/260x190/1628436.png"
"742",2025,"2024-25","NBA","Regular Season",2025-03-23,22401034,71,"Boston Celtics",1610612738,TRUE,FALSE,FALSE,"A","BOS @ POR","BOS",1,0,"POR","BOS","POR","W","JD Davison",11,1,0,1631120,TRUE,1,1,1,1,1,1,0.5,TRUE,0,0,0,8,1,2,0,1,1,1,1,0,1,0,4,2,8.7,"https://stats.nba.com/media/img/teams/logos/season/2024-25/BOS_logo.svg","https://stats.nba.com/player/1631120","https://ak-static.cms.nba.com/wp-content/uploads/headshots/nba/latest/260x190/1631120.png","https://ak-static.cms.nba.com/wp-content/uploads/headshots/nba/latest/260x190/1631120.png","https://stats.nba.com/media/players/700/1631120.png","https://stats.nba.com/media/img/league/nba-headshot-fallback.png"
"743",2025,"2024-25","NBA","Regular Season",2025-03-24,22401044,72,"Boston Celtics",1610612738,TRUE,FALSE,TRUE,"A","BOS @ SAC","BOS",0,1,"SAC","BOS","SAC","W","Drew Peterson",20,2,8,1641809,TRUE,0,0,NA,0,0,0,NA,TRUE,0,0,0,1,0,0,0,0,0,0,0,0,0,0,0,0,0,"https://stats.nba.com/media/img/teams/logos/season/2024-25/BOS_logo.svg","https://stats.nba.com/player/1641809","https://ak-static.cms.nba.com/wp-content/uploads/headshots/nba/latest/260x190/1641809.png","https://ak-static.cms.nba.com/wp-content/uploads/headshots/nba/latest/260x190/1641809.png","https://stats.nba.com/media/players/700/1641809.png","https://stats.nba.com/media/img/league/nba-headshot-fallback.png"
"744",2025,"2024-25","NBA","Regular Season",2025-03-24,22401044,72,"Boston Celtics",1610612738,TRUE,FALSE,TRUE,"A","BOS @ SAC","BOS",0,1,"SAC","BOS","SAC","W","JD Davison",12,0,8,1631120,TRUE,0,1,0,0,1,0,NA,TRUE,0,0,0,1,0,0,0,0,0,1,0,0,0,0,0,0,1.5,"https://stats.nba.com/media/img/teams/logos/season/2024-25/BOS_logo.svg","https://stats.nba.com/player/1631120","https://ak-static.cms.nba.com/wp-content/uploads/headshots/nba/latest/260x190/1631120.png","https://ak-static.cms.nba.com/wp-content/uploads/headshots/nba/latest/260x190/1631120.png","https://stats.nba.com/media/players/700/1631120.png","https://stats.nba.com/media/img/league/nba-headshot-fallback.png"
"745",2025,"2024-25","NBA","Regular Season",2025-03-24,22401044,72,"Boston Celtics",1610612738,TRUE,FALSE,TRUE,"A","BOS @ SAC","BOS",0,1,"SAC","BOS","SAC","W","Jrue Holiday",55,2,1,201950,TRUE,2,11,0.182,1,5,0.2,NA,TRUE,1,6,0.166666666666667,31,0,0,1,0,1,3,1,0,0,2,5,16,13.7,"https://stats.nba.com/media/img/teams/logos/season/2024-25/BOS_logo.svg","https://stats.nba.com/player/201950","https://stats.nba.com/media/players/230x185/201950.png","https://ak-static.cms.nba.com/wp-content/uploads/headshots/nba/latest/260x190/201950.png","https://stats.nba.com/media/players/700/201950.png","https://ak-static.cms.nba.com/wp-content/uploads/headshots/nba/latest/260x190/201950.png"
"746",2025,"2024-25","NBA","Regular Season",2025-03-24,22401044,72,"Boston Celtics",1610612738,TRUE,FALSE,TRUE,"A","BOS @ SAC","BOS",0,1,"SAC","BOS","SAC","W","Kristaps Porziņģis",36,2,1,204001,TRUE,5,13,0.385,1,4,0.25,0.833,TRUE,4,9,0.444444444444444,31,5,6,1,7,8,2,1,2,0,4,16,6,37.6,"https://stats.nba.com/media/img/teams/logos/season/2024-25/BOS_logo.svg","https://stats.nba.com/player/204001","https://stats.nba.com/media/players/230x185/204001.png","https://ak-static.cms.nba.com/wp-content/uploads/headshots/nba/latest/260x190/204001.png","https://stats.nba.com/media/players/700/204001.png","https://ak-static.cms.nba.com/wp-content/uploads/headshots/nba/latest/260x190/204001.png"
"747",2025,"2024-25","NBA","Regular Season",2025-03-24,22401044,72,"Boston Celtics",1610612738,TRUE,FALSE,TRUE,"A","BOS @ SAC","BOS",0,1,"SAC","BOS","SAC","W","Jayson Tatum",66,0,4,1628369,TRUE,8,15,0.533,5,9,0.555555555555556,0.5,TRUE,3,6,0.5,26,4,8,0,7,7,8,0,0,3,1,25,13,42.4,"https://stats.nba.com/media/img/teams/logos/season/2024-25/BOS_logo.svg","https://stats.nba.com/player/1628369","https://ak-static.cms.nba.com/wp-content/uploads/headshots/nba/latest/260x190/1628369.png","https://ak-static.cms.nba.com/wp-content/uploads/headshots/nba/latest/260x190/1628369.png","https://stats.nba.com/media/players/700/1628369.png","https://ak-static.cms.nba.com/wp-content/uploads/headshots/nba/latest/260x190/1628369.png"
"748",2025,"2024-25","NBA","Regular Season",2025-03-24,22401044,72,"Boston Celtics",1610612738,TRUE,FALSE,TRUE,"A","BOS @ SAC","BOS",0,1,"SAC","BOS","SAC","W","Jordan Walsh",45,2,1,1641775,TRUE,0,1,0,0,1,0,NA,TRUE,0,0,0,1,0,0,0,0,0,0,0,0,0,0,0,0,0,"https://stats.nba.com/media/img/teams/logos/season/2024-25/BOS_logo.svg","https://stats.nba.com/player/1641775","https://ak-static.cms.nba.com/wp-content/uploads/headshots/nba/latest/260x190/1641775.png","https://ak-static.cms.nba.com/wp-content/uploads/headshots/nba/latest/260x190/1641775.png","https://stats.nba.com/media/players/700/1641775.png","https://stats.nba.com/media/img/league/nba-headshot-fallback.png"
"749",2025,"2024-25","NBA","Regular Season",2025-03-24,22401044,72,"Boston Celtics",1610612738,TRUE,FALSE,TRUE,"A","BOS @ SAC","BOS",0,1,"SAC","BOS","SAC","W","Luke Kornet",64,0,1,1628436,TRUE,6,7,0.857,0,0,0,0.5,TRUE,6,7,0.857142857142857,26,1,2,4,4,8,3,1,1,1,1,13,16,32.1,"https://stats.nba.com/media/img/teams/logos/season/2024-25/BOS_logo.svg","https://stats.nba.com/player/1628436","https://ak-static.cms.nba.com/wp-content/uploads/headshots/nba/latest/260x190/1628436.png","https://ak-static.cms.nba.com/wp-content/uploads/headshots/nba/latest/260x190/1628436.png","https://stats.nba.com/media/players/700/1628436.png","https://ak-static.cms.nba.com/wp-content/uploads/headshots/nba/latest/260x190/1628436.png"
"750",2025,"2024-25","NBA","Regular Season",2025-03-24,22401044,72,"Boston Celtics",1610612738,TRUE,FALSE,TRUE,"A","BOS @ SAC","BOS",0,1,"SAC","BOS","SAC","W","Neemias Queta",55,2,1,1629674,TRUE,1,1,1,0,0,0,NA,TRUE,1,1,1,1,0,0,1,1,2,0,0,0,0,0,2,0,4.4,"https://stats.nba.com/media/img/teams/logos/season/2024-25/BOS_logo.svg","https://stats.nba.com/player/1629674","https://ak-static.cms.nba.com/wp-content/uploads/headshots/nba/latest/260x190/1629674.png","https://ak-static.cms.nba.com/wp-content/uploads/headshots/nba/latest/260x190/1629674.png","https://stats.nba.com/media/players/700/1629674.png","https://stats.nba.com/media/img/league/nba-headshot-fallback.png"
"751",2025,"2024-25","NBA","Regular Season",2025-03-24,22401044,72,"Boston Celtics",1610612738,TRUE,FALSE,TRUE,"A","BOS @ SAC","BOS",0,1,"SAC","BOS","SAC","W","Baylor Scheierman",22,0,1,1631248,TRUE,3,6,0.5,3,6,0.5,NA,TRUE,0,0,0,28,0,0,2,5,7,1,2,1,0,0,9,17,27.9,"https://stats.nba.com/media/img/teams/logos/season/2024-25/BOS_logo.svg","https://stats.nba.com/player/1631248","https://ak-static.cms.nba.com/wp-content/uploads/headshots/nba/latest/260x190/1631248.png","https://ak-static.cms.nba.com/wp-content/uploads/headshots/nba/latest/260x190/1631248.png","https://stats.nba.com/media/players/700/1631248.png","https://stats.nba.com/media/img/league/nba-headshot-fallback.png"
"752",2025,"2024-25","NBA","Regular Season",2025-03-24,22401044,72,"Boston Celtics",1610612738,TRUE,FALSE,TRUE,"A","BOS @ SAC","BOS",0,1,"SAC","BOS","SAC","W","Jaylen Brown",57,8,1,1627759,TRUE,4,8,0.5,1,3,0.333333333333333,NA,TRUE,3,5,0.6,26,0,0,0,2,2,0,1,0,3,1,9,-1,11.4,"https://stats.nba.com/media/img/teams/logos/season/2024-25/BOS_logo.svg","https://stats.nba.com/player/1627759","https://stats.nba.com/media/players/230x185/1627759.png","https://ak-static.cms.nba.com/wp-content/uploads/headshots/nba/latest/260x190/1627759.png","https://stats.nba.com/media/players/700/1627759.png","https://ak-static.cms.nba.com/wp-content/uploads/headshots/nba/latest/260x190/1627759.png"
"753",2025,"2024-25","NBA","Regular Season",2025-03-24,22401044,72,"Boston Celtics",1610612738,TRUE,FALSE,TRUE,"A","BOS @ SAC","BOS",0,1,"SAC","BOS","SAC","W","Derrick White",68,0,1,1628401,TRUE,4,9,0.444,3,8,0.375,0.5,TRUE,1,1,1,33,1,2,0,5,5,8,2,0,1,4,12,5,35,"https://stats.nba.com/media/img/teams/logos/season/2024-25/BOS_logo.svg","https://stats.nba.com/player/1628401","https://ak-static.cms.nba.com/wp-content/uploads/headshots/nba/latest/260x190/1628401.png","https://ak-static.cms.nba.com/wp-content/uploads/headshots/nba/latest/260x190/1628401.png","https://stats.nba.com/media/players/700/1628401.png","https://ak-static.cms.nba.com/wp-content/uploads/headshots/nba/latest/260x190/1628401.png"
"754",2025,"2024-25","NBA","Regular Season",2025-03-24,22401044,72,"Boston Celtics",1610612738,TRUE,FALSE,TRUE,"A","BOS @ SAC","BOS",0,1,"SAC","BOS","SAC","W","Payton Pritchard",71,0,1,1630202,TRUE,8,18,0.444,5,13,0.384615384615385,0.5,TRUE,3,5,0.6,35,1,2,1,4,5,2,1,0,2,1,22,18,32,"https://stats.nba.com/media/img/teams/logos/season/2024-25/BOS_logo.svg","https://stats.nba.com/player/1630202","https://ak-static.cms.nba.com/wp-content/uploads/headshots/nba/latest/260x190/1630202.png","https://ak-static.cms.nba.com/wp-content/uploads/headshots/nba/latest/260x190/1630202.png","https://stats.nba.com/media/players/700/1630202.png","https://stats.nba.com/media/img/league/nba-headshot-fallback.png"
"755",2025,"2024-25","NBA","Regular Season",2025-03-26,22401058,73,"Boston Celtics",1610612738,FALSE,FALSE,FALSE,"A","BOS @ PHX","BOS",1,2,"PHX","BOS","PHX","W","Baylor Scheierman",23,1,2,1631248,TRUE,1,3,0.333,1,2,0.5,NA,TRUE,0,1,0,13,0,0,0,0,0,4,1,0,1,1,3,-6,11,"https://stats.nba.com/media/img/teams/logos/season/2024-25/BOS_logo.svg","https://stats.nba.com/player/1631248","https://ak-static.cms.nba.com/wp-content/uploads/headshots/nba/latest/260x190/1631248.png","https://ak-static.cms.nba.com/wp-content/uploads/headshots/nba/latest/260x190/1631248.png","https://stats.nba.com/media/players/700/1631248.png","https://stats.nba.com/media/img/league/nba-headshot-fallback.png"
"756",2025,"2024-25","NBA","Regular Season",2025-03-26,22401058,73,"Boston Celtics",1610612738,FALSE,FALSE,FALSE,"A","BOS @ PHX","BOS",1,2,"PHX","BOS","PHX","W","Al Horford",56,2,4,201143,TRUE,5,10,0.5,2,7,0.285714285714286,1,TRUE,3,3,1,26,4,4,4,6,10,5,1,2,0,1,16,24,44.5,"https://stats.nba.com/media/img/teams/logos/season/2024-25/BOS_logo.svg","https://stats.nba.com/player/201143","https://stats.nba.com/media/players/230x185/201143.png","https://ak-static.cms.nba.com/wp-content/uploads/headshots/nba/latest/260x190/201143.png","https://stats.nba.com/media/players/700/201143.png","https://ak-static.cms.nba.com/wp-content/uploads/headshots/nba/latest/260x190/201143.png"
"757",2025,"2024-25","NBA","Regular Season",2025-03-26,22401058,73,"Boston Celtics",1610612738,FALSE,FALSE,FALSE,"A","BOS @ PHX","BOS",1,2,"PHX","BOS","PHX","W","Jaylen Brown",58,1,2,1627759,TRUE,7,15,0.467,4,9,0.444444444444444,1,TRUE,3,6,0.5,28,6,6,0,3,3,5,1,0,1,4,24,24,37.1,"https://stats.nba.com/media/img/teams/logos/season/2024-25/BOS_logo.svg","https://stats.nba.com/player/1627759","https://stats.nba.com/media/players/230x185/1627759.png","https://ak-static.cms.nba.com/wp-content/uploads/headshots/nba/latest/260x190/1627759.png","https://stats.nba.com/media/players/700/1627759.png","https://ak-static.cms.nba.com/wp-content/uploads/headshots/nba/latest/260x190/1627759.png"
"758",2025,"2024-25","NBA","Regular Season",2025-03-26,22401058,73,"Boston Celtics",1610612738,FALSE,FALSE,FALSE,"A","BOS @ PHX","BOS",1,2,"PHX","BOS","PHX","W","Payton Pritchard",72,1,4,1630202,TRUE,3,10,0.3,1,8,0.125,NA,TRUE,2,2,1,25,0,0,1,5,6,4,1,0,2,2,7,3,21.2,"https://stats.nba.com/media/img/teams/logos/season/2024-25/BOS_logo.svg","https://stats.nba.com/player/1630202","https://ak-static.cms.nba.com/wp-content/uploads/headshots/nba/latest/260x190/1630202.png","https://ak-static.cms.nba.com/wp-content/uploads/headshots/nba/latest/260x190/1630202.png","https://stats.nba.com/media/players/700/1630202.png","https://stats.nba.com/media/img/league/nba-headshot-fallback.png"
"759",2025,"2024-25","NBA","Regular Season",2025-03-26,22401058,73,"Boston Celtics",1610612738,FALSE,FALSE,FALSE,"A","BOS @ PHX","BOS",1,2,"PHX","BOS","PHX","W","Neemias Queta",56,1,6,1629674,TRUE,2,4,0.5,0,0,0,NA,TRUE,2,4,0.5,6,0,0,2,1,3,0,0,0,1,0,4,-3,6.6,"https://stats.nba.com/media/img/teams/logos/season/2024-25/BOS_logo.svg","https://stats.nba.com/player/1629674","https://ak-static.cms.nba.com/wp-content/uploads/headshots/nba/latest/260x190/1629674.png","https://ak-static.cms.nba.com/wp-content/uploads/headshots/nba/latest/260x190/1629674.png","https://stats.nba.com/media/players/700/1629674.png","https://stats.nba.com/media/img/league/nba-headshot-fallback.png"
"760",2025,"2024-25","NBA","Regular Season",2025-03-26,22401058,73,"Boston Celtics",1610612738,FALSE,FALSE,FALSE,"A","BOS @ PHX","BOS",1,2,"PHX","BOS","PHX","W","Torrey Craig",21,2,6,1628470,TRUE,1,1,1,1,1,1,NA,TRUE,0,0,0,6,0,0,0,3,3,0,0,0,0,1,3,-3,6.6,"https://stats.nba.com/media/img/teams/logos/season/2024-25/BOS_logo.svg","https://stats.nba.com/player/1628470","https://ak-static.cms.nba.com/wp-content/uploads/headshots/nba/latest/260x190/1628470.png","https://ak-static.cms.nba.com/wp-content/uploads/headshots/nba/latest/260x190/1628470.png","https://stats.nba.com/media/players/700/1628470.png","https://ak-static.cms.nba.com/wp-content/uploads/headshots/nba/latest/260x190/1628470.png"
"761",2025,"2024-25","NBA","Regular Season",2025-03-26,22401058,73,"Boston Celtics",1610612738,FALSE,FALSE,FALSE,"A","BOS @ PHX","BOS",1,2,"PHX","BOS","PHX","W","Jordan Walsh",46,1,6,1641775,TRUE,0,2,0,0,1,0,NA,TRUE,0,1,0,6,0,0,0,1,1,0,0,1,1,0,0,-3,3.2,"https://stats.nba.com/media/img/teams/logos/season/2024-25/BOS_logo.svg","https://stats.nba.com/player/1641775","https://ak-static.cms.nba.com/wp-content/uploads/headshots/nba/latest/260x190/1641775.png","https://ak-static.cms.nba.com/wp-content/uploads/headshots/nba/latest/260x190/1641775.png","https://stats.nba.com/media/players/700/1641775.png","https://stats.nba.com/media/img/league/nba-headshot-fallback.png"
"762",2025,"2024-25","NBA","Regular Season",2025-03-26,22401058,73,"Boston Celtics",1610612738,FALSE,FALSE,FALSE,"A","BOS @ PHX","BOS",1,2,"PHX","BOS","PHX","W","Kristaps Porziņģis",37,1,2,204001,TRUE,10,15,0.667,4,5,0.8,0.75,TRUE,6,10,0.6,29,6,8,4,4,8,2,0,2,2,3,30,27,46.6,"https://stats.nba.com/media/img/teams/logos/season/2024-25/BOS_logo.svg","https://stats.nba.com/player/204001","https://stats.nba.com/media/players/230x185/204001.png","https://ak-static.cms.nba.com/wp-content/uploads/headshots/nba/latest/260x190/204001.png","https://stats.nba.com/media/players/700/204001.png","https://ak-static.cms.nba.com/wp-content/uploads/headshots/nba/latest/260x190/204001.png"
"763",2025,"2024-25","NBA","Regular Season",2025-03-26,22401058,73,"Boston Celtics",1610612738,FALSE,FALSE,FALSE,"A","BOS @ PHX","BOS",1,2,"PHX","BOS","PHX","W","Derrick White",69,1,2,1628401,TRUE,5,11,0.455,4,10,0.4,1,TRUE,1,1,1,31,2,2,0,4,4,7,0,0,2,4,16,34,29.3,"https://stats.nba.com/media/img/teams/logos/season/2024-25/BOS_logo.svg","https://stats.nba.com/player/1628401","https://ak-static.cms.nba.com/wp-content/uploads/headshots/nba/latest/260x190/1628401.png","https://ak-static.cms.nba.com/wp-content/uploads/headshots/nba/latest/260x190/1628401.png","https://stats.nba.com/media/players/700/1628401.png","https://ak-static.cms.nba.com/wp-content/uploads/headshots/nba/latest/260x190/1628401.png"
"764",2025,"2024-25","NBA","Regular Season",2025-03-26,22401058,73,"Boston Celtics",1610612738,FALSE,FALSE,FALSE,"A","BOS @ PHX","BOS",1,2,"PHX","BOS","PHX","W","Luke Kornet",65,1,2,1628436,TRUE,1,3,0.333,0,0,0,NA,TRUE,1,3,0.333333333333333,18,0,0,0,5,5,0,0,2,0,0,2,15,14,"https://stats.nba.com/media/img/teams/logos/season/2024-25/BOS_logo.svg","https://stats.nba.com/player/1628436","https://ak-static.cms.nba.com/wp-content/uploads/headshots/nba/latest/260x190/1628436.png","https://ak-static.cms.nba.com/wp-content/uploads/headshots/nba/latest/260x190/1628436.png","https://stats.nba.com/media/players/700/1628436.png","https://ak-static.cms.nba.com/wp-content/uploads/headshots/nba/latest/260x190/1628436.png"
"765",2025,"2024-25","NBA","Regular Season",2025-03-26,22401058,73,"Boston Celtics",1610612738,FALSE,FALSE,FALSE,"A","BOS @ PHX","BOS",1,2,"PHX","BOS","PHX","W","Jrue Holiday",56,1,2,201950,TRUE,6,10,0.6,2,5,0.4,1,TRUE,4,5,0.8,30,2,2,0,2,2,3,1,0,0,1,16,28,25.9,"https://stats.nba.com/media/img/teams/logos/season/2024-25/BOS_logo.svg","https://stats.nba.com/player/201950","https://stats.nba.com/media/players/230x185/201950.png","https://ak-static.cms.nba.com/wp-content/uploads/headshots/nba/latest/260x190/201950.png","https://stats.nba.com/media/players/700/201950.png","https://ak-static.cms.nba.com/wp-content/uploads/headshots/nba/latest/260x190/201950.png"
"766",2025,"2024-25","NBA","Regular Season",2025-03-26,22401058,73,"Boston Celtics",1610612738,FALSE,FALSE,FALSE,"A","BOS @ PHX","BOS",1,2,"PHX","BOS","PHX","W","Sam Hauser",62,2,2,1630573,TRUE,4,5,0.8,3,4,0.75,NA,TRUE,1,1,1,21,0,0,0,3,3,3,3,0,0,1,11,10,28.1,"https://stats.nba.com/media/img/teams/logos/season/2024-25/BOS_logo.svg","https://stats.nba.com/player/1630573","https://ak-static.cms.nba.com/wp-content/uploads/headshots/nba/latest/260x190/1630573.png","https://ak-static.cms.nba.com/wp-content/uploads/headshots/nba/latest/260x190/1630573.png","https://stats.nba.com/media/players/700/1630573.png","https://stats.nba.com/media/img/league/nba-headshot-fallback.png"
"767",2025,"2024-25","NBA","Regular Season",2025-03-29,22401080,74,"Boston Celtics",1610612738,FALSE,FALSE,FALSE,"A","BOS @ SAS","BOS",2,1,"SAS","BOS","SAS","W","Sam Hauser",63,2,1,1630573,TRUE,4,13,0.308,3,11,0.272727272727273,NA,TRUE,1,2,0.5,24,0,0,1,1,2,1,1,0,0,2,11,-1,17.9,"https://stats.nba.com/media/img/teams/logos/season/2024-25/BOS_logo.svg","https://stats.nba.com/player/1630573","https://ak-static.cms.nba.com/wp-content/uploads/headshots/nba/latest/260x190/1630573.png","https://ak-static.cms.nba.com/wp-content/uploads/headshots/nba/latest/260x190/1630573.png","https://stats.nba.com/media/players/700/1630573.png","https://stats.nba.com/media/img/league/nba-headshot-fallback.png"
"768",2025,"2024-25","NBA","Regular Season",2025-03-29,22401080,74,"Boston Celtics",1610612738,FALSE,FALSE,FALSE,"A","BOS @ SAS","BOS",2,1,"SAS","BOS","SAS","W","Baylor Scheierman",24,2,1,1631248,TRUE,2,4,0.5,2,4,0.5,0.5,TRUE,0,0,0,19,1,2,1,1,2,2,0,0,1,1,7,0,11.4,"https://stats.nba.com/media/img/teams/logos/season/2024-25/BOS_logo.svg","https://stats.nba.com/player/1631248","https://ak-static.cms.nba.com/wp-content/uploads/headshots/nba/latest/260x190/1631248.png","https://ak-static.cms.nba.com/wp-content/uploads/headshots/nba/latest/260x190/1631248.png","https://stats.nba.com/media/players/700/1631248.png","https://stats.nba.com/media/img/league/nba-headshot-fallback.png"
"769",2025,"2024-25","NBA","Regular Season",2025-03-29,22401080,74,"Boston Celtics",1610612738,FALSE,FALSE,FALSE,"A","BOS @ SAS","BOS",2,1,"SAS","BOS","SAS","W","Derrick White",70,2,1,1628401,TRUE,4,13,0.308,3,12,0.25,0.667,TRUE,1,1,1,40,2,3,1,7,8,6,0,1,2,1,13,10,32.6,"https://stats.nba.com/media/img/teams/logos/season/2024-25/BOS_logo.svg","https://stats.nba.com/player/1628401","https://ak-static.cms.nba.com/wp-content/uploads/headshots/nba/latest/260x190/1628401.png","https://ak-static.cms.nba.com/wp-content/uploads/headshots/nba/latest/260x190/1628401.png","https://stats.nba.com/media/players/700/1628401.png","https://ak-static.cms.nba.com/wp-content/uploads/headshots/nba/latest/260x190/1628401.png"
"770",2025,"2024-25","NBA","Regular Season",2025-03-29,22401080,74,"Boston Celtics",1610612738,FALSE,FALSE,FALSE,"A","BOS @ SAS","BOS",2,1,"SAS","BOS","SAS","W","Kristaps Porziņģis",38,2,1,204001,TRUE,4,11,0.364,1,4,0.25,1,TRUE,3,7,0.428571428571429,25,2,2,3,5,8,1,0,2,3,5,11,-3,25.1,"https://stats.nba.com/media/img/teams/logos/season/2024-25/BOS_logo.svg","https://stats.nba.com/player/204001","https://stats.nba.com/media/players/230x185/204001.png","https://ak-static.cms.nba.com/wp-content/uploads/headshots/nba/latest/260x190/204001.png","https://stats.nba.com/media/players/700/204001.png","https://ak-static.cms.nba.com/wp-content/uploads/headshots/nba/latest/260x190/204001.png"
"771",2025,"2024-25","NBA","Regular Season",2025-03-29,22401080,74,"Boston Celtics",1610612738,FALSE,FALSE,FALSE,"A","BOS @ SAS","BOS",2,1,"SAS","BOS","SAS","W","Jaylen Brown",59,2,3,1627759,TRUE,6,9,0.667,1,4,0.25,0.5,TRUE,5,5,1,30,1,2,0,2,2,4,0,0,2,3,14,0,20.4,"https://stats.nba.com/media/img/teams/logos/season/2024-25/BOS_logo.svg","https://stats.nba.com/player/1627759","https://stats.nba.com/media/players/230x185/1627759.png","https://ak-static.cms.nba.com/wp-content/uploads/headshots/nba/latest/260x190/1627759.png","https://stats.nba.com/media/players/700/1627759.png","https://ak-static.cms.nba.com/wp-content/uploads/headshots/nba/latest/260x190/1627759.png"
"772",2025,"2024-25","NBA","Regular Season",2025-03-29,22401080,74,"Boston Celtics",1610612738,FALSE,FALSE,FALSE,"A","BOS @ SAS","BOS",2,1,"SAS","BOS","SAS","W","Jayson Tatum",67,4,1,1628369,TRUE,10,22,0.455,2,9,0.222222222222222,1,TRUE,8,13,0.615384615384615,36,7,7,1,9,10,8,0,1,1,1,29,9,55,"https://stats.nba.com/media/img/teams/logos/season/2024-25/BOS_logo.svg","https://stats.nba.com/player/1628369","https://ak-static.cms.nba.com/wp-content/uploads/headshots/nba/latest/260x190/1628369.png","https://ak-static.cms.nba.com/wp-content/uploads/headshots/nba/latest/260x190/1628369.png","https://stats.nba.com/media/players/700/1628369.png","https://ak-static.cms.nba.com/wp-content/uploads/headshots/nba/latest/260x190/1628369.png"
"773",2025,"2024-25","NBA","Regular Season",2025-03-29,22401080,74,"Boston Celtics",1610612738,FALSE,FALSE,FALSE,"A","BOS @ SAS","BOS",2,1,"SAS","BOS","SAS","W","Luke Kornet",66,2,3,1628436,TRUE,7,10,0.7,0,0,0,0.5,TRUE,7,10,0.7,31,1,2,7,9,16,4,1,0,0,3,15,21,43.2,"https://stats.nba.com/media/img/teams/logos/season/2024-25/BOS_logo.svg","https://stats.nba.com/player/1628436","https://ak-static.cms.nba.com/wp-content/uploads/headshots/nba/latest/260x190/1628436.png","https://ak-static.cms.nba.com/wp-content/uploads/headshots/nba/latest/260x190/1628436.png","https://stats.nba.com/media/players/700/1628436.png","https://ak-static.cms.nba.com/wp-content/uploads/headshots/nba/latest/260x190/1628436.png"
"774",2025,"2024-25","NBA","Regular Season",2025-03-29,22401080,74,"Boston Celtics",1610612738,FALSE,FALSE,FALSE,"A","BOS @ SAS","BOS",2,1,"SAS","BOS","SAS","W","Jrue Holiday",57,2,1,201950,TRUE,8,12,0.667,5,7,0.714285714285714,NA,TRUE,3,5,0.6,35,0,0,1,5,6,6,0,0,0,2,21,14,37.2,"https://stats.nba.com/media/img/teams/logos/season/2024-25/BOS_logo.svg","https://stats.nba.com/player/201950","https://stats.nba.com/media/players/230x185/201950.png","https://ak-static.cms.nba.com/wp-content/uploads/headshots/nba/latest/260x190/201950.png","https://stats.nba.com/media/players/700/201950.png","https://ak-static.cms.nba.com/wp-content/uploads/headshots/nba/latest/260x190/201950.png"
"775",2025,"2024-25","NBA","Regular Season",2025-03-31,22401093,75,"Boston Celtics",1610612738,FALSE,FALSE,FALSE,"A","BOS @ MEM","BOS",1,1,"MEM","BOS","MEM","W","Kristaps Porziņģis",39,1,3,204001,TRUE,7,14,0.5,3,5,0.6,0.667,TRUE,4,9,0.444444444444444,34,2,3,3,2,5,5,0,0,3,2,19,29,29.5,"https://stats.nba.com/media/img/teams/logos/season/2024-25/BOS_logo.svg","https://stats.nba.com/player/204001","https://stats.nba.com/media/players/230x185/204001.png","https://ak-static.cms.nba.com/wp-content/uploads/headshots/nba/latest/260x190/204001.png","https://stats.nba.com/media/players/700/204001.png","https://ak-static.cms.nba.com/wp-content/uploads/headshots/nba/latest/260x190/204001.png"
"776",2025,"2024-25","NBA","Regular Season",2025-03-31,22401093,75,"Boston Celtics",1610612738,FALSE,FALSE,FALSE,"A","BOS @ MEM","BOS",1,1,"MEM","BOS","MEM","W","Jayson Tatum",68,1,1,1628369,TRUE,10,24,0.417,2,11,0.181818181818182,1,TRUE,8,13,0.615384615384615,38,3,3,2,12,14,2,0,1,4,0,25,9,43.8,"https://stats.nba.com/media/img/teams/logos/season/2024-25/BOS_logo.svg","https://stats.nba.com/player/1628369","https://ak-static.cms.nba.com/wp-content/uploads/headshots/nba/latest/260x190/1628369.png","https://ak-static.cms.nba.com/wp-content/uploads/headshots/nba/latest/260x190/1628369.png","https://stats.nba.com/media/players/700/1628369.png","https://ak-static.cms.nba.com/wp-content/uploads/headshots/nba/latest/260x190/1628369.png"
"777",2025,"2024-25","NBA","Regular Season",2025-03-31,22401093,75,"Boston Celtics",1610612738,FALSE,FALSE,FALSE,"A","BOS @ MEM","BOS",1,1,"MEM","BOS","MEM","W","Payton Pritchard",73,4,1,1630202,TRUE,2,6,0.333,1,5,0.2,NA,TRUE,1,1,1,26,0,0,2,4,6,1,1,0,1,3,5,-6,15.7,"https://stats.nba.com/media/img/teams/logos/season/2024-25/BOS_logo.svg","https://stats.nba.com/player/1630202","https://ak-static.cms.nba.com/wp-content/uploads/headshots/nba/latest/260x190/1630202.png","https://ak-static.cms.nba.com/wp-content/uploads/headshots/nba/latest/260x190/1630202.png","https://stats.nba.com/media/players/700/1630202.png","https://stats.nba.com/media/img/league/nba-headshot-fallback.png"
"778",2025,"2024-25","NBA","Regular Season",2025-03-31,22401093,75,"Boston Celtics",1610612738,FALSE,FALSE,FALSE,"A","BOS @ MEM","BOS",1,1,"MEM","BOS","MEM","W","Sam Hauser",64,1,1,1630573,TRUE,2,6,0.333,2,6,0.333333333333333,1,TRUE,0,0,0,25,2,2,0,3,3,3,1,0,0,1,8,-2,19.1,"https://stats.nba.com/media/img/teams/logos/season/2024-25/BOS_logo.svg","https://stats.nba.com/player/1630573","https://ak-static.cms.nba.com/wp-content/uploads/headshots/nba/latest/260x190/1630573.png","https://ak-static.cms.nba.com/wp-content/uploads/headshots/nba/latest/260x190/1630573.png","https://stats.nba.com/media/players/700/1630573.png","https://stats.nba.com/media/img/league/nba-headshot-fallback.png"
"779",2025,"2024-25","NBA","Regular Season",2025-03-31,22401093,75,"Boston Celtics",1610612738,FALSE,FALSE,FALSE,"A","BOS @ MEM","BOS",1,1,"MEM","BOS","MEM","W","Baylor Scheierman",25,1,1,1631248,TRUE,0,0,NA,0,0,0,NA,TRUE,0,0,0,6,0,0,0,0,0,0,0,0,0,0,0,-7,0,"https://stats.nba.com/media/img/teams/logos/season/2024-25/BOS_logo.svg","https://stats.nba.com/player/1631248","https://ak-static.cms.nba.com/wp-content/uploads/headshots/nba/latest/260x190/1631248.png","https://ak-static.cms.nba.com/wp-content/uploads/headshots/nba/latest/260x190/1631248.png","https://stats.nba.com/media/players/700/1631248.png","https://stats.nba.com/media/img/league/nba-headshot-fallback.png"
"780",2025,"2024-25","NBA","Regular Season",2025-03-31,22401093,75,"Boston Celtics",1610612738,FALSE,FALSE,FALSE,"A","BOS @ MEM","BOS",1,1,"MEM","BOS","MEM","W","Derrick White",71,1,1,1628401,TRUE,4,13,0.308,3,11,0.272727272727273,1,TRUE,1,2,0.5,36,3,3,1,7,8,10,0,2,1,2,14,19,43.6,"https://stats.nba.com/media/img/teams/logos/season/2024-25/BOS_logo.svg","https://stats.nba.com/player/1628401","https://ak-static.cms.nba.com/wp-content/uploads/headshots/nba/latest/260x190/1628401.png","https://ak-static.cms.nba.com/wp-content/uploads/headshots/nba/latest/260x190/1628401.png","https://stats.nba.com/media/players/700/1628401.png","https://ak-static.cms.nba.com/wp-content/uploads/headshots/nba/latest/260x190/1628401.png"
"781",2025,"2024-25","NBA","Regular Season",2025-03-31,22401093,75,"Boston Celtics",1610612738,FALSE,FALSE,FALSE,"A","BOS @ MEM","BOS",1,1,"MEM","BOS","MEM","W","Al Horford",57,4,3,201143,TRUE,9,18,0.5,6,13,0.461538461538462,1,TRUE,3,5,0.6,37,2,2,2,6,8,2,0,0,1,2,26,13,37.6,"https://stats.nba.com/media/img/teams/logos/season/2024-25/BOS_logo.svg","https://stats.nba.com/player/201143","https://stats.nba.com/media/players/230x185/201143.png","https://ak-static.cms.nba.com/wp-content/uploads/headshots/nba/latest/260x190/201143.png","https://stats.nba.com/media/players/700/201143.png","https://ak-static.cms.nba.com/wp-content/uploads/headshots/nba/latest/260x190/201143.png"
"782",2025,"2024-25","NBA","Regular Season",2025-03-31,22401093,75,"Boston Celtics",1610612738,FALSE,FALSE,FALSE,"A","BOS @ MEM","BOS",1,1,"MEM","BOS","MEM","W","Jrue Holiday",58,1,3,201950,TRUE,5,10,0.5,4,6,0.666666666666667,1,TRUE,1,4,0.25,31,4,4,1,6,7,7,1,0,1,0,18,21,38.9,"https://stats.nba.com/media/img/teams/logos/season/2024-25/BOS_logo.svg","https://stats.nba.com/player/201950","https://stats.nba.com/media/players/230x185/201950.png","https://ak-static.cms.nba.com/wp-content/uploads/headshots/nba/latest/260x190/201950.png","https://stats.nba.com/media/players/700/201950.png","https://ak-static.cms.nba.com/wp-content/uploads/headshots/nba/latest/260x190/201950.png"
"783",2025,"2024-25","NBA","Regular Season",2025-03-31,22401093,75,"Boston Celtics",1610612738,FALSE,FALSE,FALSE,"A","BOS @ MEM","BOS",1,1,"MEM","BOS","MEM","W","Xavier Tillman",30,24,3,1630214,TRUE,0,5,0,0,5,0,1,TRUE,0,0,0,8,2,2,1,2,3,0,1,0,1,1,2,-6,7.6,"https://stats.nba.com/media/img/teams/logos/season/2024-25/BOS_logo.svg","https://stats.nba.com/player/1630214","https://ak-static.cms.nba.com/wp-content/uploads/headshots/nba/latest/260x190/1630214.png","https://ak-static.cms.nba.com/wp-content/uploads/headshots/nba/latest/260x190/1630214.png","https://stats.nba.com/media/players/700/1630214.png","https://stats.nba.com/media/img/league/nba-headshot-fallback.png"
"784",2025,"2024-25","NBA","Regular Season",2025-04-02,22401106,76,"Boston Celtics",1610612738,FALSE,FALSE,FALSE,"H","BOS vs. MIA","BOS",1,1,"MIA","MIA","BOS","L","Sam Hauser",65,1,1,1630573,FALSE,2,5,0.4,2,5,0.4,NA,TRUE,0,0,0,26,0,0,1,2,3,0,0,0,0,4,6,-12,9.6,"https://stats.nba.com/media/img/teams/logos/season/2024-25/BOS_logo.svg","https://stats.nba.com/player/1630573","https://ak-static.cms.nba.com/wp-content/uploads/headshots/nba/latest/260x190/1630573.png","https://ak-static.cms.nba.com/wp-content/uploads/headshots/nba/latest/260x190/1630573.png","https://stats.nba.com/media/players/700/1630573.png","https://stats.nba.com/media/img/league/nba-headshot-fallback.png"
"785",2025,"2024-25","NBA","Regular Season",2025-04-02,22401106,76,"Boston Celtics",1610612738,FALSE,FALSE,FALSE,"H","BOS vs. MIA","BOS",1,1,"MIA","MIA","BOS","L","Jaylen Brown",60,3,1,1627759,FALSE,10,20,0.5,2,6,0.333333333333333,0.667,TRUE,8,14,0.571428571428571,29,2,3,2,7,9,4,0,0,3,2,24,-1,37.8,"https://stats.nba.com/media/img/teams/logos/season/2024-25/BOS_logo.svg","https://stats.nba.com/player/1627759","https://stats.nba.com/media/players/230x185/1627759.png","https://ak-static.cms.nba.com/wp-content/uploads/headshots/nba/latest/260x190/1627759.png","https://stats.nba.com/media/players/700/1627759.png","https://ak-static.cms.nba.com/wp-content/uploads/headshots/nba/latest/260x190/1627759.png"
"786",2025,"2024-25","NBA","Regular Season",2025-04-02,22401106,76,"Boston Celtics",1610612738,FALSE,FALSE,FALSE,"H","BOS vs. MIA","BOS",1,1,"MIA","MIA","BOS","L","Derrick White",72,1,1,1628401,FALSE,5,11,0.455,2,7,0.285714285714286,0.8,TRUE,3,4,0.75,31,4,5,2,2,4,6,1,2,4,0,16,-13,34.8,"https://stats.nba.com/media/img/teams/logos/season/2024-25/BOS_logo.svg","https://stats.nba.com/player/1628401","https://ak-static.cms.nba.com/wp-content/uploads/headshots/nba/latest/260x190/1628401.png","https://ak-static.cms.nba.com/wp-content/uploads/headshots/nba/latest/260x190/1628401.png","https://stats.nba.com/media/players/700/1628401.png","https://ak-static.cms.nba.com/wp-content/uploads/headshots/nba/latest/260x190/1628401.png"
"787",2025,"2024-25","NBA","Regular Season",2025-04-02,22401106,76,"Boston Celtics",1610612738,FALSE,FALSE,FALSE,"H","BOS vs. MIA","BOS",1,1,"MIA","MIA","BOS","L","Neemias Queta",57,6,1,1629674,FALSE,3,3,1,0,0,0,1,TRUE,3,3,1,19,1,1,2,5,7,2,0,1,0,2,7,-15,21.4,"https://stats.nba.com/media/img/teams/logos/season/2024-25/BOS_logo.svg","https://stats.nba.com/player/1629674","https://ak-static.cms.nba.com/wp-content/uploads/headshots/nba/latest/260x190/1629674.png","https://ak-static.cms.nba.com/wp-content/uploads/headshots/nba/latest/260x190/1629674.png","https://stats.nba.com/media/players/700/1629674.png","https://stats.nba.com/media/img/league/nba-headshot-fallback.png"
"788",2025,"2024-25","NBA","Regular Season",2025-04-02,22401106,76,"Boston Celtics",1610612738,FALSE,FALSE,FALSE,"H","BOS vs. MIA","BOS",1,1,"MIA","MIA","BOS","L","Torrey Craig",22,6,3,1628470,FALSE,1,5,0.2,0,3,0,NA,TRUE,1,2,0.5,19,0,0,2,1,3,0,0,1,0,2,2,-23,8.6,"https://stats.nba.com/media/img/teams/logos/season/2024-25/BOS_logo.svg","https://stats.nba.com/player/1628470","https://ak-static.cms.nba.com/wp-content/uploads/headshots/nba/latest/260x190/1628470.png","https://ak-static.cms.nba.com/wp-content/uploads/headshots/nba/latest/260x190/1628470.png","https://stats.nba.com/media/players/700/1628470.png","https://ak-static.cms.nba.com/wp-content/uploads/headshots/nba/latest/260x190/1628470.png"
"789",2025,"2024-25","NBA","Regular Season",2025-04-02,22401106,76,"Boston Celtics",1610612738,FALSE,FALSE,FALSE,"H","BOS vs. MIA","BOS",1,1,"MIA","MIA","BOS","L","Payton Pritchard",74,1,1,1630202,FALSE,4,9,0.444,2,6,0.333333333333333,NA,TRUE,2,3,0.666666666666667,31,0,0,2,2,4,2,0,1,1,0,10,-7,19.8,"https://stats.nba.com/media/img/teams/logos/season/2024-25/BOS_logo.svg","https://stats.nba.com/player/1630202","https://ak-static.cms.nba.com/wp-content/uploads/headshots/nba/latest/260x190/1630202.png","https://ak-static.cms.nba.com/wp-content/uploads/headshots/nba/latest/260x190/1630202.png","https://stats.nba.com/media/players/700/1630202.png","https://stats.nba.com/media/img/league/nba-headshot-fallback.png"
"790",2025,"2024-25","NBA","Regular Season",2025-04-02,22401106,76,"Boston Celtics",1610612738,FALSE,FALSE,FALSE,"H","BOS vs. MIA","BOS",1,1,"MIA","MIA","BOS","L","Jordan Walsh",47,6,1,1641775,FALSE,0,1,0,0,1,0,NA,TRUE,0,0,0,5,0,0,0,0,0,0,0,0,1,0,0,-6,-1,"https://stats.nba.com/media/img/teams/logos/season/2024-25/BOS_logo.svg","https://stats.nba.com/player/1641775","https://ak-static.cms.nba.com/wp-content/uploads/headshots/nba/latest/260x190/1641775.png","https://ak-static.cms.nba.com/wp-content/uploads/headshots/nba/latest/260x190/1641775.png","https://stats.nba.com/media/players/700/1641775.png","https://stats.nba.com/media/img/league/nba-headshot-fallback.png"
"791",2025,"2024-25","NBA","Regular Season",2025-04-02,22401106,76,"Boston Celtics",1610612738,FALSE,FALSE,FALSE,"H","BOS vs. MIA","BOS",1,1,"MIA","MIA","BOS","L","JD Davison",13,8,6,1631120,FALSE,1,2,0.5,0,1,0,NA,TRUE,1,1,1,5,0,0,0,1,1,1,0,1,2,0,2,-6,5.7,"https://stats.nba.com/media/img/teams/logos/season/2024-25/BOS_logo.svg","https://stats.nba.com/player/1631120","https://ak-static.cms.nba.com/wp-content/uploads/headshots/nba/latest/260x190/1631120.png","https://ak-static.cms.nba.com/wp-content/uploads/headshots/nba/latest/260x190/1631120.png","https://stats.nba.com/media/players/700/1631120.png","https://stats.nba.com/media/img/league/nba-headshot-fallback.png"
"792",2025,"2024-25","NBA","Regular Season",2025-04-02,22401106,76,"Boston Celtics",1610612738,FALSE,FALSE,FALSE,"H","BOS vs. MIA","BOS",1,1,"MIA","MIA","BOS","L","Baylor Scheierman",26,1,1,1631248,FALSE,1,3,0.333,1,3,0.333333333333333,NA,TRUE,0,0,0,17,0,0,2,1,3,0,1,0,0,0,3,-8,9.6,"https://stats.nba.com/media/img/teams/logos/season/2024-25/BOS_logo.svg","https://stats.nba.com/player/1631248","https://ak-static.cms.nba.com/wp-content/uploads/headshots/nba/latest/260x190/1631248.png","https://ak-static.cms.nba.com/wp-content/uploads/headshots/nba/latest/260x190/1631248.png","https://stats.nba.com/media/players/700/1631248.png","https://stats.nba.com/media/img/league/nba-headshot-fallback.png"
"793",2025,"2024-25","NBA","Regular Season",2025-04-02,22401106,76,"Boston Celtics",1610612738,FALSE,FALSE,FALSE,"H","BOS vs. MIA","BOS",1,1,"MIA","MIA","BOS","L","Luke Kornet",67,3,1,1628436,FALSE,7,9,0.778,0,0,0,NA,TRUE,7,9,0.777777777777778,21,0,0,6,0,6,2,0,0,0,3,14,3,24.2,"https://stats.nba.com/media/img/teams/logos/season/2024-25/BOS_logo.svg","https://stats.nba.com/player/1628436","https://ak-static.cms.nba.com/wp-content/uploads/headshots/nba/latest/260x190/1628436.png","https://ak-static.cms.nba.com/wp-content/uploads/headshots/nba/latest/260x190/1628436.png","https://stats.nba.com/media/players/700/1628436.png","https://ak-static.cms.nba.com/wp-content/uploads/headshots/nba/latest/260x190/1628436.png"
"794",2025,"2024-25","NBA","Regular Season",2025-04-02,22401106,76,"Boston Celtics",1610612738,FALSE,FALSE,FALSE,"H","BOS vs. MIA","BOS",1,1,"MIA","MIA","BOS","L","Drew Peterson",21,8,1,1641809,FALSE,1,2,0.5,1,2,0.5,NA,TRUE,0,0,0,5,0,0,0,0,0,0,0,0,0,1,3,-6,3,"https://stats.nba.com/media/img/teams/logos/season/2024-25/BOS_logo.svg","https://stats.nba.com/player/1641809","https://ak-static.cms.nba.com/wp-content/uploads/headshots/nba/latest/260x190/1641809.png","https://ak-static.cms.nba.com/wp-content/uploads/headshots/nba/latest/260x190/1641809.png","https://stats.nba.com/media/players/700/1641809.png","https://stats.nba.com/media/img/league/nba-headshot-fallback.png"
"795",2025,"2024-25","NBA","Regular Season",2025-04-02,22401106,76,"Boston Celtics",1610612738,FALSE,FALSE,FALSE,"H","BOS vs. MIA","BOS",1,1,"MIA","MIA","BOS","L","Jayson Tatum",69,1,1,1628369,FALSE,4,17,0.235,2,9,0.222222222222222,0.857,TRUE,2,8,0.25,32,6,7,0,3,3,7,1,0,2,3,16,-11,31.1,"https://stats.nba.com/media/img/teams/logos/season/2024-25/BOS_logo.svg","https://stats.nba.com/player/1628369","https://ak-static.cms.nba.com/wp-content/uploads/headshots/nba/latest/260x190/1628369.png","https://ak-static.cms.nba.com/wp-content/uploads/headshots/nba/latest/260x190/1628369.png","https://stats.nba.com/media/players/700/1628369.png","https://ak-static.cms.nba.com/wp-content/uploads/headshots/nba/latest/260x190/1628369.png"
"796",2025,"2024-25","NBA","Regular Season",2025-04-04,22401120,77,"Boston Celtics",1610612738,FALSE,FALSE,FALSE,"H","BOS vs. PHX","BOS",1,1,"PHX","BOS","PHX","W","Al Horford",58,3,1,201143,TRUE,3,5,0.6,1,3,0.333333333333333,NA,TRUE,2,2,1,25,0,0,0,3,3,2,0,1,0,1,7,-7,16.6,"https://stats.nba.com/media/img/teams/logos/season/2024-25/BOS_logo.svg","https://stats.nba.com/player/201143","https://stats.nba.com/media/players/230x185/201143.png","https://ak-static.cms.nba.com/wp-content/uploads/headshots/nba/latest/260x190/201143.png","https://stats.nba.com/media/players/700/201143.png","https://ak-static.cms.nba.com/wp-content/uploads/headshots/nba/latest/260x190/201143.png"
"797",2025,"2024-25","NBA","Regular Season",2025-04-04,22401120,77,"Boston Celtics",1610612738,FALSE,FALSE,FALSE,"H","BOS vs. PHX","BOS",1,1,"PHX","BOS","PHX","W","Jayson Tatum",70,1,3,1628369,TRUE,9,18,0.5,1,8,0.125,0.8,TRUE,8,10,0.8,35,4,5,0,8,8,8,1,1,2,2,23,12,48.6,"https://stats.nba.com/media/img/teams/logos/season/2024-25/BOS_logo.svg","https://stats.nba.com/player/1628369","https://ak-static.cms.nba.com/wp-content/uploads/headshots/nba/latest/260x190/1628369.png","https://ak-static.cms.nba.com/wp-content/uploads/headshots/nba/latest/260x190/1628369.png","https://stats.nba.com/media/players/700/1628369.png","https://ak-static.cms.nba.com/wp-content/uploads/headshots/nba/latest/260x190/1628369.png"
"798",2025,"2024-25","NBA","Regular Season",2025-04-04,22401120,77,"Boston Celtics",1610612738,FALSE,FALSE,FALSE,"H","BOS vs. PHX","BOS",1,1,"PHX","BOS","PHX","W","Derrick White",73,1,1,1628401,TRUE,4,9,0.444,4,8,0.5,NA,TRUE,0,1,0,33,0,0,1,8,9,7,0,0,2,1,12,28,31.3,"https://stats.nba.com/media/img/teams/logos/season/2024-25/BOS_logo.svg","https://stats.nba.com/player/1628401","https://ak-static.cms.nba.com/wp-content/uploads/headshots/nba/latest/260x190/1628401.png","https://ak-static.cms.nba.com/wp-content/uploads/headshots/nba/latest/260x190/1628401.png","https://stats.nba.com/media/players/700/1628401.png","https://ak-static.cms.nba.com/wp-content/uploads/headshots/nba/latest/260x190/1628401.png"
"799",2025,"2024-25","NBA","Regular Season",2025-04-04,22401120,77,"Boston Celtics",1610612738,FALSE,FALSE,FALSE,"H","BOS vs. PHX","BOS",1,1,"PHX","BOS","PHX","W","Kristaps Porziņģis",40,3,3,204001,TRUE,5,12,0.417,2,5,0.4,0.75,TRUE,3,7,0.428571428571429,23,3,4,0,4,4,1,0,1,0,3,15,16,24.3,"https://stats.nba.com/media/img/teams/logos/season/2024-25/BOS_logo.svg","https://stats.nba.com/player/204001","https://stats.nba.com/media/players/230x185/204001.png","https://ak-static.cms.nba.com/wp-content/uploads/headshots/nba/latest/260x190/204001.png","https://stats.nba.com/media/players/700/204001.png","https://ak-static.cms.nba.com/wp-content/uploads/headshots/nba/latest/260x190/204001.png"
"800",2025,"2024-25","NBA","Regular Season",2025-04-04,22401120,77,"Boston Celtics",1610612738,FALSE,FALSE,FALSE,"H","BOS vs. PHX","BOS",1,1,"PHX","BOS","PHX","W","Jaylen Brown",61,1,1,1627759,TRUE,10,16,0.625,3,4,0.75,0.889,TRUE,7,12,0.583333333333333,28,8,9,0,5,5,3,0,0,1,0,31,21,40.5,"https://stats.nba.com/media/img/teams/logos/season/2024-25/BOS_logo.svg","https://stats.nba.com/player/1627759","https://stats.nba.com/media/players/230x185/1627759.png","https://ak-static.cms.nba.com/wp-content/uploads/headshots/nba/latest/260x190/1627759.png","https://stats.nba.com/media/players/700/1627759.png","https://ak-static.cms.nba.com/wp-content/uploads/headshots/nba/latest/260x190/1627759.png"
"801",2025,"2024-25","NBA","Regular Season",2025-04-04,22401120,77,"Boston Celtics",1610612738,FALSE,FALSE,FALSE,"H","BOS vs. PHX","BOS",1,1,"PHX","BOS","PHX","W","Payton Pritchard",75,1,1,1630202,TRUE,4,5,0.8,2,3,0.666666666666667,NA,TRUE,2,2,1,22,0,0,0,1,1,3,0,0,1,1,10,11,14.7,"https://stats.nba.com/media/img/teams/logos/season/2024-25/BOS_logo.svg","https://stats.nba.com/player/1630202","https://ak-static.cms.nba.com/wp-content/uploads/headshots/nba/latest/260x190/1630202.png","https://ak-static.cms.nba.com/wp-content/uploads/headshots/nba/latest/260x190/1630202.png","https://stats.nba.com/media/players/700/1630202.png","https://stats.nba.com/media/img/league/nba-headshot-fallback.png"
"802",2025,"2024-25","NBA","Regular Season",2025-04-04,22401120,77,"Boston Celtics",1610612738,FALSE,FALSE,FALSE,"H","BOS vs. PHX","BOS",1,1,"PHX","BOS","PHX","W","Neemias Queta",58,1,1,1629674,TRUE,1,1,1,0,0,0,NA,TRUE,1,1,1,2,0,0,1,1,2,0,0,0,0,0,2,-1,4.4,"https://stats.nba.com/media/img/teams/logos/season/2024-25/BOS_logo.svg","https://stats.nba.com/player/1629674","https://ak-static.cms.nba.com/wp-content/uploads/headshots/nba/latest/260x190/1629674.png","https://ak-static.cms.nba.com/wp-content/uploads/headshots/nba/latest/260x190/1629674.png","https://stats.nba.com/media/players/700/1629674.png","https://stats.nba.com/media/img/league/nba-headshot-fallback.png"
"803",2025,"2024-25","NBA","Regular Season",2025-04-04,22401120,77,"Boston Celtics",1610612738,FALSE,FALSE,FALSE,"H","BOS vs. PHX","BOS",1,1,"PHX","BOS","PHX","W","Xavier Tillman",31,3,1,1630214,TRUE,0,0,NA,0,0,0,NA,TRUE,0,0,0,2,0,0,0,1,1,0,0,0,0,0,0,-1,1.2,"https://stats.nba.com/media/img/teams/logos/season/2024-25/BOS_logo.svg","https://stats.nba.com/player/1630214","https://ak-static.cms.nba.com/wp-content/uploads/headshots/nba/latest/260x190/1630214.png","https://ak-static.cms.nba.com/wp-content/uploads/headshots/nba/latest/260x190/1630214.png","https://stats.nba.com/media/players/700/1630214.png","https://stats.nba.com/media/img/league/nba-headshot-fallback.png"
"804",2025,"2024-25","NBA","Regular Season",2025-04-04,22401120,77,"Boston Celtics",1610612738,FALSE,FALSE,FALSE,"H","BOS vs. PHX","BOS",1,1,"PHX","BOS","PHX","W","Baylor Scheierman",27,1,1,1631248,TRUE,1,3,0.333,0,1,0,NA,TRUE,1,2,0.5,2,0,0,1,0,1,0,0,0,0,0,2,-1,3.2,"https://stats.nba.com/media/img/teams/logos/season/2024-25/BOS_logo.svg","https://stats.nba.com/player/1631248","https://ak-static.cms.nba.com/wp-content/uploads/headshots/nba/latest/260x190/1631248.png","https://ak-static.cms.nba.com/wp-content/uploads/headshots/nba/latest/260x190/1631248.png","https://stats.nba.com/media/players/700/1631248.png","https://stats.nba.com/media/img/league/nba-headshot-fallback.png"
"805",2025,"2024-25","NBA","Regular Season",2025-04-04,22401120,77,"Boston Celtics",1610612738,FALSE,FALSE,FALSE,"H","BOS vs. PHX","BOS",1,1,"PHX","BOS","PHX","W","Drew Peterson",22,1,4,1641809,TRUE,0,1,0,0,0,0,NA,TRUE,0,1,0,2,0,0,1,0,1,0,0,0,0,0,0,-1,1.2,"https://stats.nba.com/media/img/teams/logos/season/2024-25/BOS_logo.svg","https://stats.nba.com/player/1641809","https://ak-static.cms.nba.com/wp-content/uploads/headshots/nba/latest/260x190/1641809.png","https://ak-static.cms.nba.com/wp-content/uploads/headshots/nba/latest/260x190/1641809.png","https://stats.nba.com/media/players/700/1641809.png","https://stats.nba.com/media/img/league/nba-headshot-fallback.png"
"806",2025,"2024-25","NBA","Regular Season",2025-04-04,22401120,77,"Boston Celtics",1610612738,FALSE,FALSE,FALSE,"H","BOS vs. PHX","BOS",1,1,"PHX","BOS","PHX","W","Jrue Holiday",59,3,1,201950,TRUE,1,3,0.333,0,1,0,1,TRUE,1,2,0.5,28,2,2,2,3,5,2,0,1,0,1,4,12,16,"https://stats.nba.com/media/img/teams/logos/season/2024-25/BOS_logo.svg","https://stats.nba.com/player/201950","https://stats.nba.com/media/players/230x185/201950.png","https://ak-static.cms.nba.com/wp-content/uploads/headshots/nba/latest/260x190/201950.png","https://stats.nba.com/media/players/700/201950.png","https://ak-static.cms.nba.com/wp-content/uploads/headshots/nba/latest/260x190/201950.png"
"807",2025,"2024-25","NBA","Regular Season",2025-04-04,22401120,77,"Boston Celtics",1610612738,FALSE,FALSE,FALSE,"H","BOS vs. PHX","BOS",1,1,"PHX","BOS","PHX","W","Sam Hauser",66,1,1,1630573,TRUE,2,6,0.333,1,5,0.2,NA,TRUE,1,1,1,21,0,0,0,5,5,1,0,0,1,1,5,8,11.5,"https://stats.nba.com/media/img/teams/logos/season/2024-25/BOS_logo.svg","https://stats.nba.com/player/1630573","https://ak-static.cms.nba.com/wp-content/uploads/headshots/nba/latest/260x190/1630573.png","https://ak-static.cms.nba.com/wp-content/uploads/headshots/nba/latest/260x190/1630573.png","https://stats.nba.com/media/players/700/1630573.png","https://stats.nba.com/media/img/league/nba-headshot-fallback.png"
"808",2025,"2024-25","NBA","Regular Season",2025-04-04,22401120,77,"Boston Celtics",1610612738,FALSE,FALSE,FALSE,"H","BOS vs. PHX","BOS",1,1,"PHX","BOS","PHX","W","Jordan Walsh",48,1,1,1641775,TRUE,0,1,0,0,1,0,NA,TRUE,0,0,0,2,0,0,0,0,0,1,0,0,0,1,0,-1,1.5,"https://stats.nba.com/media/img/teams/logos/season/2024-25/BOS_logo.svg","https://stats.nba.com/player/1641775","https://ak-static.cms.nba.com/wp-content/uploads/headshots/nba/latest/260x190/1641775.png","https://ak-static.cms.nba.com/wp-content/uploads/headshots/nba/latest/260x190/1641775.png","https://stats.nba.com/media/players/700/1641775.png","https://stats.nba.com/media/img/league/nba-headshot-fallback.png"
"809",2025,"2024-25","NBA","Regular Season",2025-04-04,22401120,77,"Boston Celtics",1610612738,FALSE,FALSE,FALSE,"H","BOS vs. PHX","BOS",1,1,"PHX","BOS","PHX","W","Luke Kornet",68,1,1,1628436,TRUE,5,7,0.714,0,0,0,1,TRUE,5,7,0.714285714285714,15,2,2,4,0,4,0,0,0,0,2,12,4,16.8,"https://stats.nba.com/media/img/teams/logos/season/2024-25/BOS_logo.svg","https://stats.nba.com/player/1628436","https://ak-static.cms.nba.com/wp-content/uploads/headshots/nba/latest/260x190/1628436.png","https://ak-static.cms.nba.com/wp-content/uploads/headshots/nba/latest/260x190/1628436.png","https://stats.nba.com/media/players/700/1628436.png","https://ak-static.cms.nba.com/wp-content/uploads/headshots/nba/latest/260x190/1628436.png"
"810",2025,"2024-25","NBA","Regular Season",2025-04-06,22401137,78,"Boston Celtics",1610612738,FALSE,TRUE,FALSE,"H","BOS vs. WAS","BOS",1,1,"WAS","BOS","WAS","W","Torrey Craig",23,3,2,1628470,TRUE,1,3,0.333,1,2,0.5,NA,TRUE,0,1,0,16,0,0,4,4,8,2,0,3,0,0,3,11,24.6,"https://stats.nba.com/media/img/teams/logos/season/2024-25/BOS_logo.svg","https://stats.nba.com/player/1628470","https://ak-static.cms.nba.com/wp-content/uploads/headshots/nba/latest/260x190/1628470.png","https://ak-static.cms.nba.com/wp-content/uploads/headshots/nba/latest/260x190/1628470.png","https://stats.nba.com/media/players/700/1628470.png","https://ak-static.cms.nba.com/wp-content/uploads/headshots/nba/latest/260x190/1628470.png"
"811",2025,"2024-25","NBA","Regular Season",2025-04-06,22401137,78,"Boston Celtics",1610612738,FALSE,TRUE,FALSE,"H","BOS vs. WAS","BOS",1,1,"WAS","BOS","WAS","W","Derrick White",74,1,1,1628401,TRUE,7,12,0.583,5,9,0.555555555555556,NA,TRUE,2,3,0.666666666666667,26,0,0,0,1,1,4,1,0,3,1,19,14,26.2,"https://stats.nba.com/media/img/teams/logos/season/2024-25/BOS_logo.svg","https://stats.nba.com/player/1628401","https://ak-static.cms.nba.com/wp-content/uploads/headshots/nba/latest/260x190/1628401.png","https://ak-static.cms.nba.com/wp-content/uploads/headshots/nba/latest/260x190/1628401.png","https://stats.nba.com/media/players/700/1628401.png","https://ak-static.cms.nba.com/wp-content/uploads/headshots/nba/latest/260x190/1628401.png"
"812",2025,"2024-25","NBA","Regular Season",2025-04-06,22401137,78,"Boston Celtics",1610612738,FALSE,TRUE,FALSE,"H","BOS vs. WAS","BOS",1,1,"WAS","BOS","WAS","W","Neemias Queta",59,1,2,1629674,TRUE,3,3,1,0,0,0,NA,TRUE,3,3,1,7,0,0,0,0,0,1,1,1,0,1,6,-1,13.5,"https://stats.nba.com/media/img/teams/logos/season/2024-25/BOS_logo.svg","https://stats.nba.com/player/1629674","https://ak-static.cms.nba.com/wp-content/uploads/headshots/nba/latest/260x190/1629674.png","https://ak-static.cms.nba.com/wp-content/uploads/headshots/nba/latest/260x190/1629674.png","https://stats.nba.com/media/players/700/1629674.png","https://stats.nba.com/media/img/league/nba-headshot-fallback.png"
"813",2025,"2024-25","NBA","Regular Season",2025-04-06,22401137,78,"Boston Celtics",1610612738,FALSE,TRUE,FALSE,"H","BOS vs. WAS","BOS",1,1,"WAS","BOS","WAS","W","Payton Pritchard",76,1,1,1630202,TRUE,8,18,0.444,4,11,0.363636363636364,NA,TRUE,4,7,0.571428571428571,30,0,0,1,5,6,7,2,0,1,1,20,27,42.7,"https://stats.nba.com/media/img/teams/logos/season/2024-25/BOS_logo.svg","https://stats.nba.com/player/1630202","https://ak-static.cms.nba.com/wp-content/uploads/headshots/nba/latest/260x190/1630202.png","https://ak-static.cms.nba.com/wp-content/uploads/headshots/nba/latest/260x190/1630202.png","https://stats.nba.com/media/players/700/1630202.png","https://stats.nba.com/media/img/league/nba-headshot-fallback.png"
"814",2025,"2024-25","NBA","Regular Season",2025-04-06,22401137,78,"Boston Celtics",1610612738,FALSE,TRUE,FALSE,"H","BOS vs. WAS","BOS",1,1,"WAS","BOS","WAS","W","Xavier Tillman",32,1,2,1630214,TRUE,0,1,0,0,0,0,NA,TRUE,0,1,0,7,0,0,0,0,0,0,1,0,1,0,0,-1,2,"https://stats.nba.com/media/img/teams/logos/season/2024-25/BOS_logo.svg","https://stats.nba.com/player/1630214","https://ak-static.cms.nba.com/wp-content/uploads/headshots/nba/latest/260x190/1630214.png","https://ak-static.cms.nba.com/wp-content/uploads/headshots/nba/latest/260x190/1630214.png","https://stats.nba.com/media/players/700/1630214.png","https://stats.nba.com/media/img/league/nba-headshot-fallback.png"
"815",2025,"2024-25","NBA","Regular Season",2025-04-06,22401137,78,"Boston Celtics",1610612738,FALSE,TRUE,FALSE,"H","BOS vs. WAS","BOS",1,1,"WAS","BOS","WAS","W","Baylor Scheierman",28,1,2,1631248,TRUE,2,6,0.333,2,6,0.333333333333333,NA,TRUE,0,0,0,21,0,0,2,2,4,2,1,0,4,3,6,17,12.8,"https://stats.nba.com/media/img/teams/logos/season/2024-25/BOS_logo.svg","https://stats.nba.com/player/1631248","https://ak-static.cms.nba.com/wp-content/uploads/headshots/nba/latest/260x190/1631248.png","https://ak-static.cms.nba.com/wp-content/uploads/headshots/nba/latest/260x190/1631248.png","https://stats.nba.com/media/players/700/1631248.png","https://stats.nba.com/media/img/league/nba-headshot-fallback.png"
"816",2025,"2024-25","NBA","Regular Season",2025-04-06,22401137,78,"Boston Celtics",1610612738,FALSE,TRUE,FALSE,"H","BOS vs. WAS","BOS",1,1,"WAS","BOS","WAS","W","Luke Kornet",69,1,1,1628436,TRUE,6,9,0.667,0,0,0,0.5,TRUE,6,9,0.666666666666667,26,1,2,9,5,14,3,0,0,0,1,13,21,34.3,"https://stats.nba.com/media/img/teams/logos/season/2024-25/BOS_logo.svg","https://stats.nba.com/player/1628436","https://ak-static.cms.nba.com/wp-content/uploads/headshots/nba/latest/260x190/1628436.png","https://ak-static.cms.nba.com/wp-content/uploads/headshots/nba/latest/260x190/1628436.png","https://stats.nba.com/media/players/700/1628436.png","https://ak-static.cms.nba.com/wp-content/uploads/headshots/nba/latest/260x190/1628436.png"
"817",2025,"2024-25","NBA","Regular Season",2025-04-06,22401137,78,"Boston Celtics",1610612738,FALSE,TRUE,FALSE,"H","BOS vs. WAS","BOS",1,1,"WAS","BOS","WAS","W","Sam Hauser",67,1,1,1630573,TRUE,7,12,0.583,4,7,0.571428571428571,NA,TRUE,3,5,0.6,22,0,0,2,6,8,0,0,1,0,1,18,25,30.6,"https://stats.nba.com/media/img/teams/logos/season/2024-25/BOS_logo.svg","https://stats.nba.com/player/1630573","https://ak-static.cms.nba.com/wp-content/uploads/headshots/nba/latest/260x190/1630573.png","https://ak-static.cms.nba.com/wp-content/uploads/headshots/nba/latest/260x190/1630573.png","https://stats.nba.com/media/players/700/1630573.png","https://stats.nba.com/media/img/league/nba-headshot-fallback.png"
"818",2025,"2024-25","NBA","Regular Season",2025-04-06,22401137,78,"Boston Celtics",1610612738,FALSE,TRUE,FALSE,"H","BOS vs. WAS","BOS",1,1,"WAS","BOS","WAS","W","Al Horford",59,1,4,201143,TRUE,4,12,0.333,3,8,0.375,NA,TRUE,1,4,0.25,28,0,0,2,8,10,4,0,0,1,0,11,23,28,"https://stats.nba.com/media/img/teams/logos/season/2024-25/BOS_logo.svg","https://stats.nba.com/player/201143","https://stats.nba.com/media/players/230x185/201143.png","https://ak-static.cms.nba.com/wp-content/uploads/headshots/nba/latest/260x190/201143.png","https://stats.nba.com/media/players/700/201143.png","https://ak-static.cms.nba.com/wp-content/uploads/headshots/nba/latest/260x190/201143.png"
"819",2025,"2024-25","NBA","Regular Season",2025-04-06,22401137,78,"Boston Celtics",1610612738,FALSE,TRUE,FALSE,"H","BOS vs. WAS","BOS",1,1,"WAS","BOS","WAS","W","Jaylen Brown",62,1,1,1627759,TRUE,5,9,0.556,2,4,0.5,0.75,TRUE,3,5,0.6,22,3,4,0,2,2,5,0,0,1,0,15,13,23.9,"https://stats.nba.com/media/img/teams/logos/season/2024-25/BOS_logo.svg","https://stats.nba.com/player/1627759","https://stats.nba.com/media/players/230x185/1627759.png","https://ak-static.cms.nba.com/wp-content/uploads/headshots/nba/latest/260x190/1627759.png","https://stats.nba.com/media/players/700/1627759.png","https://ak-static.cms.nba.com/wp-content/uploads/headshots/nba/latest/260x190/1627759.png"
"820",2025,"2024-25","NBA","Regular Season",2025-04-06,22401137,78,"Boston Celtics",1610612738,FALSE,TRUE,FALSE,"H","BOS vs. WAS","BOS",1,1,"WAS","BOS","WAS","W","Jordan Walsh",49,1,2,1641775,TRUE,0,0,NA,0,0,0,NA,TRUE,0,0,0,7,0,0,0,2,2,0,0,0,1,0,0,-1,1.4,"https://stats.nba.com/media/img/teams/logos/season/2024-25/BOS_logo.svg","https://stats.nba.com/player/1641775","https://ak-static.cms.nba.com/wp-content/uploads/headshots/nba/latest/260x190/1641775.png","https://ak-static.cms.nba.com/wp-content/uploads/headshots/nba/latest/260x190/1641775.png","https://stats.nba.com/media/players/700/1641775.png","https://stats.nba.com/media/img/league/nba-headshot-fallback.png"
"821",2025,"2024-25","NBA","Regular Season",2025-04-06,22401137,78,"Boston Celtics",1610612738,FALSE,TRUE,FALSE,"H","BOS vs. WAS","BOS",1,1,"WAS","BOS","WAS","W","Jrue Holiday",60,1,1,201950,TRUE,5,13,0.385,3,5,0.6,NA,TRUE,2,8,0.25,30,0,0,5,2,7,5,0,0,1,1,13,22,27.9,"https://stats.nba.com/media/img/teams/logos/season/2024-25/BOS_logo.svg","https://stats.nba.com/player/201950","https://stats.nba.com/media/players/230x185/201950.png","https://ak-static.cms.nba.com/wp-content/uploads/headshots/nba/latest/260x190/201950.png","https://stats.nba.com/media/players/700/201950.png","https://ak-static.cms.nba.com/wp-content/uploads/headshots/nba/latest/260x190/201950.png"
"822",2025,"2024-25","NBA","Regular Season",2025-04-08,22401151,79,"Boston Celtics",1610612738,TRUE,FALSE,FALSE,"A","BOS @ NYK","BOS",1,0,"NYK","BOS","NYK","W","Jaylen Brown",63,1,NA,1627759,TRUE,2,8,0.25,0,2,0,1,TRUE,2,6,0.333333333333333,22,2,2,0,5,5,1,0,0,3,3,6,-2,10.5,"https://stats.nba.com/media/img/teams/logos/season/2024-25/BOS_logo.svg","https://stats.nba.com/player/1627759","https://stats.nba.com/media/players/230x185/1627759.png","https://ak-static.cms.nba.com/wp-content/uploads/headshots/nba/latest/260x190/1627759.png","https://stats.nba.com/media/players/700/1627759.png","https://ak-static.cms.nba.com/wp-content/uploads/headshots/nba/latest/260x190/1627759.png"
"823",2025,"2024-25","NBA","Regular Season",2025-04-08,22401151,79,"Boston Celtics",1610612738,TRUE,FALSE,FALSE,"A","BOS @ NYK","BOS",1,0,"NYK","BOS","NYK","W","Payton Pritchard",77,1,0,1630202,TRUE,3,6,0.5,0,3,0,1,TRUE,3,3,1,30,2,2,1,4,5,3,1,0,1,1,8,-10,20.5,"https://stats.nba.com/media/img/teams/logos/season/2024-25/BOS_logo.svg","https://stats.nba.com/player/1630202","https://ak-static.cms.nba.com/wp-content/uploads/headshots/nba/latest/260x190/1630202.png","https://ak-static.cms.nba.com/wp-content/uploads/headshots/nba/latest/260x190/1630202.png","https://stats.nba.com/media/players/700/1630202.png","https://stats.nba.com/media/img/league/nba-headshot-fallback.png"
"824",2025,"2024-25","NBA","Regular Season",2025-04-08,22401151,79,"Boston Celtics",1610612738,TRUE,FALSE,FALSE,"A","BOS @ NYK","BOS",1,0,"NYK","BOS","NYK","W","Jrue Holiday",61,1,2,201950,TRUE,5,9,0.556,2,4,0.5,0.8,TRUE,3,5,0.6,37,4,5,1,3,4,3,2,0,1,3,16,6,30.3,"https://stats.nba.com/media/img/teams/logos/season/2024-25/BOS_logo.svg","https://stats.nba.com/player/201950","https://stats.nba.com/media/players/230x185/201950.png","https://ak-static.cms.nba.com/wp-content/uploads/headshots/nba/latest/260x190/201950.png","https://stats.nba.com/media/players/700/201950.png","https://ak-static.cms.nba.com/wp-content/uploads/headshots/nba/latest/260x190/201950.png"
"825",2025,"2024-25","NBA","Regular Season",2025-04-08,22401151,79,"Boston Celtics",1610612738,TRUE,FALSE,FALSE,"A","BOS @ NYK","BOS",1,0,"NYK","BOS","NYK","W","Jayson Tatum",71,3,2,1628369,TRUE,11,22,0.5,4,11,0.363636363636364,0.75,TRUE,7,11,0.636363636363636,48,6,8,0,7,7,5,1,1,2,2,32,2,51.9,"https://stats.nba.com/media/img/teams/logos/season/2024-25/BOS_logo.svg","https://stats.nba.com/player/1628369","https://ak-static.cms.nba.com/wp-content/uploads/headshots/nba/latest/260x190/1628369.png","https://ak-static.cms.nba.com/wp-content/uploads/headshots/nba/latest/260x190/1628369.png","https://stats.nba.com/media/players/700/1628369.png","https://ak-static.cms.nba.com/wp-content/uploads/headshots/nba/latest/260x190/1628369.png"
"826",2025,"2024-25","NBA","Regular Season",2025-04-08,22401151,79,"Boston Celtics",1610612738,TRUE,FALSE,FALSE,"A","BOS @ NYK","BOS",1,0,"NYK","BOS","NYK","W","Sam Hauser",68,1,0,1630573,TRUE,3,6,0.5,1,4,0.25,NA,TRUE,2,2,1,28,0,0,0,2,2,1,1,1,1,0,7,9,15.9,"https://stats.nba.com/media/img/teams/logos/season/2024-25/BOS_logo.svg","https://stats.nba.com/player/1630573","https://ak-static.cms.nba.com/wp-content/uploads/headshots/nba/latest/260x190/1630573.png","https://ak-static.cms.nba.com/wp-content/uploads/headshots/nba/latest/260x190/1630573.png","https://stats.nba.com/media/players/700/1630573.png","https://stats.nba.com/media/img/league/nba-headshot-fallback.png"
"827",2025,"2024-25","NBA","Regular Season",2025-04-08,22401151,79,"Boston Celtics",1610612738,TRUE,FALSE,FALSE,"A","BOS @ NYK","BOS",1,0,"NYK","BOS","NYK","W","Kristaps Porziņģis",41,3,2,204001,TRUE,11,19,0.579,8,13,0.615384615384615,0.667,TRUE,3,6,0.5,39,4,6,0,4,4,3,1,1,2,3,34,0,47.3,"https://stats.nba.com/media/img/teams/logos/season/2024-25/BOS_logo.svg","https://stats.nba.com/player/204001","https://stats.nba.com/media/players/230x185/204001.png","https://ak-static.cms.nba.com/wp-content/uploads/headshots/nba/latest/260x190/204001.png","https://stats.nba.com/media/players/700/204001.png","https://ak-static.cms.nba.com/wp-content/uploads/headshots/nba/latest/260x190/204001.png"
"828",2025,"2024-25","NBA","Regular Season",2025-04-08,22401151,79,"Boston Celtics",1610612738,TRUE,FALSE,FALSE,"A","BOS @ NYK","BOS",1,0,"NYK","BOS","NYK","W","Derrick White",75,1,2,1628401,TRUE,5,14,0.357,4,12,0.333333333333333,NA,TRUE,1,2,0.5,43,0,0,4,4,8,9,1,0,3,1,14,-1,37.1,"https://stats.nba.com/media/img/teams/logos/season/2024-25/BOS_logo.svg","https://stats.nba.com/player/1628401","https://ak-static.cms.nba.com/wp-content/uploads/headshots/nba/latest/260x190/1628401.png","https://ak-static.cms.nba.com/wp-content/uploads/headshots/nba/latest/260x190/1628401.png","https://stats.nba.com/media/players/700/1628401.png","https://ak-static.cms.nba.com/wp-content/uploads/headshots/nba/latest/260x190/1628401.png"
"829",2025,"2024-25","NBA","Regular Season",2025-04-08,22401151,79,"Boston Celtics",1610612738,TRUE,FALSE,FALSE,"A","BOS @ NYK","BOS",1,0,"NYK","BOS","NYK","W","Luke Kornet",70,1,0,1628436,TRUE,0,3,0,0,0,0,1,TRUE,0,3,0,19,2,2,3,0,3,1,1,1,2,4,2,6,11.1,"https://stats.nba.com/media/img/teams/logos/season/2024-25/BOS_logo.svg","https://stats.nba.com/player/1628436","https://ak-static.cms.nba.com/wp-content/uploads/headshots/nba/latest/260x190/1628436.png","https://ak-static.cms.nba.com/wp-content/uploads/headshots/nba/latest/260x190/1628436.png","https://stats.nba.com/media/players/700/1628436.png","https://ak-static.cms.nba.com/wp-content/uploads/headshots/nba/latest/260x190/1628436.png"
"830",2025,"2024-25","NBA","Regular Season",2025-04-09,22401156,80,"Boston Celtics",1610612738,TRUE,FALSE,TRUE,"A","BOS @ ORL","BOS",0,1,"ORL","ORL","BOS","L","Payton Pritchard",78,0,1,1630202,FALSE,7,17,0.412,1,7,0.142857142857143,NA,TRUE,6,10,0.6,35,0,0,0,4,4,10,1,0,3,2,15,-12,34.8,"https://stats.nba.com/media/img/teams/logos/season/2024-25/BOS_logo.svg","https://stats.nba.com/player/1630202","https://ak-static.cms.nba.com/wp-content/uploads/headshots/nba/latest/260x190/1630202.png","https://ak-static.cms.nba.com/wp-content/uploads/headshots/nba/latest/260x190/1630202.png","https://stats.nba.com/media/players/700/1630202.png","https://stats.nba.com/media/img/league/nba-headshot-fallback.png"
"831",2025,"2024-25","NBA","Regular Season",2025-04-09,22401156,80,"Boston Celtics",1610612738,TRUE,FALSE,TRUE,"A","BOS @ ORL","BOS",0,1,"ORL","ORL","BOS","L","Torrey Craig",24,2,1,1628470,FALSE,0,4,0,0,3,0,NA,TRUE,0,1,0,28,0,0,0,7,7,1,0,2,3,2,0,-19,12.9,"https://stats.nba.com/media/img/teams/logos/season/2024-25/BOS_logo.svg","https://stats.nba.com/player/1628470","https://ak-static.cms.nba.com/wp-content/uploads/headshots/nba/latest/260x190/1628470.png","https://ak-static.cms.nba.com/wp-content/uploads/headshots/nba/latest/260x190/1628470.png","https://stats.nba.com/media/players/700/1628470.png","https://ak-static.cms.nba.com/wp-content/uploads/headshots/nba/latest/260x190/1628470.png"
"832",2025,"2024-25","NBA","Regular Season",2025-04-09,22401156,80,"Boston Celtics",1610612738,TRUE,FALSE,TRUE,"A","BOS @ ORL","BOS",0,1,"ORL","ORL","BOS","L","JD Davison",14,6,1,1631120,FALSE,0,6,0,0,5,0,NA,TRUE,0,1,0,17,0,0,1,3,4,2,0,0,1,0,0,1,6.8,"https://stats.nba.com/media/img/teams/logos/season/2024-25/BOS_logo.svg","https://stats.nba.com/player/1631120","https://ak-static.cms.nba.com/wp-content/uploads/headshots/nba/latest/260x190/1631120.png","https://ak-static.cms.nba.com/wp-content/uploads/headshots/nba/latest/260x190/1631120.png","https://stats.nba.com/media/players/700/1631120.png","https://stats.nba.com/media/img/league/nba-headshot-fallback.png"
"833",2025,"2024-25","NBA","Regular Season",2025-04-09,22401156,80,"Boston Celtics",1610612738,TRUE,FALSE,TRUE,"A","BOS @ ORL","BOS",0,1,"ORL","ORL","BOS","L","Xavier Tillman",33,2,NA,1630214,FALSE,1,1,1,0,0,0,NA,TRUE,1,1,1,7,0,0,0,1,1,0,0,0,0,1,2,1,3.2,"https://stats.nba.com/media/img/teams/logos/season/2024-25/BOS_logo.svg","https://stats.nba.com/player/1630214","https://ak-static.cms.nba.com/wp-content/uploads/headshots/nba/latest/260x190/1630214.png","https://ak-static.cms.nba.com/wp-content/uploads/headshots/nba/latest/260x190/1630214.png","https://stats.nba.com/media/players/700/1630214.png","https://stats.nba.com/media/img/league/nba-headshot-fallback.png"
"834",2025,"2024-25","NBA","Regular Season",2025-04-09,22401156,80,"Boston Celtics",1610612738,TRUE,FALSE,TRUE,"A","BOS @ ORL","BOS",0,1,"ORL","ORL","BOS","L","Jordan Walsh",50,2,1,1641775,FALSE,0,3,0,0,2,0,NA,TRUE,0,1,0,9,0,0,1,1,2,1,0,0,0,0,0,-16,3.9,"https://stats.nba.com/media/img/teams/logos/season/2024-25/BOS_logo.svg","https://stats.nba.com/player/1641775","https://ak-static.cms.nba.com/wp-content/uploads/headshots/nba/latest/260x190/1641775.png","https://ak-static.cms.nba.com/wp-content/uploads/headshots/nba/latest/260x190/1641775.png","https://stats.nba.com/media/players/700/1641775.png","https://stats.nba.com/media/img/league/nba-headshot-fallback.png"
"835",2025,"2024-25","NBA","Regular Season",2025-04-09,22401156,80,"Boston Celtics",1610612738,TRUE,FALSE,TRUE,"A","BOS @ ORL","BOS",0,1,"ORL","ORL","BOS","L","Luke Kornet",71,0,1,1628436,FALSE,7,10,0.7,0,0,0,NA,TRUE,7,10,0.7,25,0,0,1,2,3,1,1,1,1,2,14,2,24.1,"https://stats.nba.com/media/img/teams/logos/season/2024-25/BOS_logo.svg","https://stats.nba.com/player/1628436","https://ak-static.cms.nba.com/wp-content/uploads/headshots/nba/latest/260x190/1628436.png","https://ak-static.cms.nba.com/wp-content/uploads/headshots/nba/latest/260x190/1628436.png","https://stats.nba.com/media/players/700/1628436.png","https://ak-static.cms.nba.com/wp-content/uploads/headshots/nba/latest/260x190/1628436.png"
"836",2025,"2024-25","NBA","Regular Season",2025-04-09,22401156,80,"Boston Celtics",1610612738,TRUE,FALSE,TRUE,"A","BOS @ ORL","BOS",0,1,"ORL","ORL","BOS","L","Sam Hauser",69,0,1,1630573,FALSE,4,11,0.364,2,8,0.25,NA,TRUE,2,3,0.666666666666667,25,0,0,0,3,3,0,0,0,1,0,10,-17,12.6,"https://stats.nba.com/media/img/teams/logos/season/2024-25/BOS_logo.svg","https://stats.nba.com/player/1630573","https://ak-static.cms.nba.com/wp-content/uploads/headshots/nba/latest/260x190/1630573.png","https://ak-static.cms.nba.com/wp-content/uploads/headshots/nba/latest/260x190/1630573.png","https://stats.nba.com/media/players/700/1630573.png","https://stats.nba.com/media/img/league/nba-headshot-fallback.png"
"837",2025,"2024-25","NBA","Regular Season",2025-04-09,22401156,80,"Boston Celtics",1610612738,TRUE,FALSE,TRUE,"A","BOS @ ORL","BOS",0,1,"ORL","ORL","BOS","L","Baylor Scheierman",29,2,1,1631248,FALSE,6,14,0.429,1,7,0.142857142857143,1,TRUE,5,7,0.714285714285714,35,2,2,0,5,5,3,1,0,2,1,15,-8,26.5,"https://stats.nba.com/media/img/teams/logos/season/2024-25/BOS_logo.svg","https://stats.nba.com/player/1631248","https://ak-static.cms.nba.com/wp-content/uploads/headshots/nba/latest/260x190/1631248.png","https://ak-static.cms.nba.com/wp-content/uploads/headshots/nba/latest/260x190/1631248.png","https://stats.nba.com/media/players/700/1631248.png","https://stats.nba.com/media/img/league/nba-headshot-fallback.png"
"838",2025,"2024-25","NBA","Regular Season",2025-04-09,22401156,80,"Boston Celtics",1610612738,TRUE,FALSE,TRUE,"A","BOS @ ORL","BOS",0,1,"ORL","ORL","BOS","L","Miles Norris",2,33,3,1641936,FALSE,2,6,0.333,2,4,0.5,NA,TRUE,0,2,0,19,0,0,2,1,3,0,2,0,0,0,6,-7,15.6,"https://stats.nba.com/media/img/teams/logos/season/2024-25/BOS_logo.svg","https://stats.nba.com/player/1641936","https://ak-static.cms.nba.com/wp-content/uploads/headshots/nba/latest/260x190/1641936.png","https://ak-static.cms.nba.com/wp-content/uploads/headshots/nba/latest/260x190/1641936.png","https://stats.nba.com/media/players/700/1641936.png","https://stats.nba.com/media/img/league/nba-headshot-fallback.png"
"839",2025,"2024-25","NBA","Regular Season",2025-04-09,22401156,80,"Boston Celtics",1610612738,TRUE,FALSE,TRUE,"A","BOS @ ORL","BOS",0,1,"ORL","ORL","BOS","L","Neemias Queta",60,2,1,1629674,FALSE,4,6,0.667,0,0,0,0.75,TRUE,4,6,0.666666666666667,25,3,4,3,4,7,2,0,2,3,2,11,-17,25.4,"https://stats.nba.com/media/img/teams/logos/season/2024-25/BOS_logo.svg","https://stats.nba.com/player/1629674","https://ak-static.cms.nba.com/wp-content/uploads/headshots/nba/latest/260x190/1629674.png","https://ak-static.cms.nba.com/wp-content/uploads/headshots/nba/latest/260x190/1629674.png","https://stats.nba.com/media/players/700/1629674.png","https://stats.nba.com/media/img/league/nba-headshot-fallback.png"
"840",2025,"2024-25","NBA","Regular Season",2025-04-09,22401156,80,"Boston Celtics",1610612738,TRUE,FALSE,TRUE,"A","BOS @ ORL","BOS",0,1,"ORL","ORL","BOS","L","Drew Peterson",23,4,1,1641809,FALSE,1,4,0.25,1,4,0.25,NA,TRUE,0,0,0,13,0,0,1,3,4,0,0,0,1,1,3,-8,6.8,"https://stats.nba.com/media/img/teams/logos/season/2024-25/BOS_logo.svg","https://stats.nba.com/player/1641809","https://ak-static.cms.nba.com/wp-content/uploads/headshots/nba/latest/260x190/1641809.png","https://ak-static.cms.nba.com/wp-content/uploads/headshots/nba/latest/260x190/1641809.png","https://stats.nba.com/media/players/700/1641809.png","https://stats.nba.com/media/img/league/nba-headshot-fallback.png"
"841",2025,"2024-25","NBA","Regular Season",2025-04-11,22401174,81,"Boston Celtics",1610612738,FALSE,FALSE,FALSE,"H","BOS vs. CHA","BOS",1,1,"CHA","BOS","CHA","W","Kristaps Porziņģis",42,2,NA,204001,TRUE,2,11,0.182,2,7,0.285714285714286,0.833,TRUE,0,4,0,18,5,6,1,4,5,2,0,0,0,0,11,-3,20,"https://stats.nba.com/media/img/teams/logos/season/2024-25/BOS_logo.svg","https://stats.nba.com/player/204001","https://stats.nba.com/media/players/230x185/204001.png","https://ak-static.cms.nba.com/wp-content/uploads/headshots/nba/latest/260x190/204001.png","https://stats.nba.com/media/players/700/204001.png","https://ak-static.cms.nba.com/wp-content/uploads/headshots/nba/latest/260x190/204001.png"
"842",2025,"2024-25","NBA","Regular Season",2025-04-11,22401174,81,"Boston Celtics",1610612738,FALSE,FALSE,FALSE,"H","BOS vs. CHA","BOS",1,1,"CHA","BOS","CHA","W","Neemias Queta",61,1,1,1629674,TRUE,3,3,1,0,0,0,1,TRUE,3,3,1,12,1,1,0,1,1,1,0,3,0,1,7,20,18.7,"https://stats.nba.com/media/img/teams/logos/season/2024-25/BOS_logo.svg","https://stats.nba.com/player/1629674","https://ak-static.cms.nba.com/wp-content/uploads/headshots/nba/latest/260x190/1629674.png","https://ak-static.cms.nba.com/wp-content/uploads/headshots/nba/latest/260x190/1629674.png","https://stats.nba.com/media/players/700/1629674.png","https://stats.nba.com/media/img/league/nba-headshot-fallback.png"
"843",2025,"2024-25","NBA","Regular Season",2025-04-11,22401174,81,"Boston Celtics",1610612738,FALSE,FALSE,FALSE,"H","BOS vs. CHA","BOS",1,1,"CHA","BOS","CHA","W","Torrey Craig",25,1,1,1628470,TRUE,1,2,0.5,0,1,0,NA,TRUE,1,1,1,12,0,0,1,4,5,4,3,0,1,1,2,20,22,"https://stats.nba.com/media/img/teams/logos/season/2024-25/BOS_logo.svg","https://stats.nba.com/player/1628470","https://ak-static.cms.nba.com/wp-content/uploads/headshots/nba/latest/260x190/1628470.png","https://ak-static.cms.nba.com/wp-content/uploads/headshots/nba/latest/260x190/1628470.png","https://stats.nba.com/media/players/700/1628470.png","https://ak-static.cms.nba.com/wp-content/uploads/headshots/nba/latest/260x190/1628470.png"
"844",2025,"2024-25","NBA","Regular Season",2025-04-11,22401174,81,"Boston Celtics",1610612738,FALSE,FALSE,FALSE,"H","BOS vs. CHA","BOS",1,1,"CHA","BOS","CHA","W","JD Davison",15,1,1,1631120,TRUE,1,1,1,0,0,0,NA,TRUE,1,1,1,2,0,0,0,0,0,1,0,0,1,0,2,4,2.5,"https://stats.nba.com/media/img/teams/logos/season/2024-25/BOS_logo.svg","https://stats.nba.com/player/1631120","https://ak-static.cms.nba.com/wp-content/uploads/headshots/nba/latest/260x190/1631120.png","https://ak-static.cms.nba.com/wp-content/uploads/headshots/nba/latest/260x190/1631120.png","https://stats.nba.com/media/players/700/1631120.png","https://stats.nba.com/media/img/league/nba-headshot-fallback.png"
"845",2025,"2024-25","NBA","Regular Season",2025-04-11,22401174,81,"Boston Celtics",1610612738,FALSE,FALSE,FALSE,"H","BOS vs. CHA","BOS",1,1,"CHA","BOS","CHA","W","Sam Hauser",70,1,1,1630573,TRUE,7,12,0.583,6,9,0.666666666666667,NA,TRUE,1,3,0.333333333333333,22,0,0,1,4,5,1,1,0,0,1,20,15,30.5,"https://stats.nba.com/media/img/teams/logos/season/2024-25/BOS_logo.svg","https://stats.nba.com/player/1630573","https://ak-static.cms.nba.com/wp-content/uploads/headshots/nba/latest/260x190/1630573.png","https://ak-static.cms.nba.com/wp-content/uploads/headshots/nba/latest/260x190/1630573.png","https://stats.nba.com/media/players/700/1630573.png","https://stats.nba.com/media/img/league/nba-headshot-fallback.png"
"846",2025,"2024-25","NBA","Regular Season",2025-04-11,22401174,81,"Boston Celtics",1610612738,FALSE,FALSE,FALSE,"H","BOS vs. CHA","BOS",1,1,"CHA","BOS","CHA","W","Baylor Scheierman",30,1,1,1631248,TRUE,2,3,0.667,1,2,0.5,NA,TRUE,1,1,1,10,0,0,1,2,3,2,1,0,0,2,5,16,14.6,"https://stats.nba.com/media/img/teams/logos/season/2024-25/BOS_logo.svg","https://stats.nba.com/player/1631248","https://ak-static.cms.nba.com/wp-content/uploads/headshots/nba/latest/260x190/1631248.png","https://ak-static.cms.nba.com/wp-content/uploads/headshots/nba/latest/260x190/1631248.png","https://stats.nba.com/media/players/700/1631248.png","https://stats.nba.com/media/img/league/nba-headshot-fallback.png"
"847",2025,"2024-25","NBA","Regular Season",2025-04-11,22401174,81,"Boston Celtics",1610612738,FALSE,FALSE,FALSE,"H","BOS vs. CHA","BOS",1,1,"CHA","BOS","CHA","W","Jordan Walsh",51,1,1,1641775,TRUE,0,1,0,0,1,0,NA,TRUE,0,0,0,2,0,0,0,0,0,0,0,0,0,0,0,4,0,"https://stats.nba.com/media/img/teams/logos/season/2024-25/BOS_logo.svg","https://stats.nba.com/player/1641775","https://ak-static.cms.nba.com/wp-content/uploads/headshots/nba/latest/260x190/1641775.png","https://ak-static.cms.nba.com/wp-content/uploads/headshots/nba/latest/260x190/1641775.png","https://stats.nba.com/media/players/700/1641775.png","https://stats.nba.com/media/img/league/nba-headshot-fallback.png"
"848",2025,"2024-25","NBA","Regular Season",2025-04-11,22401174,81,"Boston Celtics",1610612738,FALSE,FALSE,FALSE,"H","BOS vs. CHA","BOS",1,1,"CHA","BOS","CHA","W","Jayson Tatum",72,2,NA,1628369,TRUE,6,17,0.353,3,10,0.3,1,TRUE,3,7,0.428571428571429,32,1,1,1,7,8,8,0,0,0,4,16,23,37.6,"https://stats.nba.com/media/img/teams/logos/season/2024-25/BOS_logo.svg","https://stats.nba.com/player/1628369","https://ak-static.cms.nba.com/wp-content/uploads/headshots/nba/latest/260x190/1628369.png","https://ak-static.cms.nba.com/wp-content/uploads/headshots/nba/latest/260x190/1628369.png","https://stats.nba.com/media/players/700/1628369.png","https://ak-static.cms.nba.com/wp-content/uploads/headshots/nba/latest/260x190/1628369.png"
"849",2025,"2024-25","NBA","Regular Season",2025-04-11,22401174,81,"Boston Celtics",1610612738,FALSE,FALSE,FALSE,"H","BOS vs. CHA","BOS",1,1,"CHA","BOS","CHA","W","Payton Pritchard",79,1,1,1630202,TRUE,9,11,0.818,4,5,0.8,NA,TRUE,5,6,0.833333333333333,22,0,0,0,3,3,3,1,0,2,0,22,16,31.1,"https://stats.nba.com/media/img/teams/logos/season/2024-25/BOS_logo.svg","https://stats.nba.com/player/1630202","https://ak-static.cms.nba.com/wp-content/uploads/headshots/nba/latest/260x190/1630202.png","https://ak-static.cms.nba.com/wp-content/uploads/headshots/nba/latest/260x190/1630202.png","https://stats.nba.com/media/players/700/1630202.png","https://stats.nba.com/media/img/league/nba-headshot-fallback.png"
"850",2025,"2024-25","NBA","Regular Season",2025-04-11,22401174,81,"Boston Celtics",1610612738,FALSE,FALSE,FALSE,"H","BOS vs. CHA","BOS",1,1,"CHA","BOS","CHA","W","Al Horford",60,4,NA,201143,TRUE,5,10,0.5,3,6,0.5,NA,TRUE,2,4,0.5,28,0,0,1,10,11,0,1,1,2,1,13,10,30.2,"https://stats.nba.com/media/img/teams/logos/season/2024-25/BOS_logo.svg","https://stats.nba.com/player/201143","https://stats.nba.com/media/players/230x185/201143.png","https://ak-static.cms.nba.com/wp-content/uploads/headshots/nba/latest/260x190/201143.png","https://stats.nba.com/media/players/700/201143.png","https://ak-static.cms.nba.com/wp-content/uploads/headshots/nba/latest/260x190/201143.png"
"851",2025,"2024-25","NBA","Regular Season",2025-04-11,22401174,81,"Boston Celtics",1610612738,FALSE,FALSE,FALSE,"H","BOS vs. CHA","BOS",1,1,"CHA","BOS","CHA","W","Luke Kornet",72,1,1,1628436,TRUE,3,5,0.6,0,0,0,0.5,TRUE,3,5,0.6,18,2,4,2,2,4,2,0,0,0,1,8,19,15.8,"https://stats.nba.com/media/img/teams/logos/season/2024-25/BOS_logo.svg","https://stats.nba.com/player/1628436","https://ak-static.cms.nba.com/wp-content/uploads/headshots/nba/latest/260x190/1628436.png","https://ak-static.cms.nba.com/wp-content/uploads/headshots/nba/latest/260x190/1628436.png","https://stats.nba.com/media/players/700/1628436.png","https://ak-static.cms.nba.com/wp-content/uploads/headshots/nba/latest/260x190/1628436.png"
"852",2025,"2024-25","NBA","Regular Season",2025-04-11,22401174,81,"Boston Celtics",1610612738,FALSE,FALSE,FALSE,"H","BOS vs. CHA","BOS",1,1,"CHA","BOS","CHA","W","Drew Peterson",24,1,1,1641809,TRUE,1,1,1,1,1,1,NA,TRUE,0,0,0,2,0,0,0,2,2,0,0,0,0,0,3,4,5.4,"https://stats.nba.com/media/img/teams/logos/season/2024-25/BOS_logo.svg","https://stats.nba.com/player/1641809","https://ak-static.cms.nba.com/wp-content/uploads/headshots/nba/latest/260x190/1641809.png","https://ak-static.cms.nba.com/wp-content/uploads/headshots/nba/latest/260x190/1641809.png","https://stats.nba.com/media/players/700/1641809.png","https://stats.nba.com/media/img/league/nba-headshot-fallback.png"
"853",2025,"2024-25","NBA","Regular Season",2025-04-11,22401174,81,"Boston Celtics",1610612738,FALSE,FALSE,FALSE,"H","BOS vs. CHA","BOS",1,1,"CHA","BOS","CHA","W","Jrue Holiday",62,2,NA,201950,TRUE,1,6,0.167,0,2,0,NA,TRUE,1,4,0.25,26,0,0,1,1,2,4,1,0,1,0,2,17,12.4,"https://stats.nba.com/media/img/teams/logos/season/2024-25/BOS_logo.svg","https://stats.nba.com/player/201950","https://stats.nba.com/media/players/230x185/201950.png","https://ak-static.cms.nba.com/wp-content/uploads/headshots/nba/latest/260x190/201950.png","https://stats.nba.com/media/players/700/201950.png","https://ak-static.cms.nba.com/wp-content/uploads/headshots/nba/latest/260x190/201950.png"
"854",2025,"2024-25","NBA","Regular Season",2025-04-11,22401174,81,"Boston Celtics",1610612738,FALSE,FALSE,FALSE,"H","BOS vs. CHA","BOS",1,1,"CHA","BOS","CHA","W","Derrick White",76,2,NA,1628401,TRUE,8,12,0.667,3,7,0.428571428571429,NA,TRUE,5,5,1,34,0,0,1,2,3,7,1,4,3,0,19,15,45.1,"https://stats.nba.com/media/img/teams/logos/season/2024-25/BOS_logo.svg","https://stats.nba.com/player/1628401","https://ak-static.cms.nba.com/wp-content/uploads/headshots/nba/latest/260x190/1628401.png","https://ak-static.cms.nba.com/wp-content/uploads/headshots/nba/latest/260x190/1628401.png","https://stats.nba.com/media/players/700/1628401.png","https://ak-static.cms.nba.com/wp-content/uploads/headshots/nba/latest/260x190/1628401.png"
"855",2025,"2024-25","NBA","Regular Season",2025-04-13,22401187,82,"Boston Celtics",1610612738,FALSE,FALSE,FALSE,"H","BOS vs. CHA","BOS",1,120,"CHA","BOS","CHA","W","Luke Kornet",73,1,NA,1628436,TRUE,5,9,0.556,0,1,0,0.5,TRUE,5,8,0.625,30,1,2,4,4,8,2,1,4,0,2,11,1,38.6,"https://stats.nba.com/media/img/teams/logos/season/2024-25/BOS_logo.svg","https://stats.nba.com/player/1628436","https://ak-static.cms.nba.com/wp-content/uploads/headshots/nba/latest/260x190/1628436.png","https://ak-static.cms.nba.com/wp-content/uploads/headshots/nba/latest/260x190/1628436.png","https://stats.nba.com/media/players/700/1628436.png","https://ak-static.cms.nba.com/wp-content/uploads/headshots/nba/latest/260x190/1628436.png"
"856",2025,"2024-25","NBA","Regular Season",2025-04-13,22401187,82,"Boston Celtics",1610612738,FALSE,FALSE,FALSE,"H","BOS vs. CHA","BOS",1,120,"CHA","BOS","CHA","W","Payton Pritchard",80,1,NA,1630202,TRUE,14,25,0.56,4,12,0.333333333333333,1,TRUE,10,13,0.769230769230769,39,2,2,3,4,7,7,1,0,4,0,34,8,51.9,"https://stats.nba.com/media/img/teams/logos/season/2024-25/BOS_logo.svg","https://stats.nba.com/player/1630202","https://ak-static.cms.nba.com/wp-content/uploads/headshots/nba/latest/260x190/1630202.png","https://ak-static.cms.nba.com/wp-content/uploads/headshots/nba/latest/260x190/1630202.png","https://stats.nba.com/media/players/700/1630202.png","https://stats.nba.com/media/img/league/nba-headshot-fallback.png"
"857",2025,"2024-25","NBA","Regular Season",2025-04-13,22401187,82,"Boston Celtics",1610612738,FALSE,FALSE,FALSE,"H","BOS vs. CHA","BOS",1,120,"CHA","BOS","CHA","W","Sam Hauser",71,1,NA,1630573,TRUE,4,9,0.444,4,7,0.571428571428571,1,TRUE,0,2,0,29,3,3,0,2,2,1,0,0,0,0,15,2,18.9,"https://stats.nba.com/media/img/teams/logos/season/2024-25/BOS_logo.svg","https://stats.nba.com/player/1630573","https://ak-static.cms.nba.com/wp-content/uploads/headshots/nba/latest/260x190/1630573.png","https://ak-static.cms.nba.com/wp-content/uploads/headshots/nba/latest/260x190/1630573.png","https://stats.nba.com/media/players/700/1630573.png","https://stats.nba.com/media/img/league/nba-headshot-fallback.png"
"858",2025,"2024-25","NBA","Regular Season",2025-04-13,22401187,82,"Boston Celtics",1610612738,FALSE,FALSE,FALSE,"H","BOS vs. CHA","BOS",1,120,"CHA","BOS","CHA","W","Baylor Scheierman",31,1,NA,1631248,TRUE,2,14,0.143,2,10,0.2,0.5,TRUE,0,4,0,36,1,2,2,5,7,2,3,0,1,1,7,10,26.4,"https://stats.nba.com/media/img/teams/logos/season/2024-25/BOS_logo.svg","https://stats.nba.com/player/1631248","https://ak-static.cms.nba.com/wp-content/uploads/headshots/nba/latest/260x190/1631248.png","https://ak-static.cms.nba.com/wp-content/uploads/headshots/nba/latest/260x190/1631248.png","https://stats.nba.com/media/players/700/1631248.png","https://stats.nba.com/media/img/league/nba-headshot-fallback.png"
"859",2025,"2024-25","NBA","Regular Season",2025-04-13,22401187,82,"Boston Celtics",1610612738,FALSE,FALSE,FALSE,"H","BOS vs. CHA","BOS",1,120,"CHA","BOS","CHA","W","Torrey Craig",26,1,NA,1628470,TRUE,0,3,0,0,2,0,NA,TRUE,0,1,0,19,0,0,0,3,3,1,1,0,2,2,0,3,6.1,"https://stats.nba.com/media/img/teams/logos/season/2024-25/BOS_logo.svg","https://stats.nba.com/player/1628470","https://ak-static.cms.nba.com/wp-content/uploads/headshots/nba/latest/260x190/1628470.png","https://ak-static.cms.nba.com/wp-content/uploads/headshots/nba/latest/260x190/1628470.png","https://stats.nba.com/media/players/700/1628470.png","https://ak-static.cms.nba.com/wp-content/uploads/headshots/nba/latest/260x190/1628470.png"
"860",2025,"2024-25","NBA","Regular Season",2025-04-13,22401187,82,"Boston Celtics",1610612738,FALSE,FALSE,FALSE,"H","BOS vs. CHA","BOS",1,120,"CHA","BOS","CHA","W","JD Davison",16,1,NA,1631120,TRUE,4,11,0.364,1,3,0.333333333333333,NA,TRUE,3,8,0.375,17,0,0,0,1,1,4,2,0,2,1,9,7,20.2,"https://stats.nba.com/media/img/teams/logos/season/2024-25/BOS_logo.svg","https://stats.nba.com/player/1631120","https://ak-static.cms.nba.com/wp-content/uploads/headshots/nba/latest/260x190/1631120.png","https://ak-static.cms.nba.com/wp-content/uploads/headshots/nba/latest/260x190/1631120.png","https://stats.nba.com/media/players/700/1631120.png","https://stats.nba.com/media/img/league/nba-headshot-fallback.png"
"861",2025,"2024-25","NBA","Regular Season",2025-04-13,22401187,82,"Boston Celtics",1610612738,FALSE,FALSE,FALSE,"H","BOS vs. CHA","BOS",1,120,"CHA","BOS","CHA","W","Neemias Queta",62,1,NA,1629674,TRUE,1,5,0.2,0,0,0,NA,TRUE,1,5,0.2,26,0,0,2,4,6,4,2,0,0,3,2,11,21.2,"https://stats.nba.com/media/img/teams/logos/season/2024-25/BOS_logo.svg","https://stats.nba.com/player/1629674","https://ak-static.cms.nba.com/wp-content/uploads/headshots/nba/latest/260x190/1629674.png","https://ak-static.cms.nba.com/wp-content/uploads/headshots/nba/latest/260x190/1629674.png","https://stats.nba.com/media/players/700/1629674.png","https://stats.nba.com/media/img/league/nba-headshot-fallback.png"
"862",2025,"2024-25","NBA","Regular Season",2025-04-13,22401187,82,"Boston Celtics",1610612738,FALSE,FALSE,FALSE,"H","BOS vs. CHA","BOS",1,120,"CHA","BOS","CHA","W","Jordan Walsh",52,1,NA,1641775,TRUE,4,7,0.571,2,4,0.5,NA,TRUE,2,3,0.666666666666667,21,0,0,2,6,8,1,2,1,3,2,10,-1,27.1,"https://stats.nba.com/media/img/teams/logos/season/2024-25/BOS_logo.svg","https://stats.nba.com/player/1641775","https://ak-static.cms.nba.com/wp-content/uploads/headshots/nba/latest/260x190/1641775.png","https://ak-static.cms.nba.com/wp-content/uploads/headshots/nba/latest/260x190/1641775.png","https://stats.nba.com/media/players/700/1641775.png","https://stats.nba.com/media/img/league/nba-headshot-fallback.png"
"863",2025,"2024-25","NBA","Regular Season",2025-04-13,22401187,82,"Boston Celtics",1610612738,FALSE,FALSE,FALSE,"H","BOS vs. CHA","BOS",1,120,"CHA","BOS","CHA","W","Miles Norris",3,3,NA,1641936,TRUE,0,3,0,0,3,0,0.5,TRUE,0,0,0,12,1,2,0,4,4,0,0,1,0,0,1,-3,8.8,"https://stats.nba.com/media/img/teams/logos/season/2024-25/BOS_logo.svg","https://stats.nba.com/player/1641936","https://ak-static.cms.nba.com/wp-content/uploads/headshots/nba/latest/260x190/1641936.png","https://ak-static.cms.nba.com/wp-content/uploads/headshots/nba/latest/260x190/1641936.png","https://stats.nba.com/media/players/700/1641936.png","https://stats.nba.com/media/img/league/nba-headshot-fallback.png"
"864",2025,"2024-25","NBA","Regular Season",2025-04-13,22401187,82,"Boston Celtics",1610612738,FALSE,FALSE,FALSE,"H","BOS vs. CHA","BOS",1,120,"CHA","BOS","CHA","W","Drew Peterson",25,1,NA,1641809,TRUE,1,4,0.25,1,3,0.333333333333333,0.5,TRUE,0,1,0,12,1,2,2,1,3,0,0,0,1,3,4,-3,6.6,"https://stats.nba.com/media/img/teams/logos/season/2024-25/BOS_logo.svg","https://stats.nba.com/player/1641809","https://ak-static.cms.nba.com/wp-content/uploads/headshots/nba/latest/260x190/1641809.png","https://ak-static.cms.nba.com/wp-content/uploads/headshots/nba/latest/260x190/1641809.png","https://stats.nba.com/media/players/700/1641809.png","https://stats.nba.com/media/img/league/nba-headshot-fallback.png"
